facility_id,names,years,first_year,last_year,emitters
APU01 PYRENEES AOA FACILITY,APU01 Pyrenees - AOA Facility,9,2016,2024,BHP BILLITON PETROLEUM PTY LTD; BHP PETROLEUM PTY LTD; WOODSIDE ENERGY GLOBAL PTY LTD
ARC01 MINING AREA C MNG FACILITY,ARC01 Mining Area C - MNG Facility,9,2016,2024,BHP BILLITON IRON ORE PTY. LTD.; BHP IRON ORE PTY LTD
ATCO GAS AUSTRALIA PTY LTD,ATCO Gas Australia Pty Ltd,6,2016,2021,ATCO GAS AUSTRALIA GP PTY LTD; ATCO Gas Australia GP Pty Ltd
AURIZON RAIL FREIGHT WA,Aurizon Rail Freight WA,2,2020,2021,AURIZON OPERATIONS LIMITED
AWR RAIL FREIGHT WA,AWR Rail Freight WA,4,2016,2019,AUSTRALIA WESTERN RAILROAD PTY LTD
BEHARRA SPRINGS,Beharra Springs,3,2022,2024,BEACH ENERGY (OPERATIONS) LIMITED; BEACH ENERGY LIMITED
BODDINGTON MINE,Boddington Mine,2,2016,2017,NEWMONT BODDINGTON PTY LTD
BROCKMAN 2 NAMMULDI MINES,Brockman 2 / Nammuldi Mines,9,2016,2024,HAMERSLEY IRON PTY. LIMITED; Hamersley Iron Pty. Limited
BROCKMAN 4 MINE,Brockman 4 Mine,9,2016,2024,HAMERSLEY IRON PTY. LIMITED; Hamersley Iron Pty. Limited
CAROSUE DAM,Carosue Dam,1,2020,2020,NORTHERN STAR (CAROSUE DAM) PTY LTD
CAROSUE DAM OPERATIONS,Carosue Dam Operations,4,2021,2024,NORTHERN STAR (CAROSUE DAM) PTY LTD
CHANDALA PROCESSING PLANT,Chandala Processing Plant,9,2016,2024,TIWEST PTY LTD; TRONOX MANAGEMENT PTY LTD; Tronox Management Pty Ltd
CHRISTMAS CREEK MINE,Christmas Creek Mine,9,2016,2024,CHICHESTER METALS PTY LTD
CLOUDBREAK MINE,Cloudbreak Mine,9,2016,2024,CHICHESTER METALS PTY LTD
COCKBURN OPERATIONS,Cockburn Operations,9,2016,2024,ADBRI LIMITED; ADELAIDE BRIGHTON LIMITED; ADELAIDE BRIGHTON LTD.; Adelaide Brighton Ltd.
CSBP KWINANA FACILITY,CSBP Kwinana Facility,9,2016,2024,CSBP LIMITED; CSBP Limited
CTC WA FACILITY,CTC WA Facility,5,2020,2024,CENTURION TRANSPORT CO. PTY LTD
DBNGP,DBNGP,9,2016,2024,DBNGP (WA) TRANSMISSION PTY LIMITED; DBNGP (WA) Transmission Pty Limited
DONGARA OPERATIONS,Dongara Operations,6,2018,2024,ADBRI LIMITED; ADELAIDE BRIGHTON LTD.
DUKETON SOUTH OPERATIONS,Duketon South Operations,5,2020,2024,REGIS RESOURCES LIMITED; Regis Resources Limited
EASTERN RIDGE MINE,Eastern Ridge Mine,3,2016,2018,BHP BILLITON IRON ORE PTY. LTD.
ELIWANA MINE,Eliwana Mine,4,2021,2024,FMG SOLOMON PTY LTD
ENFIELD PROJECT VENTURE,Enfield Project Venture,2,2016,2017,WOODSIDE ENERGY LTD.; Woodside Energy Ltd.
FACILITY WA CTC,Facility WA CTC,2,2018,2019,CENTURION TRANSPORT CO. PTY LTD
FIMISTON,Fimiston,4,2016,2020,KALGOORLIE CONSOLIDATED GOLD MINES PTY LTD
FIMISTON OPERATIONS,Fimiston Operations,4,2021,2024,KALGOORLIE CONSOLIDATED GOLD MINES PTY LTD
FLNG,FLNG,7,2018,2024,SHELL AUSTRALIA PTY LTD
FORTESCUE RAIL,Fortescue Rail,3,2016,2019,THE PILBARA INFRASTRUCTURE PTY LTD
GOLDFIELDS GAS TRANSMISSION PIPELINE,Goldfields Gas Transmission Pipeline,6,2019,2024,GOLDFIELDS GAS TRANSMISSION PTY LTD; Goldfields Gas Transmission Pty Ltd
GORGON OPERATIONS,Gorgon Operations,9,2016,2024,CHEVRON AUSTRALIA PTY LTD
GRANNY SMITH MINE SITE,Granny Smith Mine Site,7,2018,2024,GSM MINING COMPANY PTY LTD
GREENBUSHES LITHIUM OPERATION,Greenbushes Lithium Operation,2,2023,2024,Talison Lithium Australia Pty Ltd
GRUYERE GOLD MINE,Gruyere Gold Mine,1,2019,2019,GRUYERE MINING COMPANY PTY LTD
GRUYERE MINE SITE,Gruyere Mine Site,5,2020,2024,GRUYERE MINING COMPANY PTY LTD; Gruyere Mining Company Pty Ltd
GUDAI DARRI MINE,Gudai-Darri Mine,2,2022,2023,MOUNT BRUCE MINING PTY LTD; Mount Bruce Mining Pty Ltd
HOPE DOWNS 1 MINE,Hope Downs 1 Mine,9,2016,2024,HAMERSLEY HMS PTY LTD; Hamersley HMS Pty Ltd
HOPE DOWNS 4 MINE,Hope Downs 4 Mine,6,2019,2024,HAMERSLEY HMS PTY LTD; Hamersley HMS Pty Ltd
HUNTLY MINE,Huntly Mine,1,2020,2020,ALCOA OF AUSTRALIA LIMITED
IRON BRIDGE MINE,Iron Bridge Mine,2,2023,2024,IB Operations Pty Ltd
JIMBLEBAR MINE,Jimblebar Mine,9,2016,2024,BHP BILLITON IRON ORE PTY. LTD.; BHP IRON ORE PTY LTD
JUNDEE GOLD MINE,Jundee Gold Mine,9,2016,2024,NORTHERN STAR RESOURCES LIMITED; NORTHERN STAR RESOURCES LTD; Northern Star Resources Ltd
KARLAWINDA GOLD PROJECT,Karlawinda Gold Project,1,2024,2024,Capricorn Metals Limited
KEMERTON SILICON SMELTER,Kemerton Silicon Smelter,8,2016,2024,SIMCOA OPERATIONS PTY. LTD.
KING OF THE HILLS,King of the Hills,3,2022,2024,GREENSTONE RESOURCES (WA) PTY LTD
KOODAIDERI MINE,Koodaideri Mine,1,2024,2024,Mount Bruce Mining Pty Ltd
KOOLYANOBBING IRON ORE OPERATIONS,Koolyanobbing Iron Ore Operations,3,2020,2023,YILGARN IRON PTY LTD; Yilgarn Iron Pty Ltd
KOOLYANOBBING WINDARLING OPERATIONS,Koolyanobbing/Windarling Operations,1,2016,2016,Cliffs Natural Resources Holdings Pty Ltd
KWINANA ALUMINA REFINERY,Kwinana Alumina Refinery,9,2016,2024,ALCOA OF AUSTRALIA LIMITED; Alcoa of Australia Limited
KWINANA PIGMENT PLANT,Kwinana Pigment Plant,9,2016,2024,TRONOX MANAGEMENT PTY LTD; Tronox Management Pty Ltd
KWINANA REFINERY,Kwinana Refinery,5,2016,2020,BP REFINERY (KWINANA) PROPRIETARY LIMITED
LEINSTER POWER STATION,Leinster Power Station,9,2016,2024,TEC DESERT PTY LTD
MACEDON,Macedon,1,2024,2024,WOODSIDE ENERGY GLOBAL PTY LTD
MARANDOO MINE,Marandoo Mine,9,2016,2024,HAMERSLEY IRON PTY. LIMITED; Hamersley Iron Pty. Limited
MESA A MINE,Mesa A Mine,4,2020,2023,ROBE RIVER MINING CO. PTY. LTD.; Robe River Mining Co. Pty. Ltd.
MESA J K MINE,Mesa J / K Mine,1,2023,2023,Robe River Mining Co. Pty. Ltd.
MT KEITH POWER STATION,Mt Keith Power Station,9,2016,2024,TEC DESERT PTY LTD
MT MARION LITHIUM PROJECT,Mt Marion Lithium Project,2,2022,2023,MT MARION LITHIUM PTY LTD; REED INDUSTRIAL MINERALS PTY LTD
MT MORGANS GOLD PROJECT,Mt Morgans Gold Project,2,2018,2019,MT MORGANS WA MINING PTY LTD
MURRIN MURRIN OPERATIONS,Murrin Murrin Operations,9,2016,2024,MURRIN MURRIN OPERATIONS PTY LTD
MWB01 MT WHALEBACK MINE MNG FACILITY,MWB01 Mt Whaleback Mine - MNG Facility,3,2016,2018,BHP BILLITON IRON ORE PTY. LTD.
NEWMAN OPERATIONS,Newman Operations,6,2019,2024,BHP IRON ORE PTY LTD
NEWMAN POWER STATION,Newman Power Station,9,2016,2024,ALINTA ENERGY TRANSMISSION (ROY HILL) PTY LTD; APA TRANSMISSION (ROY HILL) PTY LTD
NEWMONT BODDINGTON GOLD OPERATION,Newmont Boddington Gold Operation,6,2019,2024,NEWMONT BODDINGTON PTY LTD; Newmont Boddington Pty Ltd
NEWMONT GOLDCORP BODDINGTON OPERATION,Newmont Goldcorp Boddington Operation,1,2018,2018,NEWMONT BODDINGTON PTY LTD
NINGALOO VISION FPSO,Ningaloo Vision FPSO,8,2016,2024,QUADRANT ENERGY AUSTRALIA LIMITED; Quadrant Energy Australia Limited; SANTOS LIMITED; Santos Limited
NKS01 NICKEL WEST KALGOORLIE FACILITY,NKS01 Nickel West Kalgoorlie Facility,9,2016,2024,BHP BILLITON NICKEL WEST PTY LTD; BHP NICKEL WEST PTY LTD
NKW01 NICKEL WEST KWINANA FACILITY,NKW01 Nickel West Kwinana Facility,9,2016,2024,BHP BILLITON NICKEL WEST PTY LTD; BHP NICKEL WEST PTY LTD
NMK01 NICKEL WEST MT KEITH FACILITY,NMK01 Nickel West Mt Keith Facility,6,2019,2024,BHP BILLITON NICKEL WEST PTY LTD; BHP NICKEL WEST PTY LTD
NORTH WEST SHELF PROJECT,North West Shelf Project,9,2016,2024,WOODSIDE ENERGY LTD.; Woodside Energy Ltd.
ONSLOW HAUL ROAD,Onslow Haul Road,1,2024,2024,ONSLOW INFRACO PTY LTD
PARABURDOO MINE,Paraburdoo Mine,9,2016,2024,HAMERSLEY IRON PTY. LIMITED; Hamersley Iron Pty. Limited
PILBARA RAIL OPERATIONS,Pilbara Rail Operations,9,2016,2024,PILBARA IRON PTY LTD
PILGANGOORA OPERATIONS,Pilgangoora Operations,3,2022,2024,PILBARA MINERALS LIMITED; PLS GROUP LIMITED; Pilbara Minerals Limited
PINJARRA ALUMINA REFINERY,Pinjarra Alumina Refinery,9,2016,2024,ALCOA OF AUSTRALIA LIMITED; Alcoa of Australia Limited
PLUTO LNG,Pluto LNG,9,2016,2024,WOODSIDE BURRUP PTY. LTD.; Woodside Burrup Pty. Ltd.
PRELUDE FLOATING LIQUIFIED NATURAL GAS,Prelude Floating Liquified Natural Gas,1,2017,2017,SHELL AUSTRALIA PTY LTD
PREMIER COAL MINE OPEN CUT,Premier Coal Mine (Open Cut),3,2022,2024,PREMIER COAL LTD; Premier Coal Pty Ltd
PRL03 RAIL IOR FACILITY,PRL03 Rail - IOR Facility,9,2016,2024,BHP BILLITON IRON ORE PTY. LTD.; BHP IRON ORE PTY LTD
RAIL,Rail,6,2018,2024,THE PILBARA INFRASTRUCTURE PTY LTD
RAVENSTHORPE NICKEL OPERATION,Ravensthorpe Nickel Operation,6,2016,2024,FQM AUSTRALIA NICKEL PTY LTD; FQM Australia Nickel Pty Ltd
RMS PORT HEDLAND,RMS PORT HEDLAND,1,2017,2017,RIVET MINING SERVICES PTY LTD
ROY HILL MINE,Roy Hill Mine,9,2016,2024,ROY HILL HOLDINGS PTY LTD; Roy Hill Holdings Pty Ltd
SINO IRON PROJECT CAPE PRESTON,Sino Iron Project - Cape Preston; Sino Iron Project – Cape Preston,9,2016,2024,CITIC PACIFIC MINING MANAGEMENT PTY LTD; CITIC Pacific Mining Management Pty Ltd
SOLOMON MINE,Solomon Mine,9,2016,2024,FMG SOLOMON PTY LTD
SOLOMON POWER STATION,Solomon Power Station,9,2016,2024,FMG SOLOMON PTY LTD; TEC PIPE PTY LTD
SOUTH WEST SYNTHETIC RUTILE OPERATIONS,South West Synthetic Rutile Operations,9,2016,2024,ILUKA RESOURCES LIMITED; Iluka Resources Limited
ST IVES GOLD MINE,St Ives Gold Mine,1,2016,2016,ST IVES GOLD MINING COMPANY PTY LIMITED
SUNRISE DAM,Sunrise Dam,9,2016,2024,ANGLOGOLD ASHANTI AUSTRALIA LIMITED; AngloGold Ashanti Australia Limited
TELFER GOLD MINE,Telfer Gold Mine,9,2016,2024,GREATLAND HOLDINGS GROUP PTY LTD; NEWCREST MINING LIMITED; Newcrest Mining Limited
THUNDERBOX OPERATIONS,Thunderbox Operations,4,2021,2024,NORTHERN STAR (THUNDERBOX) PTY LTD
TOM PRICE MINE WTS,Tom Price Mine / WTS,9,2016,2024,HAMERSLEY IRON PTY. LIMITED; Hamersley Iron Pty. Limited
TROPICANA GOLD MINE,Tropicana Gold Mine,9,2016,2024,ANGLOGOLD ASHANTI AUSTRALIA LIMITED; AngloGold Ashanti Australia Limited
VARANUS HUB,Varanus Hub,9,2016,2024,QUADRANT ENERGY AUSTRALIA LIMITED; Quadrant Energy Australia Limited; SANTOS LIMITED; Santos Limited
VINCENT PROJECT VENTURE,Vincent Project Venture,8,2016,2024,WOODSIDE ENERGY LTD.; Woodside Energy Ltd.
WA TRANSPORT FACILITY,WA Transport facility,1,2024,2024,MGM BULK PTY LTD
WAGERUP ALUMINA REFINERY,Wagerup Alumina Refinery,9,2016,2024,ALCOA OF AUSTRALIA LIMITED; Alcoa of Australia Limited
WEST ANGELAS MINE,West Angelas Mine,9,2016,2024,ROBE RIVER MINING CO. PTY. LTD.; Robe River Mining Co. Pty. Ltd.
WEST PILBARA IRON ORE PROJECT,West Pilbara Iron Ore Project,1,2024,2024,ONSLOW IRON PTY LTD
WESTERN AUSTRALIA,Western Australia,4,2020,2023,ALLIANCE AVIATION SERVICES LIMITED; Alliance Aviation Services Limited
WHEATSTONE OPERATIONS,Wheatstone Operations,8,2017,2024,CHEVRON AUSTRALIA PTY LTD
WHEATSTONE PROJECT LNG PLANT AND ASSOCIATED FACILITIES,Wheatstone Project LNG Plant and Associated Facilities,3,2016,2018,BECHTEL (WESTERN AUSTRALIA) PTY LTD; Bechtel (Western Australia) Pty Ltd
WODGINA LITHIUM PROJECT,Wodgina Lithium Project,1,2024,2024,MARBL Lithium Operations Pty Ltd
WODGINA OPERATIONS,Wodgina Operations,2,2022,2023,MARBL LITHIUM OPERATIONS PTY LTD; MARBL Lithium Operations Pty Ltd
WOR01,WOR01,4,2021,2024,SOUTH32 WORSLEY ALUMINA PTY LTD; South32 Worsley Alumina Pty Ltd
WOR01 WORSLEY ALUMINA REFINERY MINE,WOR01 Worsley Alumina Refinery/Mine,5,2016,2020,BHP BILLITON WORSLEY ALUMINA PTY LTD; SOUTH32 WORSLEY ALUMINA PTY LTD; South32 Worsley Alumina Pty Ltd
YAN01 YANDI MARILLANA CREEK MINE MNG FACILITY,YAN01 Yandi/Marillana Creek Mine - MNG Facility,9,2016,2024,BHP BILLITON IRON ORE PTY. LTD.; BHP IRON ORE PTY LTD
YANDICOOGINA MINE,Yandicoogina Mine,9,2016,2024,HAMERSLEY IRON - YANDI PTY LIMITED; Hamersley Iron - Yandi Pty Limited
YARA PILBARA,Yara Pilbara,1,2016,2016,Yara Pilbara Fertilisers Pty Ltd
YARNIMA POWER STATION,Yarnima Power Station,9,2016,2024,BHP BILLITON IRON ORE PTY. LTD.; BHP IRON ORE PTY LTD
YPF AMMONIA PLANT,YPF AMMONIA PLANT,8,2017,2024,YARA PILBARA FERTILISERS PTY LTD; Yara Pilbara Fertilisers Pty Ltd
