year,regime,facility,parent,sector,covered_t,baseline_t,headroom_t,accus_surrendered,smcs_surrendered,smcs_issued,above_baseline
2016,original,North West Shelf Project,Woodside,LNG / oil and gas,7657741.0,,,0.0,0.0,0.0,False
2016,original,APU01 Pyrenees - AOA Facility,BHP,LNG / oil and gas,592482.0,,,0.0,0.0,0.0,False
2016,original,Fortescue Rail,Other,Other,193041.0,,,0.0,0.0,0.0,False
2016,original,Eastern Ridge Mine,BHP,Other,101632.0,,,0.0,0.0,0.0,False
2016,original,Gorgon Operations,Chevron,LNG / oil and gas,7721771.0,8338429.0,616658.0,0.0,0.0,0.0,False
2016,original,WOR01 Worsley Alumina Refinery/Mine,South32,Other,3661338.0,3722742.0,61404.0,0.0,0.0,0.0,False
2016,original,Pluto LNG,Woodside,LNG / oil and gas,1967704.0,2385534.0,417830.0,0.0,0.0,0.0,False
2016,original,Cockburn Operations,Other,Other manufacturing,1093801.0,1839661.0,745860.0,0.0,0.0,0.0,False
2016,original,Yara Pilbara,Yara,Other,1388085.0,1623773.0,235688.0,0.0,0.0,0.0,False
2016,original,Pinjarra Alumina Refinery,Alcoa,Alumina and metals,1470959.0,1550868.0,79909.0,0.0,0.0,0.0,False
2016,original,Wagerup Alumina Refinery,Alcoa,Alumina and metals,1433823.0,1481761.0,47938.0,0.0,0.0,0.0,False
2016,original,CSBP Kwinana Facility,Other,Other manufacturing,615658.0,1319204.0,703546.0,0.0,0.0,0.0,False
2016,original,Kwinana Alumina Refinery,Alcoa,Alumina and metals,1282994.0,1309104.0,26110.0,0.0,0.0,0.0,False
2016,original,Sino Iron Project - Cape Preston,CITIC,Metal ore mining,1051543.0,1293069.0,241526.0,0.0,0.0,0.0,False
2016,original,Kwinana Refinery,Other,Other,660542.0,739256.0,78714.0,0.0,0.0,0.0,False
2016,original,Pilbara Rail Operations,Rio Tinto,Transport,643938.0,705421.0,61483.0,0.0,0.0,0.0,False
2016,original,Telfer Gold Mine,Other,Metal ore mining,471889.0,632775.0,160886.0,0.0,0.0,0.0,False
2016,original,Varanus Hub,Other,LNG / oil and gas,262828.0,620263.0,357435.0,0.0,0.0,0.0,False
2016,original,Vincent Project Venture,Woodside,LNG / oil and gas,296976.0,598755.0,301779.0,0.0,0.0,0.0,False
2016,original,Murrin Murrin Operations,Other,Metal ore mining,502887.0,568485.0,65598.0,0.0,0.0,0.0,False
2016,original,Christmas Creek Mine,Fortescue,Metal ore mining,436482.0,556084.0,119602.0,0.0,0.0,0.0,False
2016,original,Ningaloo Vision FPSO,Other,LNG / oil and gas,275343.0,547856.0,272513.0,0.0,0.0,0.0,False
2016,original,PRL03 Rail - IOR Facility,BHP,Transport,510447.0,531328.0,20881.0,0.0,0.0,0.0,False
2016,original,Cloudbreak Mine,Fortescue,Metal ore mining,411362.0,503395.0,92033.0,0.0,0.0,0.0,False
2016,original,Roy Hill Mine,Other,Metal ore mining,193723.0,386581.0,192858.0,0.0,0.0,0.0,False
2016,original,Solomon Mine,Fortescue,Metal ore mining,324651.0,377697.0,53046.0,0.0,0.0,0.0,False
2016,original,Chandala Processing Plant,Other,Other manufacturing,234537.0,374904.0,140367.0,0.0,0.0,0.0,False
2016,original,Newman Power Station,Other,Electricity,159852.0,371903.0,212051.0,0.0,0.0,0.0,False
2016,original,DBNGP,Other,Transport,235918.0,360901.0,124983.0,0.0,0.0,0.0,False
2016,original,ARC01 Mining Area C - MNG Facility,BHP,Metal ore mining,307622.0,354064.0,46442.0,0.0,0.0,0.0,False
2016,original,Yarnima Power Station,BHP,Electricity,302918.0,333116.0,30198.0,0.0,0.0,0.0,False
2016,original,Kwinana Pigment Plant,Other,Other manufacturing,309154.0,324572.0,15418.0,0.0,0.0,0.0,False
2016,original,South West Synthetic Rutile Operations,Other,Metal ore mining,236844.0,323579.0,86735.0,0.0,0.0,0.0,False
2016,original,Brockman 2 / Nammuldi Mines,Rio Tinto,Metal ore mining,266172.0,316854.0,50682.0,0.0,0.0,0.0,False
2016,original,Enfield Project Venture,Woodside,Other,211235.0,309673.0,98438.0,0.0,0.0,0.0,False
2016,original,Tropicana Gold Mine,Other,Metal ore mining,239861.0,283693.0,43832.0,0.0,0.0,0.0,False
2016,original,MWB01 Mt Whaleback Mine - MNG Facility,BHP,Other,204194.0,253714.0,49520.0,0.0,0.0,0.0,False
2016,original,West Angelas Mine,Rio Tinto,Metal ore mining,237319.0,244656.0,7337.0,0.0,0.0,0.0,False
2016,original,Fimiston,Other,Other,226876.0,238394.0,11518.0,0.0,0.0,0.0,False
2016,original,Mt Keith Power Station,Other,Electricity,219180.0,233797.0,14617.0,0.0,0.0,0.0,False
2016,original,Wheatstone Project LNG Plant and Associated Facilities,Other,Other,169756.0,229260.0,59504.0,0.0,0.0,0.0,False
2016,original,Jimblebar Mine,BHP,Metal ore mining,216882.0,225310.0,8428.0,0.0,0.0,0.0,False
2016,original,AWR Rail Freight WA,Other,Other,169479.0,216451.0,46972.0,0.0,0.0,0.0,False
2016,original,Boddington Mine,Other,Other,207938.0,208038.0,100.0,0.0,0.0,0.0,False
2016,original,YAN01 Yandi/Marillana Creek Mine - MNG Facility,BHP,Metal ore mining,188419.0,195783.0,7364.0,0.0,0.0,0.0,False
2016,original,Tom Price Mine / WTS,Rio Tinto,Metal ore mining,160945.0,195096.0,34151.0,0.0,0.0,0.0,False
2016,original,Solomon Power Station,Other,Electricity,175216.0,183950.0,8734.0,0.0,0.0,0.0,False
2016,original,NKW01 Nickel West Kwinana Facility,BHP,Alumina and metals,162531.0,181233.0,18702.0,0.0,0.0,0.0,False
2016,original,Leinster Power Station,Other,Electricity,168384.0,173336.0,4952.0,0.0,0.0,0.0,False
2016,original,NKS01 Nickel West Kalgoorlie Facility,BHP,Alumina and metals,161689.0,166573.0,4884.0,0.0,0.0,0.0,False
2016,original,Marandoo Mine,Rio Tinto,Metal ore mining,138251.0,160856.0,22605.0,0.0,0.0,0.0,False
2016,original,ATCO Gas Australia Pty Ltd,Other,Other,165165.0,159142.0,-6023.0,6023.0,0.0,0.0,True
2016,original,Koolyanobbing/Windarling Operations,Other,Other,111149.0,155569.0,44420.0,0.0,0.0,0.0,False
2016,original,Sunrise Dam,Other,Metal ore mining,119170.0,146375.0,27205.0,0.0,0.0,0.0,False
2016,original,Hope Downs 1 Mine,Rio Tinto,Metal ore mining,147190.0,146322.0,-868.0,868.0,0.0,0.0,True
2016,original,Brockman 4 Mine,Rio Tinto,Metal ore mining,135344.0,144745.0,9401.0,0.0,0.0,0.0,False
2016,original,Ravensthorpe Nickel Operation,Other,Metal ore mining,110383.0,133096.0,22713.0,0.0,0.0,0.0,False
2016,original,Paraburdoo Mine,Rio Tinto,Metal ore mining,114947.0,131529.0,16582.0,0.0,0.0,0.0,False
2016,original,Yandicoogina Mine,Rio Tinto,Metal ore mining,134049.0,129106.0,-4943.0,4943.0,0.0,0.0,True
2016,original,Jundee Gold Mine,Other,Metal ore mining,101563.0,124432.0,22869.0,0.0,0.0,0.0,False
2016,original,Kemerton Silicon Smelter,Other,Alumina and metals,102987.0,103809.0,822.0,0.0,0.0,0.0,False
2016,original,St Ives Gold Mine,Other,Other,101590.0,100000.0,-1590.0,1590.0,0.0,0.0,True
2017,original,Gorgon Operations,Chevron,LNG / oil and gas,9022087.0,,,0.0,0.0,0.0,False
2017,original,North West Shelf Project,Woodside,LNG / oil and gas,7645451.0,,,0.0,0.0,0.0,False
2017,original,APU01 Pyrenees - AOA Facility,BHP,LNG / oil and gas,307156.0,,,0.0,0.0,0.0,False
2017,original,Wheatstone Project LNG Plant and Associated Facilities,Other,Other,284391.0,,,0.0,0.0,0.0,False
2017,original,Fortescue Rail,Other,Other,191407.0,,,0.0,0.0,0.0,False
2017,original,Eastern Ridge Mine,BHP,Other,90201.0,,,0.0,0.0,0.0,False
2017,original,Wheatstone Operations,Chevron,LNG / oil and gas,2924996.0,4093724.0,1168728.0,0.0,0.0,0.0,False
2017,original,WOR01 Worsley Alumina Refinery/Mine,BHP,Other,3581332.0,3722742.0,141410.0,0.0,0.0,0.0,False
2017,original,Prelude Floating Liquified Natural Gas,Shell,Other,253656.0,2725687.0,2472031.0,0.0,0.0,0.0,False
2017,original,Pluto LNG,Woodside,LNG / oil and gas,1931136.0,2385534.0,454398.0,0.0,0.0,0.0,False
2017,original,Cockburn Operations,Other,Other manufacturing,1020189.0,1839661.0,819472.0,0.0,0.0,0.0,False
2017,original,YPF AMMONIA PLANT,Yara,Other manufacturing,1512492.0,1623773.0,111281.0,0.0,0.0,0.0,False
2017,original,Pinjarra Alumina Refinery,Alcoa,Alumina and metals,1490263.0,1550868.0,60605.0,0.0,0.0,0.0,False
2017,original,Wagerup Alumina Refinery,Alcoa,Alumina and metals,1448358.0,1481761.0,33403.0,0.0,0.0,0.0,False
2017,original,CSBP Kwinana Facility,Other,Other manufacturing,601148.0,1319204.0,718056.0,0.0,0.0,0.0,False
2017,original,Kwinana Alumina Refinery,Alcoa,Alumina and metals,1250831.0,1309104.0,58273.0,0.0,0.0,0.0,False
2017,original,Sino Iron Project – Cape Preston,CITIC,Metal ore mining,1179835.0,1293069.0,113234.0,0.0,0.0,0.0,False
2017,original,Kwinana Refinery,Other,Other,727543.0,739256.0,11713.0,0.0,0.0,0.0,False
2017,original,Pilbara Rail Operations,Rio Tinto,Transport,684091.0,705421.0,21330.0,0.0,0.0,0.0,False
2017,original,Telfer Gold Mine,Other,Metal ore mining,535825.0,632775.0,96950.0,0.0,0.0,0.0,False
2017,original,Varanus Hub,Other,LNG / oil and gas,288711.0,620263.0,331552.0,0.0,0.0,0.0,False
2017,original,Vincent Project Venture,Woodside,LNG / oil and gas,192623.0,598755.0,406132.0,0.0,0.0,0.0,False
2017,original,Murrin Murrin Operations,Other,Metal ore mining,513365.0,568485.0,55120.0,0.0,0.0,0.0,False
2017,original,Christmas Creek Mine,Fortescue,Metal ore mining,432730.0,556084.0,123354.0,0.0,0.0,0.0,False
2017,original,Ningaloo Vision FPSO,Other,LNG / oil and gas,218175.0,547856.0,329681.0,0.0,0.0,0.0,False
2017,original,PRL03 Rail - IOR Facility,BHP,Transport,509184.0,531328.0,22144.0,0.0,0.0,0.0,False
2017,original,Cloudbreak Mine,Fortescue,Metal ore mining,379620.0,503395.0,123775.0,0.0,0.0,0.0,False
2017,original,Roy Hill Mine,Other,Metal ore mining,391919.0,386581.0,-5338.0,5338.0,0.0,0.0,True
2017,original,Solomon Mine,Fortescue,Metal ore mining,334667.0,377697.0,43030.0,0.0,0.0,0.0,False
2017,original,Chandala Processing Plant,Other,Other manufacturing,242617.0,374904.0,132287.0,0.0,0.0,0.0,False
2017,original,Newman Power Station,Other,Electricity,188790.0,371903.0,183113.0,0.0,0.0,0.0,False
2017,original,DBNGP,Other,Transport,251197.0,360901.0,109704.0,0.0,0.0,0.0,False
2017,original,ARC01 Mining Area C - MNG Facility,BHP,Metal ore mining,325339.0,354064.0,28725.0,0.0,0.0,0.0,False
2017,original,Yarnima Power Station,BHP,Electricity,309875.0,333116.0,23241.0,0.0,0.0,0.0,False
2017,original,Kwinana Pigment Plant,Other,Other manufacturing,311838.0,324572.0,12734.0,0.0,0.0,0.0,False
2017,original,South West Synthetic Rutile Operations,Other,Metal ore mining,252765.0,323579.0,70814.0,0.0,0.0,0.0,False
2017,original,Brockman 2 / Nammuldi Mines,Rio Tinto,Metal ore mining,255798.0,316854.0,61056.0,0.0,0.0,0.0,False
2017,original,Enfield Project Venture,Woodside,Other,200381.0,309673.0,109292.0,0.0,0.0,0.0,False
2017,original,Tropicana Gold Mine,Other,Metal ore mining,253779.0,283693.0,29914.0,0.0,0.0,0.0,False
2017,original,MWB01 Mt Whaleback Mine - MNG Facility,BHP,Other,216854.0,253714.0,36860.0,0.0,0.0,0.0,False
2017,original,West Angelas Mine,Rio Tinto,Metal ore mining,221493.0,244656.0,23163.0,0.0,0.0,0.0,False
2017,original,Fimiston,Other,Other,193366.0,238394.0,45028.0,0.0,0.0,0.0,False
2017,original,Mt Keith Power Station,Other,Electricity,222682.0,233797.0,11115.0,0.0,0.0,0.0,False
2017,original,Jimblebar Mine,BHP,Metal ore mining,240050.0,225310.0,-14740.0,14740.0,0.0,0.0,True
2017,original,AWR Rail Freight WA,Other,Other,160565.0,216451.0,55886.0,0.0,0.0,0.0,False
2017,original,Boddington Mine,Other,Other,187137.0,208038.0,20901.0,0.0,0.0,0.0,False
2017,original,YAN01 Yandi/Marillana Creek Mine - MNG Facility,BHP,Metal ore mining,179972.0,195783.0,15811.0,0.0,0.0,0.0,False
2017,original,Tom Price Mine / WTS,Rio Tinto,Metal ore mining,150295.0,195096.0,44801.0,0.0,0.0,0.0,False
2017,original,NKW01 Nickel West Kwinana Facility,BHP,Alumina and metals,161594.0,181233.0,19639.0,0.0,0.0,0.0,False
2017,original,Leinster Power Station,Other,Electricity,169107.0,173336.0,4229.0,0.0,0.0,0.0,False
2017,original,NKS01 Nickel West Kalgoorlie Facility,BHP,Alumina and metals,163414.0,166573.0,3159.0,0.0,0.0,0.0,False
2017,original,Marandoo Mine,Rio Tinto,Metal ore mining,130849.0,160856.0,30007.0,0.0,0.0,0.0,False
2017,original,ATCO Gas Australia Pty Ltd,Other,Other,159734.0,159142.0,-592.0,592.0,0.0,0.0,True
2017,original,Sunrise Dam,Other,Metal ore mining,125845.0,146375.0,20530.0,0.0,0.0,0.0,False
2017,original,Hope Downs 1 Mine,Rio Tinto,Metal ore mining,142053.0,146322.0,4269.0,0.0,0.0,0.0,False
2017,original,Brockman 4 Mine,Rio Tinto,Metal ore mining,132773.0,144745.0,11972.0,0.0,0.0,0.0,False
2017,original,Paraburdoo Mine,Rio Tinto,Metal ore mining,112186.0,131529.0,19343.0,0.0,0.0,0.0,False
2017,original,Yandicoogina Mine,Rio Tinto,Metal ore mining,139207.0,129106.0,-10101.0,10101.0,0.0,0.0,True
2017,original,Jundee Gold Mine,Other,Metal ore mining,101749.0,124432.0,22683.0,0.0,0.0,0.0,False
2017,original,Solomon Power Station,Fortescue,Electricity,115169.0,123473.0,8304.0,0.0,0.0,0.0,False
2017,original,Kemerton Silicon Smelter,Other,Alumina and metals,102882.0,103809.0,927.0,0.0,0.0,0.0,False
2017,original,RMS PORT HEDLAND,Other,Other,100646.0,100000.0,-646.0,646.0,0.0,0.0,True
2017,original,Solomon Power Station,Other,Electricity,58143.0,62493.0,4350.0,0.0,0.0,0.0,False
2018,original,ATCO Gas Australia Pty Ltd,Other,Other,166574.0,159142.0,-7432.0,7432.0,0.0,0.0,True
2018,original,Brockman 2 / Nammuldi Mines,Rio Tinto,Metal ore mining,252090.0,316854.0,64764.0,0.0,0.0,0.0,False
2018,original,Brockman 4 Mine,Rio Tinto,Metal ore mining,134937.0,144745.0,9808.0,0.0,0.0,0.0,False
2018,original,FLNG,Shell,LNG / oil and gas,2317273.0,2725687.0,408414.0,0.0,0.0,0.0,False
2018,original,Hope Downs 1 Mine,Rio Tinto,Metal ore mining,148347.0,146322.0,-2025.0,2025.0,0.0,0.0,True
2018,original,Jundee Gold Mine,Other,Metal ore mining,107881.0,124432.0,16551.0,0.0,0.0,0.0,False
2018,original,Kemerton Silicon Smelter,Other,Alumina and metals,105739.0,103809.0,-1930.0,1930.0,0.0,0.0,True
2018,original,Marandoo Mine,Rio Tinto,Metal ore mining,147503.0,160856.0,13353.0,0.0,0.0,0.0,False
2018,original,NKW01 Nickel West Kwinana Facility,BHP,Alumina and metals,164078.0,181233.0,17155.0,0.0,0.0,0.0,False
2018,original,Paraburdoo Mine,Rio Tinto,Metal ore mining,101184.0,131529.0,30345.0,0.0,0.0,0.0,False
2018,original,Pilbara Rail Operations,Rio Tinto,Transport,625143.0,705421.0,80278.0,0.0,0.0,0.0,False
2018,original,PRL03 Rail - IOR Facility,BHP,Transport,494600.0,531328.0,36728.0,0.0,0.0,0.0,False
2018,original,Sino Iron Project - Cape Preston,CITIC,Metal ore mining,1256525.0,1293069.0,36544.0,0.0,0.0,0.0,False
2018,original,Solomon Power Station,Fortescue,Electricity,182117.0,183950.0,1833.0,0.0,0.0,0.0,False
2018,original,Tom Price Mine / WTS,Rio Tinto,Metal ore mining,156557.0,188447.0,31890.0,0.0,0.0,0.0,False
2018,original,Tropicana Gold Mine,Other,Metal ore mining,278020.0,283693.0,5673.0,0.0,0.0,0.0,False
2018,original,Wagerup Alumina Refinery,Alcoa,Alumina and metals,1380208.0,1481761.0,101553.0,0.0,0.0,0.0,False
2018,original,West Angelas Mine,Rio Tinto,Metal ore mining,245954.0,244656.0,-1298.0,1298.0,0.0,0.0,True
2018,original,Wheatstone Operations,Chevron,LNG / oil and gas,4056663.0,4093724.0,37061.0,0.0,0.0,0.0,False
2018,original,WOR01 Worsley Alumina Refinery/Mine,South32,Other,3613937.0,3722742.0,108805.0,0.0,0.0,0.0,False
2018,original,Yandicoogina Mine,Rio Tinto,Metal ore mining,151455.0,142111.0,-9344.0,9344.0,0.0,0.0,True
2018,original,Yarnima Power Station,BHP,Electricity,307802.0,333116.0,25314.0,0.0,0.0,0.0,False
2018,original,Mt Morgans Gold Project,Other,Other,100816.0,100000.0,-816.0,816.0,0.0,0.0,True
2018,original,APU01 Pyrenees - AOA Facility,BHP,LNG / oil and gas,201552.0,,,0.0,0.0,0.0,False
2018,original,ARC01 Mining Area C - MNG Facility,BHP,Metal ore mining,370602.0,,,0.0,0.0,0.0,False
2018,original,Dongara Operations,Other,Other manufacturing,106316.0,,,0.0,0.0,0.0,False
2018,original,Eastern Ridge Mine,BHP,Other,94892.0,,,0.0,0.0,0.0,False
2018,original,Facility WA CTC,Other,Other,102688.0,,,0.0,0.0,0.0,False
2018,original,Gorgon Operations,Chevron,LNG / oil and gas,8970457.0,,,0.0,0.0,0.0,False
2018,original,Jimblebar Mine,BHP,Metal ore mining,294288.0,,,0.0,0.0,0.0,False
2018,original,North West Shelf Project,Woodside,LNG / oil and gas,7387040.0,,,0.0,0.0,0.0,False
2018,original,Rail,Other,Transport,191558.0,,,1470.0,0.0,0.0,False
2018,original,Roy Hill Mine,Other,Metal ore mining,412588.0,,,0.0,0.0,0.0,False
2018,original,Solomon Mine,Fortescue,Metal ore mining,392995.0,,,0.0,0.0,0.0,False
2018,original,Wheatstone Project LNG Plant and Associated Facilities,Other,Other,64378.0,,,0.0,0.0,0.0,False
2018,original,AWR Rail Freight WA,Other,Other,109861.0,216451.0,106590.0,0.0,0.0,0.0,False
2018,original,Chandala Processing Plant,Other,Other manufacturing,251592.0,374904.0,123312.0,0.0,0.0,0.0,False
2018,original,Christmas Creek Mine,Fortescue,Metal ore mining,510900.0,556084.0,45184.0,0.0,0.0,0.0,False
2018,original,Cloudbreak Mine,Fortescue,Metal ore mining,401193.0,503395.0,102202.0,0.0,0.0,0.0,False
2018,original,Cockburn Operations,Other,Other manufacturing,947905.0,1839661.0,891756.0,0.0,0.0,0.0,False
2018,original,CSBP Kwinana Facility,Other,Other manufacturing,722204.0,1319204.0,597000.0,0.0,0.0,0.0,False
2018,original,DBNGP,Other,Transport,249283.0,360901.0,111618.0,0.0,0.0,0.0,False
2018,original,Granny Smith Mine Site,Other,Metal ore mining,102701.0,117516.0,14815.0,7271.0,0.0,0.0,False
2018,original,Kwinana Alumina Refinery,Alcoa,Alumina and metals,1258124.0,1309104.0,50980.0,0.0,0.0,0.0,False
2018,original,Kwinana Pigment Plant,Other,Other manufacturing,311503.0,324572.0,13069.0,0.0,0.0,0.0,False
2018,original,Kwinana Refinery,Other,Other,711680.0,739256.0,27576.0,0.0,0.0,0.0,False
2018,original,Leinster Power Station,Other,Electricity,169412.0,173336.0,3924.0,0.0,0.0,0.0,False
2018,original,Mt Keith Power Station,Other,Electricity,221404.0,233797.0,12393.0,0.0,0.0,0.0,False
2018,original,Murrin Murrin Operations,Other,Metal ore mining,502006.0,568485.0,66479.0,0.0,0.0,0.0,False
2018,original,MWB01 Mt Whaleback Mine - MNG Facility,BHP,Other,258438.0,253714.0,-4724.0,4724.0,0.0,0.0,True
2018,original,Newman Power Station,Other,Electricity,191945.0,371903.0,179958.0,0.0,0.0,0.0,False
2018,original,Newmont Goldcorp Boddington Operation,Other,Other,209503.0,208038.0,-1465.0,1465.0,0.0,0.0,True
2018,original,Ningaloo Vision FPSO,Other,LNG / oil and gas,303614.0,547856.0,244242.0,0.0,0.0,0.0,False
2018,original,NKS01 Nickel West Kalgoorlie Facility,BHP,Alumina and metals,161434.0,166573.0,5139.0,0.0,0.0,0.0,False
2018,original,Pinjarra Alumina Refinery,Alcoa,Alumina and metals,1514832.0,1550868.0,36036.0,0.0,0.0,0.0,False
2018,original,Pluto LNG,Woodside,LNG / oil and gas,1747412.0,2385534.0,638122.0,0.0,0.0,0.0,False
2018,original,South West Synthetic Rutile Operations,Other,Metal ore mining,219421.0,323579.0,104158.0,0.0,0.0,0.0,False
2018,original,Sunrise Dam,Other,Metal ore mining,147500.0,146375.0,-1125.0,1125.0,0.0,0.0,True
2018,original,Telfer Gold Mine,Other,Metal ore mining,543934.0,632775.0,88841.0,0.0,0.0,0.0,False
2018,original,Varanus Hub,Other,LNG / oil and gas,268850.0,620263.0,351413.0,0.0,0.0,0.0,False
2018,original,YAN01 Yandi/Marillana Creek Mine - MNG Facility,BHP,Metal ore mining,198278.0,195783.0,-2495.0,2495.0,0.0,0.0,True
2018,original,YPF AMMONIA PLANT,Yara,Other manufacturing,992241.0,1623773.0,631532.0,0.0,0.0,0.0,False
2019,original,FLNG,Shell,LNG / oil and gas,1715913.0,2725687.0,1009774.0,0.0,0.0,0.0,False
2019,original,APU01 Pyrenees - AOA Facility,BHP,LNG / oil and gas,272811.0,588383.0,315572.0,0.0,0.0,0.0,False
2019,original,ARC01 Mining Area C - MNG Facility,BHP,Metal ore mining,419809.0,,,0.0,0.0,0.0,False
2019,original,ATCO Gas Australia Pty Ltd,Other,Other,107412.0,159142.0,51730.0,0.0,0.0,0.0,False
2019,original,AWR Rail Freight WA,Other,Other,119792.0,216451.0,96659.0,0.0,0.0,0.0,False
2019,original,Brockman 2 / Nammuldi Mines,Rio Tinto,Metal ore mining,268256.0,316854.0,48598.0,0.0,0.0,0.0,False
2019,original,Brockman 4 Mine,Rio Tinto,Metal ore mining,152565.0,144745.0,-7820.0,7820.0,0.0,0.0,True
2019,original,Chandala Processing Plant,Other,Other manufacturing,272417.0,374904.0,102487.0,0.0,0.0,0.0,False
2019,original,Christmas Creek Mine,Fortescue,Metal ore mining,546522.0,556084.0,9562.0,0.0,0.0,0.0,False
2019,original,Cloudbreak Mine,Fortescue,Metal ore mining,419050.0,503395.0,84345.0,0.0,0.0,0.0,False
2019,original,Cockburn Operations,Other,Other manufacturing,979493.0,1839661.0,860168.0,0.0,0.0,0.0,False
2019,original,CSBP Kwinana Facility,Other,Other manufacturing,800136.0,1319204.0,519068.0,0.0,0.0,0.0,False
2019,original,DBNGP,Other,Transport,269997.0,360901.0,90904.0,0.0,0.0,0.0,False
2019,original,Dongara Operations,Other,Other manufacturing,107932.0,,,0.0,0.0,0.0,False
2019,original,Facility WA CTC,Other,Other,103388.0,,,0.0,0.0,0.0,False
2019,original,Fimiston,Other,Other,137956.0,238394.0,100438.0,0.0,0.0,0.0,False
2019,original,Fortescue Rail,Other,Other,237434.0,271761.0,34327.0,0.0,0.0,0.0,False
2019,original,Goldfields Gas Transmission Pipeline,Other,Transport,113174.0,,,0.0,0.0,0.0,False
2019,original,Gorgon Operations,Chevron,LNG / oil and gas,6263348.0,,,0.0,0.0,0.0,False
2019,original,Granny Smith Mine Site,Other,Metal ore mining,109243.0,117516.0,8273.0,152.0,0.0,0.0,False
2019,original,Gruyere Gold Mine,Other,Other,149110.0,243279.0,94169.0,0.0,0.0,0.0,False
2019,original,Hope Downs 1 Mine,Rio Tinto,Metal ore mining,158056.0,152296.0,-5760.0,5760.0,0.0,0.0,True
2019,original,Hope Downs 4 Mine,Rio Tinto,Metal ore mining,103695.0,100000.0,-3695.0,3695.0,0.0,0.0,True
2019,original,Jimblebar Mine,BHP,Metal ore mining,309973.0,,,0.0,0.0,0.0,False
2019,original,Jundee Gold Mine,Other,Metal ore mining,116035.0,173116.0,57081.0,0.0,0.0,0.0,False
2019,original,Kemerton Silicon Smelter,Other,Alumina and metals,107847.0,103809.0,-4038.0,4038.0,0.0,0.0,True
2019,original,Kwinana Alumina Refinery,Alcoa,Alumina and metals,1272256.0,1309104.0,36848.0,0.0,0.0,0.0,False
2019,original,Kwinana Pigment Plant,Other,Other manufacturing,315606.0,324572.0,8966.0,0.0,0.0,0.0,False
2019,original,Kwinana Refinery,Other,Other,663005.0,739256.0,76251.0,0.0,0.0,0.0,False
2019,original,Leinster Power Station,Other,Electricity,162075.0,173336.0,11261.0,0.0,0.0,0.0,False
2019,original,Marandoo Mine,Rio Tinto,Metal ore mining,143365.0,160856.0,17491.0,0.0,0.0,0.0,False
2019,original,Mt Keith Power Station,Other,Electricity,199198.0,233797.0,34599.0,0.0,0.0,0.0,False
2019,original,Mt Morgans Gold Project,Other,Other,104336.0,100000.0,-4336.0,4336.0,0.0,0.0,True
2019,original,Murrin Murrin Operations,Other,Metal ore mining,488332.0,568485.0,80153.0,0.0,0.0,0.0,False
2019,original,Newman Operations,BHP,Metal ore mining,352174.0,,,0.0,0.0,0.0,False
2019,original,Newman Power Station,Other,Electricity,187289.0,604378.0,417089.0,0.0,0.0,0.0,False
2019,original,Newmont Boddington Gold Operation,Other,Metal ore mining,227833.0,340447.0,112614.0,0.0,0.0,0.0,False
2019,original,Ningaloo Vision FPSO,Other,LNG / oil and gas,263388.0,547856.0,284468.0,0.0,0.0,0.0,False
2019,original,NKS01 Nickel West Kalgoorlie Facility,BHP,Alumina and metals,153723.0,166573.0,12850.0,0.0,0.0,0.0,False
2019,original,NKW01 Nickel West Kwinana Facility,BHP,Alumina and metals,156593.0,181233.0,24640.0,0.0,0.0,0.0,False
2019,original,NMK01 Nickel West Mt Keith Facility,BHP,Metal ore mining,122829.0,152368.0,29539.0,0.0,0.0,0.0,False
2019,original,North West Shelf Project,Woodside,LNG / oil and gas,6878006.0,7570929.0,692923.0,0.0,0.0,0.0,False
2019,original,Paraburdoo Mine,Rio Tinto,Metal ore mining,113335.0,120836.0,7501.0,0.0,0.0,0.0,False
2019,original,Pilbara Rail Operations,Rio Tinto,Transport,631384.0,705421.0,74037.0,0.0,0.0,0.0,False
2019,original,Pinjarra Alumina Refinery,Alcoa,Alumina and metals,1505129.0,1550868.0,45739.0,0.0,0.0,0.0,False
2019,original,Pluto LNG,Woodside,LNG / oil and gas,1862948.0,2385534.0,522586.0,0.0,0.0,0.0,False
2019,original,PRL03 Rail - IOR Facility,BHP,Transport,537676.0,576806.0,39130.0,0.0,0.0,0.0,False
2019,original,Roy Hill Mine,Other,Metal ore mining,428087.0,,,0.0,0.0,0.0,False
2019,original,Sino Iron Project - Cape Preston,CITIC,Metal ore mining,1305831.0,1679069.0,373238.0,0.0,0.0,0.0,False
2019,original,Solomon Mine,Fortescue,Metal ore mining,447213.0,,,0.0,0.0,0.0,False
2019,original,Solomon Power Station,Fortescue,Electricity,185244.0,345831.0,160587.0,0.0,0.0,0.0,False
2019,original,South West Synthetic Rutile Operations,Other,Metal ore mining,246459.0,323579.0,77120.0,0.0,0.0,0.0,False
2019,original,Sunrise Dam,Other,Metal ore mining,151592.0,171958.0,20366.0,0.0,0.0,0.0,False
2019,original,Telfer Gold Mine,Other,Metal ore mining,493272.0,632775.0,139503.0,0.0,0.0,0.0,False
2019,original,Tom Price Mine / WTS,Rio Tinto,Metal ore mining,193230.0,188447.0,-4783.0,4783.0,0.0,0.0,True
2019,original,Tropicana Gold Mine,Other,Metal ore mining,306129.0,323180.0,17051.0,0.0,0.0,0.0,False
2019,original,Varanus Hub,Other,LNG / oil and gas,247931.0,620263.0,372332.0,0.0,0.0,0.0,False
2019,original,Vincent Project Venture,Woodside,LNG / oil and gas,453252.0,598755.0,145503.0,0.0,0.0,0.0,False
2019,original,Wagerup Alumina Refinery,Alcoa,Alumina and metals,1471583.0,1481761.0,10178.0,0.0,0.0,0.0,False
2019,original,West Angelas Mine,Rio Tinto,Metal ore mining,277921.0,244656.0,-33265.0,33265.0,0.0,0.0,True
2019,original,Wheatstone Operations,Chevron,LNG / oil and gas,3848864.0,4093724.0,244860.0,0.0,0.0,0.0,False
2019,original,WOR01 Worsley Alumina Refinery/Mine,South32,Other,3719046.0,3718777.0,-269.0,269.0,0.0,0.0,True
2019,original,YAN01 Yandi/Marillana Creek Mine - MNG Facility,BHP,Metal ore mining,215307.0,385559.0,170252.0,0.0,0.0,0.0,False
2019,original,Yandicoogina Mine,Rio Tinto,Metal ore mining,157330.0,142111.0,-15219.0,15219.0,0.0,0.0,True
2019,original,Yarnima Power Station,BHP,Electricity,315226.0,333116.0,17890.0,0.0,0.0,0.0,False
2019,original,YPF AMMONIA PLANT,Yara,Other manufacturing,1059896.0,1623773.0,563877.0,0.0,0.0,0.0,False
2020,original,APU01 Pyrenees - AOA Facility,BHP,LNG / oil and gas,188815.0,399596.0,210781.0,0.0,0.0,0.0,False
2020,original,ATCO Gas Australia Pty Ltd,Other,Other,114623.0,187220.0,72597.0,0.0,0.0,0.0,False
2020,original,Dongara Operations,Other,Other manufacturing,100087.0,,,10383.0,0.0,0.0,False
2020,original,CTC WA Facility,Other,Transport,104196.0,,,3468.0,0.0,0.0,False
2020,original,Jimblebar Mine,BHP,Metal ore mining,305260.0,,,0.0,0.0,0.0,False
2020,original,Solomon Mine,Fortescue,Metal ore mining,436846.0,,,8411.0,0.0,0.0,False
2020,original,Roy Hill Mine,Other,Metal ore mining,430818.0,,,0.0,0.0,0.0,False
2020,original,ARC01 Mining Area C - MNG Facility,BHP,Metal ore mining,406944.0,,,0.0,0.0,0.0,False
2020,original,Goldfields Gas Transmission Pipeline,Other,Transport,121535.0,,,0.0,0.0,0.0,False
2020,original,Mesa A Mine,Rio Tinto,Metal ore mining,114654.0,,,0.0,0.0,0.0,False
2020,original,Newman Operations,BHP,Metal ore mining,349146.0,,,0.0,0.0,0.0,False
2020,original,North West Shelf Project,Woodside,LNG / oil and gas,6784581.0,,,0.0,0.0,0.0,False
2020,original,Pluto LNG,Woodside,LNG / oil and gas,1945741.0,,,0.0,0.0,0.0,False
2020,original,Vincent Project Venture,Woodside,LNG / oil and gas,353008.0,,,0.0,0.0,0.0,False
2020,original,Western Australia,Other,Transport,103394.0,,,0.0,0.0,0.0,False
2020,original,Gorgon Operations,Chevron,LNG / oil and gas,5460144.0,8365831.0,2905687.0,0.0,0.0,0.0,False
2020,original,Wheatstone Operations,Chevron,LNG / oil and gas,4025254.0,4343119.0,317865.0,0.0,0.0,0.0,False
2020,original,WOR01 Worsley Alumina Refinery/Mine,South32,Other,3657800.0,3718777.0,60977.0,0.0,0.0,0.0,False
2020,original,Pinjarra Alumina Refinery,Alcoa,Alumina and metals,1576697.0,3056433.0,1479736.0,0.0,0.0,0.0,False
2020,original,FLNG,Shell,LNG / oil and gas,1506548.0,2263910.0,757362.0,0.0,0.0,0.0,False
2020,original,Wagerup Alumina Refinery,Alcoa,Alumina and metals,1415989.0,1894645.0,478656.0,0.0,0.0,0.0,False
2020,original,Cockburn Operations,Other,Other manufacturing,1044918.0,1839526.0,794608.0,0.0,0.0,0.0,False
2020,original,Sino Iron Project - Cape Preston,CITIC,Metal ore mining,1241225.0,1639229.0,398004.0,0.0,0.0,0.0,False
2020,original,YPF AMMONIA PLANT,Yara,Other manufacturing,1456927.0,1512283.0,55356.0,0.0,0.0,0.0,False
2020,original,Kwinana Alumina Refinery,Alcoa,Alumina and metals,1292269.0,1323436.0,31167.0,0.0,0.0,0.0,False
2020,original,CSBP Kwinana Facility,Other,Other manufacturing,697197.0,1219470.0,522273.0,0.0,0.0,0.0,False
2020,original,Kwinana Refinery,Other,Other,413542.0,739256.0,325714.0,0.0,0.0,0.0,False
2020,original,Pilbara Rail Operations,Rio Tinto,Transport,656605.0,666720.0,10115.0,0.0,0.0,0.0,False
2020,original,Telfer Gold Mine,Other,Metal ore mining,500048.0,626808.0,126760.0,0.0,0.0,0.0,False
2020,original,Murrin Murrin Operations,Other,Metal ore mining,486498.0,617082.0,130584.0,0.0,0.0,0.0,False
2020,original,Newman Power Station,Other,Electricity,202430.0,604378.0,401948.0,0.0,0.0,0.0,False
2020,original,Christmas Creek Mine,Fortescue,Metal ore mining,574485.0,596884.0,22399.0,0.0,0.0,0.0,False
2020,original,PRL03 Rail - IOR Facility,BHP,Transport,548215.0,585410.0,37195.0,0.0,0.0,0.0,False
2020,original,Varanus Hub,Other,LNG / oil and gas,301925.0,463700.0,161775.0,0.0,0.0,0.0,False
2020,original,Cloudbreak Mine,Fortescue,Metal ore mining,422427.0,405681.0,-16746.0,16746.0,0.0,0.0,True
2020,original,Yarnima Power Station,BHP,Electricity,343639.0,402910.0,59271.0,0.0,0.0,0.0,False
2020,original,Brockman 4 Mine,Rio Tinto,Metal ore mining,165655.0,395901.0,230246.0,0.0,0.0,0.0,False
2020,original,YAN01 Yandi/Marillana Creek Mine - MNG Facility,BHP,Metal ore mining,190343.0,379160.0,188817.0,0.0,0.0,0.0,False
2020,original,Chandala Processing Plant,Other,Other manufacturing,206709.0,374904.0,168195.0,0.0,0.0,0.0,False
2020,original,Newmont Boddington Gold Operation,Other,Metal ore mining,219576.0,354726.0,135150.0,0.0,0.0,0.0,False
2020,original,Solomon Power Station,Fortescue,Electricity,183646.0,345831.0,162185.0,0.0,0.0,0.0,False
2020,original,West Angelas Mine,Rio Tinto,Metal ore mining,287475.0,331789.0,44314.0,0.0,0.0,0.0,False
2020,original,Ravensthorpe Nickel Operation,Other,Metal ore mining,175361.0,324093.0,148732.0,0.0,0.0,0.0,False
2020,original,South West Synthetic Rutile Operations,Other,Metal ore mining,212351.0,323579.0,111228.0,0.0,0.0,0.0,False
2020,original,Tropicana Gold Mine,Other,Metal ore mining,294418.0,323180.0,28762.0,0.0,0.0,0.0,False
2020,original,Brockman 2 / Nammuldi Mines,Rio Tinto,Metal ore mining,301307.0,321494.0,20187.0,0.0,0.0,0.0,False
2020,original,Kwinana Pigment Plant,Other,Other manufacturing,301915.0,308615.0,6700.0,0.0,0.0,0.0,False
2020,original,Rail,Other,Transport,285206.0,279793.0,-5413.0,11776.0,0.0,0.0,True
2020,original,Yandicoogina Mine,Rio Tinto,Metal ore mining,158406.0,269097.0,110691.0,0.0,0.0,0.0,False
2020,original,DBNGP,Other,Transport,243269.0,246362.0,3093.0,0.0,0.0,0.0,False
2020,original,Gruyere Mine Site,Other,Metal ore mining,181509.0,243584.0,62075.0,0.0,0.0,0.0,False
2020,original,Fimiston,Other,Other,155548.0,242659.0,87111.0,0.0,0.0,0.0,False
2020,original,Mt Keith Power Station,Other,Electricity,189293.0,233797.0,44504.0,0.0,0.0,0.0,False
2020,original,Aurizon Rail Freight WA,Other,Other,137340.0,216374.0,79034.0,0.0,0.0,0.0,False
2020,original,Marandoo Mine,Rio Tinto,Metal ore mining,169927.0,214614.0,44687.0,0.0,0.0,0.0,False
2020,original,Tom Price Mine / WTS,Rio Tinto,Metal ore mining,220784.0,188447.0,-32337.0,32337.0,0.0,0.0,True
2020,original,Duketon South Operations,Other,Metal ore mining,178940.0,186157.0,7217.0,0.0,0.0,0.0,False
2020,original,NKW01 Nickel West Kwinana Facility,BHP,Alumina and metals,170612.0,176382.0,5770.0,0.0,0.0,0.0,False
2020,original,Koolyanobbing Iron Ore Operations,Other,Metal ore mining,137803.0,176116.0,38313.0,0.0,0.0,0.0,False
2020,original,Leinster Power Station,Other,Electricity,151147.0,173336.0,22189.0,0.0,0.0,0.0,False
2020,original,Jundee Gold Mine,Other,Metal ore mining,127944.0,173116.0,45172.0,0.0,0.0,0.0,False
2020,original,Sunrise Dam,Other,Metal ore mining,163853.0,171958.0,8105.0,0.0,0.0,0.0,False
2020,original,NKS01 Nickel West Kalgoorlie Facility,BHP,Alumina and metals,157960.0,166573.0,8613.0,0.0,0.0,0.0,False
2020,original,NMK01 Nickel West Mt Keith Facility,BHP,Metal ore mining,123040.0,152368.0,29328.0,0.0,0.0,0.0,False
2020,original,Hope Downs 1 Mine,Rio Tinto,Metal ore mining,155883.0,152296.0,-3587.0,3587.0,0.0,0.0,True
2020,original,Granny Smith Mine Site,Other,Metal ore mining,118138.0,126385.0,8247.0,0.0,0.0,0.0,False
2020,original,Paraburdoo Mine,Rio Tinto,Metal ore mining,133434.0,120836.0,-12598.0,12598.0,0.0,0.0,True
2020,original,Huntly Mine,Alcoa,Other,100475.0,109357.0,8882.0,0.0,0.0,0.0,False
2020,original,Carosue Dam,Other,Other,108388.0,108460.0,72.0,0.0,0.0,0.0,False
2020,original,Hope Downs 4 Mine,Rio Tinto,Metal ore mining,105625.0,106522.0,897.0,0.0,0.0,0.0,False
2021,original,APU01 Pyrenees - AOA Facility,Woodside,LNG / oil and gas,181810.0,388666.0,206856.0,0.0,0.0,0.0,False
2021,original,ARC01 Mining Area C - MNG Facility,BHP,Metal ore mining,412089.0,763972.0,351883.0,0.0,0.0,0.0,False
2021,original,ATCO Gas Australia Pty Ltd,Other,Other,103813.0,187220.0,83407.0,0.0,0.0,0.0,False
2021,original,Aurizon Rail Freight WA,Other,Other,141227.0,156679.0,15452.0,0.0,0.0,0.0,False
2021,original,Brockman 2 / Nammuldi Mines,Rio Tinto,Metal ore mining,326461.0,321494.0,-4967.0,4967.0,0.0,0.0,True
2021,original,Brockman 4 Mine,Rio Tinto,Metal ore mining,208674.0,395901.0,187227.0,0.0,0.0,0.0,False
2021,original,Carosue Dam Operations,Other,Metal ore mining,115517.0,,,0.0,0.0,0.0,False
2021,original,Chandala Processing Plant,Other,Other manufacturing,233786.0,280203.0,46417.0,0.0,0.0,0.0,False
2021,original,Christmas Creek Mine,Fortescue,Metal ore mining,373646.0,596884.0,223238.0,0.0,0.0,0.0,False
2021,original,Cloudbreak Mine,Fortescue,Metal ore mining,362034.0,405681.0,43647.0,0.0,0.0,0.0,False
2021,original,Cockburn Operations,Other,Other manufacturing,785376.0,789018.0,3642.0,0.0,0.0,0.0,False
2021,original,CSBP Kwinana Facility,Other,Other manufacturing,629391.0,885913.0,256522.0,0.0,0.0,0.0,False
2021,original,CTC WA Facility,Other,Transport,109567.0,126062.0,16495.0,0.0,0.0,0.0,False
2021,original,DBNGP,Other,Transport,224323.0,246362.0,22039.0,0.0,0.0,0.0,False
2021,original,Dongara Operations,Other,Other manufacturing,112536.0,122883.0,10347.0,0.0,0.0,0.0,False
2021,original,Duketon South Operations,Other,Metal ore mining,171680.0,186157.0,14477.0,0.0,0.0,0.0,False
2021,original,Eliwana Mine,Fortescue,Metal ore mining,156384.0,199022.0,42638.0,0.0,0.0,0.0,False
2021,original,Fimiston Operations,Other,Metal ore mining,192325.0,242659.0,50334.0,0.0,0.0,0.0,False
2021,original,FLNG,Shell,LNG / oil and gas,1840672.0,2263910.0,423238.0,0.0,0.0,0.0,False
2021,original,Goldfields Gas Transmission Pipeline,Other,Transport,131592.0,,,0.0,0.0,0.0,False
2021,original,Gorgon Operations,Chevron,LNG / oil and gas,8318842.0,8336476.0,17634.0,0.0,0.0,0.0,False
2021,original,Granny Smith Mine Site,Other,Metal ore mining,120157.0,126385.0,6228.0,0.0,0.0,0.0,False
2021,original,Gruyere Mine Site,Other,Metal ore mining,197497.0,243584.0,46087.0,0.0,0.0,0.0,False
2021,original,Hope Downs 1 Mine,Rio Tinto,Metal ore mining,165509.0,152296.0,-13213.0,13213.0,0.0,0.0,True
2021,original,Hope Downs 4 Mine,Rio Tinto,Metal ore mining,117658.0,116192.0,-1466.0,1466.0,0.0,0.0,True
2021,original,Jimblebar Mine,BHP,Metal ore mining,305973.0,,,0.0,0.0,0.0,False
2021,original,Jundee Gold Mine,Other,Metal ore mining,141316.0,173116.0,31800.0,0.0,0.0,0.0,False
2021,original,Kemerton Silicon Smelter,Other,Alumina and metals,110437.0,100000.0,-10437.0,10437.0,0.0,0.0,True
2021,original,Koolyanobbing Iron Ore Operations,Other,Metal ore mining,131692.0,176116.0,44424.0,0.0,0.0,0.0,False
2021,original,Kwinana Alumina Refinery,Alcoa,Alumina and metals,1253485.0,1366709.0,113224.0,0.0,0.0,0.0,False
2021,original,Kwinana Pigment Plant,Other,Other manufacturing,314557.0,333169.0,18612.0,0.0,0.0,0.0,False
2021,original,Leinster Power Station,Other,Electricity,139326.0,154495.0,15169.0,0.0,0.0,0.0,False
2021,original,Marandoo Mine,Rio Tinto,Metal ore mining,159346.0,214614.0,55268.0,0.0,0.0,0.0,False
2021,original,Mesa A Mine,Rio Tinto,Metal ore mining,88004.0,,,0.0,0.0,0.0,False
2021,original,Mt Keith Power Station,Other,Electricity,185892.0,,,0.0,0.0,0.0,False
2021,original,Murrin Murrin Operations,Other,Metal ore mining,512537.0,617082.0,104545.0,0.0,0.0,0.0,False
2021,original,Newman Operations,BHP,Metal ore mining,305076.0,,,0.0,0.0,0.0,False
2021,original,Newman Power Station,Other,Electricity,389496.0,604378.0,214882.0,0.0,0.0,0.0,False
2021,original,Newmont Boddington Gold Operation,Other,Metal ore mining,198355.0,330487.0,132132.0,0.0,0.0,0.0,False
2021,original,Ningaloo Vision FPSO,Other,LNG / oil and gas,381472.0,546091.0,164619.0,0.0,0.0,0.0,False
2021,original,NKS01 Nickel West Kalgoorlie Facility,BHP,Alumina and metals,140234.0,158794.0,18560.0,0.0,0.0,0.0,False
2021,original,NKW01 Nickel West Kwinana Facility,BHP,Alumina and metals,161918.0,,,0.0,0.0,0.0,False
2021,original,NMK01 Nickel West Mt Keith Facility,BHP,Metal ore mining,129880.0,209693.0,79813.0,0.0,0.0,0.0,False
2021,original,North West Shelf Project,Woodside,LNG / oil and gas,6418032.0,,,0.0,0.0,0.0,False
2021,original,Paraburdoo Mine,Rio Tinto,Metal ore mining,116170.0,120836.0,4666.0,0.0,0.0,0.0,False
2021,original,Pilbara Rail Operations,Rio Tinto,Transport,650881.0,661171.0,10290.0,0.0,0.0,0.0,False
2021,original,Pinjarra Alumina Refinery,Alcoa,Alumina and metals,1508614.0,2881289.0,1372675.0,0.0,0.0,0.0,False
2021,original,Pluto LNG,Woodside,LNG / oil and gas,1943418.0,,,0.0,0.0,0.0,False
2021,original,PRL03 Rail - IOR Facility,BHP,Transport,560092.0,576420.0,16328.0,0.0,0.0,0.0,False
2021,original,Rail,Other,Transport,245338.0,310731.0,65393.0,0.0,0.0,0.0,False
2021,original,Ravensthorpe Nickel Operation,Other,Metal ore mining,204177.0,324093.0,119916.0,0.0,0.0,0.0,False
2021,original,Roy Hill Mine,Other,Metal ore mining,486884.0,535965.0,49081.0,0.0,0.0,0.0,False
2021,original,Sino Iron Project – Cape Preston,CITIC,Metal ore mining,1241468.0,1610964.0,369496.0,0.0,0.0,0.0,False
2021,original,Solomon Mine,Fortescue,Metal ore mining,452884.0,449709.0,-3175.0,37726.0,0.0,0.0,True
2021,original,Solomon Power Station,Fortescue,Electricity,176950.0,345831.0,168881.0,0.0,0.0,0.0,False
2021,original,South West Synthetic Rutile Operations,Other,Metal ore mining,265237.0,297935.0,32698.0,0.0,0.0,0.0,False
2021,original,Sunrise Dam,Other,Metal ore mining,180641.0,171958.0,-8683.0,8683.0,0.0,0.0,True
2021,original,Telfer Gold Mine,Other,Metal ore mining,498129.0,626808.0,128679.0,0.0,0.0,0.0,False
2021,original,Thunderbox Operations,Other,Metal ore mining,108458.0,213075.0,104617.0,0.0,0.0,0.0,False
2021,original,Tom Price Mine / WTS,Rio Tinto,Metal ore mining,196750.0,145307.0,-51443.0,51443.0,0.0,0.0,True
2021,original,Tropicana Gold Mine,Other,Metal ore mining,304274.0,323180.0,18906.0,0.0,0.0,0.0,False
2021,original,Varanus Hub,Other,LNG / oil and gas,269532.0,463700.0,194168.0,0.0,0.0,0.0,False
2021,original,Vincent Project Venture,Woodside,LNG / oil and gas,356656.0,,,0.0,0.0,0.0,False
2021,original,Wagerup Alumina Refinery,Alcoa,Alumina and metals,1385526.0,1847019.0,461493.0,0.0,0.0,0.0,False
2021,original,West Angelas Mine,Rio Tinto,Metal ore mining,265301.0,331789.0,66488.0,0.0,0.0,0.0,False
2021,original,Western Australia,Other,Transport,104627.0,,,0.0,0.0,0.0,False
2021,original,Wheatstone Operations,Chevron,LNG / oil and gas,3907075.0,4343119.0,436044.0,0.0,0.0,0.0,False
2021,original,WOR01,South32,Alumina and metals,3553775.0,3718777.0,165002.0,0.0,0.0,0.0,False
2021,original,YAN01 Yandi/Marillana Creek Mine - MNG Facility,BHP,Metal ore mining,149694.0,223714.0,74020.0,0.0,0.0,0.0,False
2021,original,Yandicoogina Mine,Rio Tinto,Metal ore mining,162286.0,275999.0,113713.0,0.0,0.0,0.0,False
2021,original,Yarnima Power Station,BHP,Electricity,340554.0,428862.0,88308.0,0.0,0.0,0.0,False
2021,original,YPF AMMONIA PLANT,Yara,Other manufacturing,1383385.0,1512283.0,128898.0,0.0,0.0,0.0,False
2022,original,APU01 Pyrenees - AOA Facility,Woodside,LNG / oil and gas,176667.0,368195.0,191528.0,0.0,0.0,0.0,False
2022,original,ARC01 Mining Area C - MNG Facility,BHP,Metal ore mining,470614.0,861545.0,390931.0,0.0,0.0,0.0,False
2022,original,Beharra Springs,Other,LNG / oil and gas,127391.0,100000.0,-27391.0,35385.0,0.0,0.0,True
2022,original,Brockman 2 / Nammuldi Mines,Rio Tinto,Metal ore mining,326401.0,321494.0,-4907.0,4907.0,0.0,0.0,True
2022,original,Brockman 4 Mine,Rio Tinto,Metal ore mining,239705.0,395901.0,156196.0,0.0,0.0,0.0,False
2022,original,Carosue Dam Operations,Other,Metal ore mining,111837.0,,,0.0,0.0,0.0,False
2022,original,Chandala Processing Plant,Other,Other manufacturing,187005.0,188085.0,1080.0,0.0,0.0,0.0,False
2022,original,Christmas Creek Mine,Fortescue,Metal ore mining,374494.0,596884.0,222390.0,0.0,0.0,0.0,False
2022,original,Cloudbreak Mine,Fortescue,Metal ore mining,287001.0,405681.0,118680.0,0.0,0.0,0.0,False
2022,original,Cockburn Operations,Other,Other manufacturing,724378.0,771015.0,46637.0,0.0,0.0,0.0,False
2022,original,CSBP Kwinana Facility,Other,Other manufacturing,685081.0,940409.0,255328.0,0.0,0.0,0.0,False
2022,original,CTC WA Facility,Other,Transport,108915.0,125199.0,16284.0,0.0,0.0,0.0,False
2022,original,DBNGP,Other,Transport,267178.0,,,0.0,0.0,0.0,False
2022,original,Duketon South Operations,Other,Metal ore mining,156259.0,186157.0,29898.0,0.0,0.0,0.0,False
2022,original,Eliwana Mine,Fortescue,Metal ore mining,173475.0,199022.0,25547.0,0.0,0.0,0.0,False
2022,original,Fimiston Operations,Other,Metal ore mining,228777.0,242659.0,13882.0,0.0,0.0,0.0,False
2022,original,FLNG,Shell,LNG / oil and gas,2188611.0,2263910.0,75299.0,0.0,0.0,0.0,False
2022,original,Goldfields Gas Transmission Pipeline,Other,Transport,128908.0,147908.0,19000.0,0.0,0.0,0.0,False
2022,original,Gorgon Operations,Chevron,LNG / oil and gas,8191308.0,8336476.0,145168.0,0.0,0.0,0.0,False
2022,original,Granny Smith Mine Site,Other,Metal ore mining,126441.0,126385.0,-56.0,56.0,0.0,0.0,True
2022,original,Gruyere Mine Site,Other,Metal ore mining,193095.0,239447.0,46352.0,0.0,0.0,0.0,False
2022,original,Gudai-Darri Mine,Other,Metal ore mining,121340.0,187880.0,66540.0,0.0,0.0,0.0,False
2022,original,Hope Downs 1 Mine,Rio Tinto,Metal ore mining,166780.0,159568.0,-7212.0,7212.0,0.0,0.0,True
2022,original,Hope Downs 4 Mine,Rio Tinto,Metal ore mining,118259.0,103010.0,-15249.0,15249.0,0.0,0.0,True
2022,original,Jimblebar Mine,BHP,Metal ore mining,306282.0,,,0.0,0.0,0.0,False
2022,original,Jundee Gold Mine,Other,Metal ore mining,148140.0,154701.0,6561.0,0.0,0.0,0.0,False
2022,original,Kemerton Silicon Smelter,Other,Alumina and metals,122178.0,100000.0,-22178.0,22178.0,0.0,0.0,True
2022,original,King of the Hills,Other,Metal ore mining,123070.0,100000.0,-23070.0,23070.0,0.0,0.0,True
2022,original,Kwinana Alumina Refinery,Alcoa,Alumina and metals,1100095.0,1134344.0,34249.0,0.0,0.0,0.0,False
2022,original,Kwinana Pigment Plant,Other,Other manufacturing,275411.0,266667.0,-8744.0,8744.0,0.0,0.0,True
2022,original,Leinster Power Station,Other,Electricity,135634.0,154495.0,18861.0,0.0,0.0,0.0,False
2022,original,Marandoo Mine,Rio Tinto,Metal ore mining,155933.0,214614.0,58681.0,0.0,0.0,0.0,False
2022,original,Mesa A Mine,Rio Tinto,Metal ore mining,64978.0,,,0.0,0.0,0.0,False
2022,original,Mt Keith Power Station,Other,Electricity,165136.0,,,0.0,0.0,0.0,False
2022,original,Mt Marion Lithium Project,Other,Metal ore mining,102697.0,100000.0,-2697.0,2697.0,0.0,0.0,True
2022,original,Murrin Murrin Operations,Other,Metal ore mining,497697.0,617082.0,119385.0,0.0,0.0,0.0,False
2022,original,Newman Operations,BHP,Metal ore mining,294760.0,379460.0,84700.0,0.0,0.0,0.0,False
2022,original,Newman Power Station,Other,Electricity,379196.0,419029.0,39833.0,0.0,0.0,0.0,False
2022,original,Newmont Boddington Gold Operation,Other,Metal ore mining,218213.0,319576.0,101363.0,0.0,0.0,0.0,False
2022,original,Ningaloo Vision FPSO,Other,LNG / oil and gas,329922.0,546091.0,216169.0,0.0,0.0,0.0,False
2022,original,NKS01 Nickel West Kalgoorlie Facility,BHP,Alumina and metals,146936.0,146285.0,-651.0,651.0,0.0,0.0,True
2022,original,NKW01 Nickel West Kwinana Facility,BHP,Alumina and metals,166425.0,,,0.0,0.0,0.0,False
2022,original,NMK01 Nickel West Mt Keith Facility,BHP,Metal ore mining,191852.0,209693.0,17841.0,0.0,0.0,0.0,False
2022,original,North West Shelf Project,Woodside,LNG / oil and gas,6935647.0,,,6254.0,0.0,0.0,False
2022,original,Paraburdoo Mine,Rio Tinto,Metal ore mining,129483.0,100000.0,-29483.0,29483.0,0.0,0.0,True
2022,original,Pilbara Rail Operations,Rio Tinto,Transport,662419.0,681246.0,18827.0,0.0,0.0,0.0,False
2022,original,Pilgangoora Operations,Other,Metal ore mining,101560.0,100000.0,-1560.0,1560.0,0.0,0.0,True
2022,original,Pinjarra Alumina Refinery,Alcoa,Alumina and metals,1437765.0,2798215.0,1360450.0,0.0,0.0,0.0,False
2022,original,Pluto LNG,Woodside,LNG / oil and gas,1839910.0,,,0.0,0.0,0.0,False
2022,original,Premier Coal Mine (Open Cut),Other,Coal mining,108551.0,100000.0,-8551.0,8551.0,0.0,0.0,True
2022,original,PRL03 Rail - IOR Facility,BHP,Transport,566312.0,589216.0,22904.0,0.0,0.0,0.0,False
2022,original,Rail,Other,Transport,259172.0,312095.0,52923.0,0.0,0.0,0.0,False
2022,original,Ravensthorpe Nickel Operation,Other,Metal ore mining,232848.0,324093.0,91245.0,0.0,0.0,0.0,False
2022,original,Roy Hill Mine,Other,Metal ore mining,562306.0,535965.0,-26341.0,26342.0,0.0,0.0,True
2022,original,Sino Iron Project – Cape Preston,CITIC,Metal ore mining,1229931.0,1572924.0,342993.0,0.0,0.0,0.0,False
2022,original,Solomon Mine,Fortescue,Metal ore mining,448524.0,462288.0,13764.0,8411.0,0.0,0.0,False
2022,original,Solomon Power Station,Fortescue,Electricity,206715.0,206495.0,-220.0,220.0,0.0,0.0,True
2022,original,South West Synthetic Rutile Operations,Other,Metal ore mining,357996.0,346104.0,-11892.0,11892.0,0.0,0.0,True
2022,original,Sunrise Dam,Other,Metal ore mining,169125.0,161730.0,-7395.0,7395.0,0.0,0.0,True
2022,original,Telfer Gold Mine,Other,Metal ore mining,448761.0,626808.0,178047.0,0.0,0.0,0.0,False
2022,original,Thunderbox Operations,Other,Metal ore mining,160145.0,213075.0,52930.0,0.0,0.0,0.0,False
2022,original,Tom Price Mine / WTS,Rio Tinto,Metal ore mining,188503.0,138707.0,-49796.0,49796.0,0.0,0.0,True
2022,original,Tropicana Gold Mine,Other,Metal ore mining,316050.0,352345.0,36295.0,0.0,0.0,0.0,False
2022,original,Varanus Hub,Other,LNG / oil and gas,256543.0,463700.0,207157.0,0.0,0.0,0.0,False
2022,original,Vincent Project Venture,Woodside,LNG / oil and gas,234485.0,,,0.0,0.0,0.0,False
2022,original,Wagerup Alumina Refinery,Alcoa,Alumina and metals,1289067.0,1724761.0,435694.0,0.0,0.0,0.0,False
2022,original,West Angelas Mine,Rio Tinto,Metal ore mining,292917.0,331789.0,38872.0,0.0,0.0,0.0,False
2022,original,Western Australia,Other,Transport,102252.0,,,10273.0,0.0,0.0,False
2022,original,Wheatstone Operations,Chevron,LNG / oil and gas,3789472.0,4343119.0,553647.0,0.0,0.0,0.0,False
2022,original,Wodgina Operations,Other,Metal ore mining,111027.0,100000.0,-11027.0,11027.0,0.0,0.0,True
2022,original,WOR01,South32,Alumina and metals,3453837.0,3492670.0,38833.0,0.0,0.0,0.0,False
2022,original,YAN01 Yandi/Marillana Creek Mine - MNG Facility,BHP,Metal ore mining,111995.0,112093.0,98.0,0.0,0.0,0.0,False
2022,original,Yandicoogina Mine,Rio Tinto,Metal ore mining,173685.0,258329.0,84644.0,0.0,0.0,0.0,False
2022,original,Yarnima Power Station,BHP,Electricity,336179.0,421548.0,85369.0,0.0,0.0,0.0,False
2022,original,YPF AMMONIA PLANT,Yara,Other manufacturing,1503171.0,1512283.0,9112.0,0.0,0.0,0.0,False
2023,reformed,APU01 Pyrenees - AOA Facility,Woodside,LNG / oil and gas,116569.0,108074.0,-8495.0,8497.0,,,True
2023,reformed,ARC01 Mining Area C - MNG Facility,BHP,Metal ore mining,512387.0,694935.0,182548.0,,,,False
2023,reformed,Beharra Springs,Other,LNG / oil and gas,145438.0,100000.0,-45438.0,45438.0,,,True
2023,reformed,Brockman 2 / Nammuldi Mines,Rio Tinto,Metal ore mining,312410.0,185088.0,-127322.0,127322.0,,,True
2023,reformed,Brockman 4 Mine,Rio Tinto,Metal ore mining,236261.0,142158.0,-94103.0,94103.0,,,True
2023,reformed,Carosue Dam Operations,Other,Metal ore mining,102722.0,103274.0,552.0,5273.0,,,False
2023,reformed,Chandala Processing Plant,Other,Other manufacturing,227722.0,204507.0,-23215.0,,23215.0,,True
2023,reformed,Christmas Creek Mine,Fortescue,Metal ore mining,372251.0,351986.0,-20265.0,,,,True
2023,reformed,Cloudbreak Mine,Fortescue,Metal ore mining,295132.0,267459.0,-27673.0,8411.0,19262.0,,True
2023,reformed,Cockburn Operations,Other,Other manufacturing,657038.0,671653.0,14615.0,,,14615.0,False
2023,reformed,CSBP Kwinana Facility,Other,Other manufacturing,671716.0,734581.0,62865.0,,,62865.0,False
2023,reformed,CTC WA Facility,Other,Transport,112173.0,115700.0,3527.0,,,3527.0,False
2023,reformed,DBNGP,Other,Transport,250024.0,241857.0,-8167.0,,,,True
2023,reformed,Dongara Operations,Other,Other manufacturing,93193.0,100000.0,6807.0,,,2264.0,False
2023,reformed,Duketon South Operations,Other,Metal ore mining,155772.0,175908.0,20136.0,,,20136.0,False
2023,reformed,Eliwana Mine,Fortescue,Metal ore mining,164894.0,135777.0,-29117.0,,,,True
2023,reformed,Fimiston Operations,Other,Metal ore mining,229779.0,136847.0,-92932.0,92932.0,,,True
2023,reformed,FLNG,Shell,LNG / oil and gas,1851848.0,2929109.0,1077261.0,,,1077261.0,False
2023,reformed,Goldfields Gas Transmission Pipeline,Other,Transport,114123.0,107870.0,-6253.0,6253.0,,,True
2023,reformed,Gorgon Operations,Chevron,LNG / oil and gas,8802650.0,9191453.0,388803.0,,,388803.0,False
2023,reformed,Granny Smith Mine Site,Other,Metal ore mining,113783.0,111619.0,-2164.0,8020.0,,,True
2023,reformed,Greenbushes Lithium Operation,Other,Metal ore mining,104303.0,100000.0,-4303.0,4303.0,,,True
2023,reformed,Gruyere Mine Site,Other,Metal ore mining,204627.0,186298.0,-18329.0,18329.0,,,True
2023,reformed,Gudai-Darri Mine,Other,Metal ore mining,129676.0,604067.0,474391.0,,,474391.0,False
2023,reformed,Hope Downs 1 Mine,Rio Tinto,Metal ore mining,166842.0,126313.0,-40529.0,40529.0,,,True
2023,reformed,Hope Downs 4 Mine,Rio Tinto,Metal ore mining,119586.0,100000.0,-19586.0,19586.0,,,True
2023,reformed,Iron Bridge Mine,Other,Metal ore mining,104560.0,100000.0,-4560.0,2414.0,2146.0,,True
2023,reformed,Jimblebar Mine,BHP,Metal ore mining,310615.0,302155.0,-8460.0,8460.0,,,True
2023,reformed,Jundee Gold Mine,Other,Metal ore mining,144622.0,133307.0,-11315.0,11315.0,,,True
2023,reformed,Kemerton Silicon Smelter,Other,Alumina and metals,95384.0,100000.0,4616.0,,,,False
2023,reformed,King of the Hills,Other,Metal ore mining,132475.0,176726.0,44251.0,,,40725.0,False
2023,reformed,Koolyanobbing Iron Ore Operations,Other,Metal ore mining,82036.0,100000.0,17964.0,,,,False
2023,reformed,Kwinana Alumina Refinery,Alcoa,Alumina and metals,915101.0,824523.0,-90578.0,52729.0,37849.0,,True
2023,reformed,Kwinana Pigment Plant,Other,Other manufacturing,285673.0,244804.0,-40869.0,,40869.0,,True
2023,reformed,Leinster Power Station,Other,Electricity,132927.0,128716.0,-4211.0,4211.0,,,True
2023,reformed,Marandoo Mine,Rio Tinto,Metal ore mining,156177.0,109985.0,-46192.0,46192.0,,,True
2023,reformed,Mesa A Mine,Rio Tinto,Metal ore mining,60255.0,100000.0,39745.0,,,,False
2023,reformed,Mesa J / K Mine,Rio Tinto,Metal ore mining,65868.0,104837.0,38969.0,,,,False
2023,reformed,Mt Keith Power Station,Other,Electricity,160073.0,160670.0,597.0,,,,False
2023,reformed,Mt Marion Lithium Project,Other,Metal ore mining,114220.0,100000.0,-14220.0,14220.0,,,True
2023,reformed,Murrin Murrin Operations,Other,Metal ore mining,523774.0,478181.0,-45593.0,,45593.0,,True
2023,reformed,Newman Operations,BHP,Metal ore mining,316238.0,304376.0,-11862.0,11862.0,,,True
2023,reformed,Newman Power Station,Other,Electricity,376230.0,544310.0,168080.0,,,114505.0,False
2023,reformed,Newmont Boddington Gold Operation,Other,Metal ore mining,238348.0,183027.0,-55321.0,55321.0,,,True
2023,reformed,Ningaloo Vision FPSO,Other,LNG / oil and gas,226731.0,277840.0,51109.0,,,51109.0,False
2023,reformed,NKS01 Nickel West Kalgoorlie Facility,BHP,Alumina and metals,105583.0,123249.0,17666.0,,,17666.0,False
2023,reformed,NKW01 Nickel West Kwinana Facility,BHP,Alumina and metals,169074.0,122189.0,-46885.0,62720.0,17666.0,,True
2023,reformed,NMK01 Nickel West Mt Keith Facility,BHP,Metal ore mining,200895.0,100000.0,-100895.0,100895.0,,,True
2023,reformed,North West Shelf Project,Woodside,LNG / oil and gas,6097509.0,5489531.0,-607978.0,607982.0,,,True
2023,reformed,Paraburdoo Mine,Rio Tinto,Metal ore mining,163892.0,100000.0,-63892.0,63892.0,,,True
2023,reformed,Pilbara Rail Operations,Rio Tinto,Transport,656025.0,611803.0,-44222.0,44222.0,,,True
2023,reformed,Pilgangoora Operations,Other,Metal ore mining,180291.0,168656.0,-11635.0,11635.0,,,True
2023,reformed,Pinjarra Alumina Refinery,Alcoa,Alumina and metals,1347202.0,1417325.0,70123.0,,,70123.0,False
2023,reformed,Pluto LNG,Woodside,LNG / oil and gas,1845003.0,1918373.0,73370.0,,,73370.0,False
2023,reformed,Premier Coal Mine (Open Cut),Other,Coal mining,110312.0,100000.0,-10312.0,10312.0,,,True
2023,reformed,PRL03 Rail - IOR Facility,BHP,Transport,559502.0,526254.0,-33248.0,33248.0,,,True
2023,reformed,Rail,Other,Transport,254871.0,241706.0,-13165.0,4002.0,9163.0,,True
2023,reformed,Ravensthorpe Nickel Operation,Other,Metal ore mining,171706.0,147510.0,-24196.0,24196.0,,,True
2023,reformed,Roy Hill Mine,Other,Metal ore mining,516539.0,470949.0,-45590.0,45590.0,,,True
2023,reformed,Sino Iron Project - Cape Preston,CITIC,Metal ore mining,1111621.0,1091911.0,-19710.0,19710.0,,,True
2023,reformed,Solomon Mine,Fortescue,Metal ore mining,452137.0,390033.0,-62104.0,42926.0,19178.0,,True
2023,reformed,Solomon Power Station,Fortescue,Electricity,316859.0,366608.0,49749.0,,,49749.0,False
2023,reformed,South West Synthetic Rutile Operations,Other,Metal ore mining,216480.0,198049.0,-18431.0,18431.0,,,True
2023,reformed,Sunrise Dam,Other,Metal ore mining,165796.0,146998.0,-18798.0,18798.0,,,True
2023,reformed,Telfer Gold Mine,Other,Metal ore mining,353943.0,291043.0,-62900.0,62900.0,,,True
2023,reformed,Thunderbox Operations,Other,Metal ore mining,174100.0,170892.0,-3208.0,3208.0,,,True
2023,reformed,Tom Price Mine / WTS,Rio Tinto,Metal ore mining,183325.0,161334.0,-21991.0,21991.0,,,True
2023,reformed,Tropicana Gold Mine,Other,Metal ore mining,306196.0,290437.0,-15759.0,15759.0,,,True
2023,reformed,Varanus Hub,Other,LNG / oil and gas,281036.0,237234.0,-43802.0,43802.0,,,True
2023,reformed,Vincent Project Venture,Woodside,LNG / oil and gas,280795.0,263351.0,-17444.0,17445.0,,,True
2023,reformed,Wagerup Alumina Refinery,Alcoa,Alumina and metals,1343954.0,1280185.0,-63769.0,37271.0,26498.0,,True
2023,reformed,West Angelas Mine,Rio Tinto,Metal ore mining,265099.0,208498.0,-56601.0,56601.0,,,True
2023,reformed,Western Australia,Other,Transport,110489.0,100000.0,-10489.0,10489.0,,,True
2023,reformed,Wheatstone Operations,Chevron,LNG / oil and gas,4065836.0,4299587.0,233751.0,,,233751.0,False
2023,reformed,Wodgina Operations,Other,Metal ore mining,166859.0,150054.0,-16805.0,16805.0,,,True
2023,reformed,WOR01,South32,Alumina and metals,3177815.0,3295004.0,117189.0,,,117189.0,False
2023,reformed,YAN01 Yandi/Marillana Creek Mine - MNG Facility,BHP,Metal ore mining,107160.0,100000.0,-7160.0,7160.0,,,True
2023,reformed,Yandicoogina Mine,Rio Tinto,Metal ore mining,151438.0,141890.0,-9548.0,9548.0,,,True
2023,reformed,Yarnima Power Station,BHP,Electricity,347643.0,328998.0,-18645.0,18645.0,,,True
2023,reformed,YPF AMMONIA PLANT,Yara,Other manufacturing,1366029.0,1356400.0,-9629.0,9629.0,,,True
2024,reformed,APU01 Pyrenees - AOA Facility,Woodside,LNG / oil and gas,144213.0,132862.0,-11351.0,10607.0,745.0,,True
2024,reformed,ARC01 Mining Area C - MNG Facility,BHP,Metal ore mining,587292.0,757811.0,170519.0,,,,False
2024,reformed,Beharra Springs,Other,LNG / oil and gas,128002.0,100000.0,-28002.0,11588.0,16414.0,,True
2024,reformed,Brockman 2 / Nammuldi Mines,Rio Tinto,Metal ore mining,304904.0,152378.0,-152526.0,152526.0,,,True
2024,reformed,Brockman 4 Mine,Rio Tinto,Metal ore mining,232771.0,165060.0,-67711.0,67711.0,,,True
2024,reformed,Carosue Dam Operations,Other,Metal ore mining,104670.0,100000.0,-4670.0,,4670.0,,True
2024,reformed,Chandala Processing Plant,Other,Other manufacturing,214468.0,193612.0,-20856.0,20856.0,,,True
2024,reformed,Christmas Creek Mine,Fortescue,Metal ore mining,372827.0,352267.0,-20560.0,,,,True
2024,reformed,Cloudbreak Mine,Fortescue,Metal ore mining,332001.0,247491.0,-84510.0,31575.0,52935.0,,True
2024,reformed,Cockburn Operations,Other,Other manufacturing,524450.0,503740.0,-20710.0,,20710.0,,True
2024,reformed,CSBP Kwinana Facility,Other,Other manufacturing,641327.0,692197.0,50870.0,,,50870.0,False
2024,reformed,CTC WA Facility,Other,Transport,118994.0,119456.0,462.0,,,462.0,False
2024,reformed,DBNGP,Other,Transport,211921.0,232997.0,21076.0,,,,False
2024,reformed,Dongara Operations,Other,Other manufacturing,91814.0,100000.0,8186.0,,,,False
2024,reformed,Duketon South Operations,Other,Metal ore mining,164526.0,167545.0,3019.0,,,3019.0,False
2024,reformed,Eliwana Mine,Fortescue,Metal ore mining,178715.0,157344.0,-21371.0,,,,True
2024,reformed,Fimiston Operations,Other,Metal ore mining,271036.0,125151.0,-145885.0,136139.0,9746.0,,True
2024,reformed,FLNG,Shell,LNG / oil and gas,2253798.0,3675438.0,1421640.0,,,1421640.0,False
2024,reformed,Goldfields Gas Transmission Pipeline,Other,Transport,95267.0,100000.0,4733.0,,,,False
2024,reformed,Gorgon Operations,Chevron,LNG / oil and gas,9021856.0,8543442.0,-478414.0,478414.0,,,True
2024,reformed,Granny Smith Mine Site,Other,Metal ore mining,123215.0,106554.0,-16661.0,16661.0,,,True
2024,reformed,Greenbushes Lithium Operation,Other,Metal ore mining,127780.0,100000.0,-27780.0,27780.0,,,True
2024,reformed,Gruyere Mine Site,Other,Metal ore mining,267882.0,190697.0,-77185.0,77185.0,,,True
2024,reformed,Hope Downs 1 Mine,Rio Tinto,Metal ore mining,161539.0,100000.0,-61539.0,61539.0,,,True
2024,reformed,Hope Downs 4 Mine,Rio Tinto,Metal ore mining,143256.0,100000.0,-43256.0,43256.0,,,True
2024,reformed,Iron Bridge Mine,Other,Metal ore mining,156160.0,100000.0,-56160.0,24819.0,31341.0,,True
2024,reformed,Jimblebar Mine,BHP,Metal ore mining,341862.0,278021.0,-63841.0,63841.0,,,True
2024,reformed,Jundee Gold Mine,Other,Metal ore mining,115913.0,140519.0,24606.0,,,24606.0,False
2024,reformed,Karlawinda Gold Project,Other,Metal ore mining,109583.0,100000.0,-9583.0,9583.0,,,True
2024,reformed,Kemerton Silicon Smelter,Other,Alumina and metals,112136.0,100000.0,-12136.0,,,,True
2024,reformed,King of the Hills,Other,Metal ore mining,136354.0,158105.0,21751.0,,,21751.0,False
2024,reformed,Koodaideri Mine,Other,Metal ore mining,150607.0,593864.0,443257.0,,,443257.0,False
2024,reformed,Kwinana Alumina Refinery,Alcoa,Alumina and metals,139861.0,100000.0,-39861.0,,39861.0,,True
2024,reformed,Kwinana Pigment Plant,Other,Other manufacturing,311831.0,278742.0,-33089.0,23445.0,9644.0,,True
2024,reformed,Leinster Power Station,Other,Electricity,83141.0,100000.0,16859.0,,,,False
2024,reformed,Macedon,Woodside,LNG / oil and gas,113092.0,100000.0,-13092.0,13092.0,,,True
2024,reformed,Marandoo Mine,Rio Tinto,Metal ore mining,153982.0,100000.0,-53982.0,53982.0,,,True
2024,reformed,Mt Keith Power Station,Other,Electricity,52880.0,100000.0,47120.0,,,,False
2024,reformed,Murrin Murrin Operations,Other,Metal ore mining,508542.0,465620.0,-42922.0,,42922.0,,True
2024,reformed,Newman Operations,BHP,Metal ore mining,347444.0,282096.0,-65348.0,65348.0,,,True
2024,reformed,Newman Power Station,Other,Electricity,381037.0,496339.0,115302.0,,,52214.0,False
2024,reformed,Newmont Boddington Gold Operation,Other,Metal ore mining,218347.0,194483.0,-23864.0,11986.0,11878.0,,True
2024,reformed,Ningaloo Vision FPSO,Other,LNG / oil and gas,159413.0,180651.0,21238.0,,,21238.0,False
2024,reformed,NKS01 Nickel West Kalgoorlie Facility,BHP,Alumina and metals,32038.0,100000.0,67962.0,,,,False
2024,reformed,NKW01 Nickel West Kwinana Facility,BHP,Alumina and metals,59573.0,100000.0,40427.0,,,,False
2024,reformed,NMK01 Nickel West Mt Keith Facility,BHP,Metal ore mining,32437.0,100000.0,67563.0,,,,False
2024,reformed,North West Shelf Project,Woodside,LNG / oil and gas,5750304.0,4829212.0,-921092.0,681895.0,239200.0,,True
2024,reformed,Onslow Haul Road,Other,Transport,126242.0,100000.0,-26242.0,26242.0,,,True
2024,reformed,Paraburdoo Mine,Rio Tinto,Metal ore mining,139337.0,100000.0,-39337.0,63907.0,,,True
2024,reformed,Pilbara Rail Operations,Rio Tinto,Transport,651125.0,569672.0,-81453.0,81453.0,,,True
2024,reformed,Pilgangoora Operations,Other,Metal ore mining,167449.0,145243.0,-22206.0,22206.0,,,True
2024,reformed,Pinjarra Alumina Refinery,Alcoa,Alumina and metals,1268082.0,1434251.0,166169.0,,,166169.0,False
2024,reformed,Pluto LNG,Woodside,LNG / oil and gas,1888110.0,1743127.0,-144983.0,144983.0,,,True
2024,reformed,Premier Coal Mine (Open Cut),Other,Coal mining,106030.0,100000.0,-6030.0,6030.0,,,True
2024,reformed,PRL03 Rail - IOR Facility,BHP,Transport,552076.0,503836.0,-48240.0,48240.0,,,True
2024,reformed,Rail,Other,Transport,264806.0,240979.0,-23827.0,10314.0,13513.0,,True
2024,reformed,Ravensthorpe Nickel Operation,Other,Metal ore mining,5876.0,100000.0,94124.0,,,,False
2024,reformed,Roy Hill Mine,Other,Metal ore mining,480607.0,393393.0,-87214.0,87214.0,,,True
2024,reformed,Sino Iron Project – Cape Preston,CITIC,Metal ore mining,836882.0,792477.0,-44405.0,44405.0,,,True
2024,reformed,Solomon Mine,Fortescue,Metal ore mining,470534.0,357442.0,-113092.0,42881.0,70211.0,,True
2024,reformed,Solomon Power Station,Fortescue,Electricity,436601.0,474965.0,38364.0,,,38364.0,False
2024,reformed,South West Synthetic Rutile Operations,Other,Metal ore mining,285198.0,238856.0,-46342.0,46342.0,,,True
2024,reformed,Sunrise Dam,Other,Metal ore mining,163952.0,137390.0,-26562.0,26562.0,,,True
2024,reformed,Telfer Gold Mine,Other,Metal ore mining,119821.0,143577.0,23756.0,,,23756.0,False
2024,reformed,Telfer Gold Mine,Other,Metal ore mining,261212.0,192357.0,-68855.0,68855.0,,,True
2024,reformed,Thunderbox Operations,Other,Metal ore mining,190387.0,180197.0,-10190.0,,10190.0,,True
2024,reformed,Tom Price Mine / WTS,Rio Tinto,Metal ore mining,172874.0,138056.0,-34818.0,34818.0,,,True
2024,reformed,Tropicana Gold Mine,Other,Metal ore mining,280553.0,285439.0,4886.0,,,4886.0,False
2024,reformed,Varanus Hub,Other,LNG / oil and gas,312681.0,227595.0,-85086.0,66000.0,19086.0,,True
2024,reformed,Vincent Project Venture,Woodside,LNG / oil and gas,282383.0,261109.0,-21274.0,21275.0,,,True
2024,reformed,WA Transport facility,Other,Transport,109830.0,100000.0,-9830.0,9830.0,,,True
2024,reformed,Wagerup Alumina Refinery,Alcoa,Alumina and metals,1306994.0,1217338.0,-89656.0,,89656.0,,True
2024,reformed,West Angelas Mine,Rio Tinto,Metal ore mining,264443.0,204720.0,-59723.0,59723.0,,,True
2024,reformed,West Pilbara Iron Ore Project,Other,Metal ore mining,135870.0,100000.0,-35870.0,35870.0,,,True
2024,reformed,Wheatstone Operations,Chevron,LNG / oil and gas,4020667.0,4025022.0,4355.0,,,4355.0,False
2024,reformed,Wodgina Lithium Project,Other,Metal ore mining,169821.0,138301.0,-31520.0,31520.0,,,True
2024,reformed,WOR01,South32,Alumina and metals,3218588.0,3087049.0,-131539.0,63499.0,68040.0,,True
2024,reformed,YAN01 Yandi/Marillana Creek Mine - MNG Facility,BHP,Metal ore mining,106656.0,100000.0,-6656.0,6656.0,,,True
2024,reformed,Yandicoogina Mine,Rio Tinto,Metal ore mining,151953.0,123266.0,-28687.0,28687.0,,,True
2024,reformed,Yarnima Power Station,BHP,Electricity,364582.0,324820.0,-39762.0,39762.0,,,True
2024,reformed,YPF AMMONIA PLANT,Yara,Other manufacturing,1637599.0,1680100.0,42501.0,,,42501.0,False
