year,facility,state,emitter,baseline_t,covered_t,net_t,accus_surrendered,smcs_surrendered,smcs_issued,regime,baseline_mymp_cumulative,facility_id,sector
2016,North West Shelf Project,WA,Woodside Energy Ltd.,22712787.0,7657741.0,7657741.0,0.0,0.0,0.0,original,True,NORTH WEST SHELF PROJECT,LNG / oil and gas
2016,APU01 Pyrenees - AOA Facility,WA,BHP BILLITON PETROLEUM PTY LTD,1765149.0,592482.0,592482.0,0.0,0.0,0.0,original,True,APU01 PYRENEES AOA FACILITY,LNG / oil and gas
2016,Fortescue Rail,WA,THE PILBARA INFRASTRUCTURE PTY LTD,574536.0,193041.0,193041.0,0.0,0.0,0.0,original,True,FORTESCUE RAIL,Other
2016,Eastern Ridge Mine,WA,BHP BILLITON IRON ORE PTY. LTD.,300000.0,101632.0,101632.0,0.0,0.0,0.0,original,True,EASTERN RIDGE MINE,Other
2016,Gorgon Operations,WA,CHEVRON AUSTRALIA PTY LTD,8338429.0,7721771.0,7721771.0,0.0,0.0,0.0,original,False,GORGON OPERATIONS,LNG / oil and gas
2016,WOR01 Worsley Alumina Refinery/Mine,WA,South32 Worsley Alumina Pty Ltd,3722742.0,3661338.0,3661338.0,0.0,0.0,0.0,original,False,WOR01 WORSLEY ALUMINA REFINERY MINE,Other
2016,Pluto LNG,WA,Woodside Burrup Pty. Ltd.,2385534.0,1967704.0,1967704.0,0.0,0.0,0.0,original,False,PLUTO LNG,LNG / oil and gas
2016,Cockburn Operations,WA,Adelaide Brighton Ltd.,1839661.0,1093801.0,1093801.0,0.0,0.0,0.0,original,False,COCKBURN OPERATIONS,Other manufacturing
2016,Yara Pilbara,WA,Yara Pilbara Fertilisers Pty Ltd,1623773.0,1388085.0,1388085.0,0.0,0.0,0.0,original,False,YARA PILBARA,Other
2016,Pinjarra Alumina Refinery,WA,Alcoa of Australia Limited,1550868.0,1470959.0,1470959.0,0.0,0.0,0.0,original,False,PINJARRA ALUMINA REFINERY,Alumina and metals
2016,Wagerup Alumina Refinery,WA,Alcoa of Australia Limited,1481761.0,1433823.0,1433823.0,0.0,0.0,0.0,original,False,WAGERUP ALUMINA REFINERY,Alumina and metals
2016,CSBP Kwinana Facility,WA,CSBP Limited,1319204.0,615658.0,615658.0,0.0,0.0,0.0,original,False,CSBP KWINANA FACILITY,Other manufacturing
2016,Kwinana Alumina Refinery,WA,Alcoa of Australia Limited,1309104.0,1282994.0,1282994.0,0.0,0.0,0.0,original,False,KWINANA ALUMINA REFINERY,Alumina and metals
2016,Sino Iron Project - Cape Preston,WA,CITIC Pacific Mining Management Pty Ltd,1293069.0,1051543.0,1051543.0,0.0,0.0,0.0,original,False,SINO IRON PROJECT CAPE PRESTON,Metal ore mining
2016,Kwinana Refinery,WA,BP REFINERY (KWINANA) PROPRIETARY LIMITED,739256.0,660542.0,660542.0,0.0,0.0,0.0,original,False,KWINANA REFINERY,Other
2016,Pilbara Rail Operations,WA,PILBARA IRON PTY LTD,705421.0,643938.0,643938.0,0.0,0.0,0.0,original,False,PILBARA RAIL OPERATIONS,Transport
2016,Telfer Gold Mine,WA,Newcrest Mining Limited,632775.0,471889.0,471889.0,0.0,0.0,0.0,original,False,TELFER GOLD MINE,Metal ore mining
2016,Varanus Hub,WA,Quadrant Energy Australia Limited,620263.0,262828.0,262828.0,0.0,0.0,0.0,original,False,VARANUS HUB,LNG / oil and gas
2016,Vincent Project Venture,WA,Woodside Energy Ltd.,598755.0,296976.0,296976.0,0.0,0.0,0.0,original,False,VINCENT PROJECT VENTURE,LNG / oil and gas
2016,Murrin Murrin Operations,WA,MURRIN MURRIN OPERATIONS PTY LTD,568485.0,502887.0,502887.0,0.0,0.0,0.0,original,False,MURRIN MURRIN OPERATIONS,Metal ore mining
2016,Christmas Creek Mine,WA,CHICHESTER METALS PTY LTD,556084.0,436482.0,436482.0,0.0,0.0,0.0,original,False,CHRISTMAS CREEK MINE,Metal ore mining
2016,Ningaloo Vision FPSO,WA,Quadrant Energy Australia Limited,547856.0,275343.0,275343.0,0.0,0.0,0.0,original,False,NINGALOO VISION FPSO,LNG / oil and gas
2016,PRL03 Rail - IOR Facility,WA,BHP BILLITON IRON ORE PTY. LTD.,531328.0,510447.0,510447.0,0.0,0.0,0.0,original,False,PRL03 RAIL IOR FACILITY,Transport
2016,Cloudbreak Mine,WA,CHICHESTER METALS PTY LTD,503395.0,411362.0,411362.0,0.0,0.0,0.0,original,False,CLOUDBREAK MINE,Metal ore mining
2016,Roy Hill Mine,WA,Roy Hill Holdings Pty Ltd,386581.0,193723.0,193723.0,0.0,0.0,0.0,original,False,ROY HILL MINE,Metal ore mining
2016,Solomon Mine,WA,FMG SOLOMON PTY LTD,377697.0,324651.0,324651.0,0.0,0.0,0.0,original,False,SOLOMON MINE,Metal ore mining
2016,Chandala Processing Plant,WA,Tronox Management Pty Ltd,374904.0,234537.0,234537.0,0.0,0.0,0.0,original,False,CHANDALA PROCESSING PLANT,Other manufacturing
2016,Newman Power Station,WA,ALINTA ENERGY TRANSMISSION (ROY HILL) PTY LTD,371903.0,159852.0,159852.0,0.0,0.0,0.0,original,False,NEWMAN POWER STATION,Electricity
2016,DBNGP,WA,DBNGP (WA) Transmission Pty Limited,360901.0,235918.0,235918.0,0.0,0.0,0.0,original,False,DBNGP,Transport
2016,ARC01 Mining Area C - MNG Facility,WA,BHP BILLITON IRON ORE PTY. LTD.,354064.0,307622.0,307622.0,0.0,0.0,0.0,original,False,ARC01 MINING AREA C MNG FACILITY,Metal ore mining
2016,Yarnima Power Station,WA,BHP BILLITON IRON ORE PTY. LTD.,333116.0,302918.0,302918.0,0.0,0.0,0.0,original,False,YARNIMA POWER STATION,Electricity
2016,Kwinana Pigment Plant,WA,Tronox Management Pty Ltd,324572.0,309154.0,309154.0,0.0,0.0,0.0,original,False,KWINANA PIGMENT PLANT,Other manufacturing
2016,South West Synthetic Rutile Operations,WA,Iluka Resources Limited,323579.0,236844.0,236844.0,0.0,0.0,0.0,original,False,SOUTH WEST SYNTHETIC RUTILE OPERATIONS,Metal ore mining
2016,Brockman 2 / Nammuldi Mines,WA,Hamersley Iron Pty. Limited,316854.0,266172.0,266172.0,0.0,0.0,0.0,original,False,BROCKMAN 2 NAMMULDI MINES,Metal ore mining
2016,Enfield Project Venture,WA,Woodside Energy Ltd.,309673.0,211235.0,211235.0,0.0,0.0,0.0,original,False,ENFIELD PROJECT VENTURE,Other
2016,Tropicana Gold Mine,WA,AngloGold Ashanti Australia Limited,283693.0,239861.0,239861.0,0.0,0.0,0.0,original,False,TROPICANA GOLD MINE,Metal ore mining
2016,MWB01 Mt Whaleback Mine - MNG Facility,WA,BHP BILLITON IRON ORE PTY. LTD.,253714.0,204194.0,204194.0,0.0,0.0,0.0,original,False,MWB01 MT WHALEBACK MINE MNG FACILITY,Other
2016,West Angelas Mine,WA,Robe River Mining Co. Pty. Ltd.,244656.0,237319.0,237319.0,0.0,0.0,0.0,original,False,WEST ANGELAS MINE,Metal ore mining
2016,Fimiston,WA,KALGOORLIE CONSOLIDATED GOLD MINES PTY LTD,238394.0,226876.0,226876.0,0.0,0.0,0.0,original,False,FIMISTON,Other
2016,Mt Keith Power Station,WA,TEC DESERT PTY LTD,233797.0,219180.0,219180.0,0.0,0.0,0.0,original,False,MT KEITH POWER STATION,Electricity
2016,Wheatstone Project LNG Plant and Associated Facilities,WA,Bechtel (Western Australia) Pty Ltd,229260.0,169756.0,169756.0,0.0,0.0,0.0,original,False,WHEATSTONE PROJECT LNG PLANT AND ASSOCIATED FACILITIES,Other
2016,Jimblebar Mine,WA,BHP BILLITON IRON ORE PTY. LTD.,225310.0,216882.0,216882.0,0.0,0.0,0.0,original,False,JIMBLEBAR MINE,Metal ore mining
2016,AWR Rail Freight WA,WA,AUSTRALIA WESTERN RAILROAD PTY LTD,216451.0,169479.0,169479.0,0.0,0.0,0.0,original,False,AWR RAIL FREIGHT WA,Other
2016,Boddington Mine,WA,NEWMONT BODDINGTON PTY LTD,208038.0,207938.0,207938.0,0.0,0.0,0.0,original,False,BODDINGTON MINE,Other
2016,YAN01 Yandi/Marillana Creek Mine - MNG Facility,WA,BHP BILLITON IRON ORE PTY. LTD.,195783.0,188419.0,188419.0,0.0,0.0,0.0,original,False,YAN01 YANDI MARILLANA CREEK MINE MNG FACILITY,Metal ore mining
2016,Tom Price Mine / WTS,WA,Hamersley Iron Pty. Limited,195096.0,160945.0,160945.0,0.0,0.0,0.0,original,False,TOM PRICE MINE WTS,Metal ore mining
2016,Solomon Power Station,WA,TEC PIPE PTY LTD,183950.0,175216.0,175216.0,0.0,0.0,0.0,original,False,SOLOMON POWER STATION,Electricity
2016,NKW01 Nickel West Kwinana Facility,WA,BHP BILLITON NICKEL WEST PTY LTD,181233.0,162531.0,162531.0,0.0,0.0,0.0,original,False,NKW01 NICKEL WEST KWINANA FACILITY,Alumina and metals
2016,Leinster Power Station,WA,TEC DESERT PTY LTD,173336.0,168384.0,168384.0,0.0,0.0,0.0,original,False,LEINSTER POWER STATION,Electricity
2016,NKS01 Nickel West Kalgoorlie Facility,WA,BHP BILLITON NICKEL WEST PTY LTD,166573.0,161689.0,161689.0,0.0,0.0,0.0,original,False,NKS01 NICKEL WEST KALGOORLIE FACILITY,Alumina and metals
2016,Marandoo Mine,WA,Hamersley Iron Pty. Limited,160856.0,138251.0,138251.0,0.0,0.0,0.0,original,False,MARANDOO MINE,Metal ore mining
2016,ATCO Gas Australia Pty Ltd,WA,ATCO Gas Australia GP Pty Ltd,159142.0,165165.0,159142.0,6023.0,0.0,0.0,original,False,ATCO GAS AUSTRALIA PTY LTD,Other
2016,Koolyanobbing/Windarling Operations,WA,Cliffs Natural Resources Holdings Pty Ltd,155569.0,111149.0,111149.0,0.0,0.0,0.0,original,False,KOOLYANOBBING WINDARLING OPERATIONS,Other
2016,Sunrise Dam,WA,AngloGold Ashanti Australia Limited,146375.0,119170.0,119170.0,0.0,0.0,0.0,original,False,SUNRISE DAM,Metal ore mining
2016,Hope Downs 1 Mine,WA,Hamersley HMS Pty Ltd,146322.0,147190.0,146322.0,868.0,0.0,0.0,original,False,HOPE DOWNS 1 MINE,Metal ore mining
2016,Brockman 4 Mine,WA,Hamersley Iron Pty. Limited,144745.0,135344.0,135344.0,0.0,0.0,0.0,original,False,BROCKMAN 4 MINE,Metal ore mining
2016,Ravensthorpe Nickel Operation,WA,FQM Australia Nickel Pty Ltd,133096.0,110383.0,110383.0,0.0,0.0,0.0,original,False,RAVENSTHORPE NICKEL OPERATION,Metal ore mining
2016,Paraburdoo Mine,WA,Hamersley Iron Pty. Limited,131529.0,114947.0,114947.0,0.0,0.0,0.0,original,False,PARABURDOO MINE,Metal ore mining
2016,Yandicoogina Mine,WA,Hamersley Iron - Yandi Pty Limited,129106.0,134049.0,129106.0,4943.0,0.0,0.0,original,False,YANDICOOGINA MINE,Metal ore mining
2016,Jundee Gold Mine,WA,Northern Star Resources Ltd,124432.0,101563.0,101563.0,0.0,0.0,0.0,original,False,JUNDEE GOLD MINE,Metal ore mining
2016,Kemerton Silicon Smelter,WA,SIMCOA OPERATIONS PTY. LTD.,103809.0,102987.0,102987.0,0.0,0.0,0.0,original,False,KEMERTON SILICON SMELTER,Alumina and metals
2016,St Ives Gold Mine,WA,ST IVES GOLD MINING COMPANY PTY LIMITED,100000.0,101590.0,100000.0,1590.0,0.0,0.0,original,False,ST IVES GOLD MINE,Other
2017,Gorgon Operations,WA,CHEVRON AUSTRALIA PTY LTD,,9022087.0,,0.0,0.0,0.0,original,True,GORGON OPERATIONS,LNG / oil and gas
2017,North West Shelf Project,WA,WOODSIDE ENERGY LTD.,,7645451.0,,0.0,0.0,0.0,original,True,NORTH WEST SHELF PROJECT,LNG / oil and gas
2017,APU01 Pyrenees - AOA Facility,WA,BHP BILLITON PETROLEUM PTY LTD,,307156.0,,0.0,0.0,0.0,original,True,APU01 PYRENEES AOA FACILITY,LNG / oil and gas
2017,Wheatstone Project LNG Plant and Associated Facilities,WA,BECHTEL (WESTERN AUSTRALIA) PTY LTD,,284391.0,,0.0,0.0,0.0,original,True,WHEATSTONE PROJECT LNG PLANT AND ASSOCIATED FACILITIES,Other
2017,Fortescue Rail,WA,THE PILBARA INFRASTRUCTURE PTY LTD,,191407.0,,0.0,0.0,0.0,original,True,FORTESCUE RAIL,Other
2017,Eastern Ridge Mine,WA,BHP BILLITON IRON ORE PTY. LTD.,,90201.0,,0.0,0.0,0.0,original,True,EASTERN RIDGE MINE,Other
2017,Wheatstone Operations,WA,CHEVRON AUSTRALIA PTY LTD,4093724.0,2924996.0,2924996.0,0.0,0.0,0.0,original,False,WHEATSTONE OPERATIONS,LNG / oil and gas
2017,WOR01 Worsley Alumina Refinery/Mine,WA,BHP BILLITON WORSLEY ALUMINA PTY LTD,3722742.0,3581332.0,3581332.0,0.0,0.0,0.0,original,False,WOR01 WORSLEY ALUMINA REFINERY MINE,Other
2017,Prelude Floating Liquified Natural Gas,WA,SHELL AUSTRALIA PTY LTD,2725687.0,253656.0,253656.0,0.0,0.0,0.0,original,False,PRELUDE FLOATING LIQUIFIED NATURAL GAS,Other
2017,Pluto LNG,WA,WOODSIDE BURRUP PTY. LTD.,2385534.0,1931136.0,1931136.0,0.0,0.0,0.0,original,False,PLUTO LNG,LNG / oil and gas
2017,Cockburn Operations,WA,ADELAIDE BRIGHTON LIMITED,1839661.0,1020189.0,1020189.0,0.0,0.0,0.0,original,False,COCKBURN OPERATIONS,Other manufacturing
2017,YPF AMMONIA PLANT,WA,YARA PILBARA FERTILISERS PTY LTD,1623773.0,1512492.0,1512492.0,0.0,0.0,0.0,original,False,YPF AMMONIA PLANT,Other manufacturing
2017,Pinjarra Alumina Refinery,WA,ALCOA OF AUSTRALIA LIMITED,1550868.0,1490263.0,1490263.0,0.0,0.0,0.0,original,False,PINJARRA ALUMINA REFINERY,Alumina and metals
2017,Wagerup Alumina Refinery,WA,ALCOA OF AUSTRALIA LIMITED,1481761.0,1448358.0,1448358.0,0.0,0.0,0.0,original,False,WAGERUP ALUMINA REFINERY,Alumina and metals
2017,CSBP Kwinana Facility,WA,CSBP LIMITED,1319204.0,601148.0,601148.0,0.0,0.0,0.0,original,False,CSBP KWINANA FACILITY,Other manufacturing
2017,Kwinana Alumina Refinery,WA,ALCOA OF AUSTRALIA LIMITED,1309104.0,1250831.0,1250831.0,0.0,0.0,0.0,original,False,KWINANA ALUMINA REFINERY,Alumina and metals
2017,Sino Iron Project – Cape Preston,WA,CITIC PACIFIC MINING MANAGEMENT PTY LTD,1293069.0,1179835.0,1179835.0,0.0,0.0,0.0,original,False,SINO IRON PROJECT CAPE PRESTON,Metal ore mining
2017,Kwinana Refinery,WA,BP REFINERY (KWINANA) PROPRIETARY LIMITED,739256.0,727543.0,727543.0,0.0,0.0,0.0,original,False,KWINANA REFINERY,Other
2017,Pilbara Rail Operations,WA,PILBARA IRON PTY LTD,705421.0,684091.0,684091.0,0.0,0.0,0.0,original,False,PILBARA RAIL OPERATIONS,Transport
2017,Telfer Gold Mine,WA,NEWCREST MINING LIMITED,632775.0,535825.0,535825.0,0.0,0.0,0.0,original,False,TELFER GOLD MINE,Metal ore mining
2017,Varanus Hub,WA,QUADRANT ENERGY AUSTRALIA LIMITED,620263.0,288711.0,288711.0,0.0,0.0,0.0,original,False,VARANUS HUB,LNG / oil and gas
2017,Vincent Project Venture,WA,WOODSIDE ENERGY LTD.,598755.0,192623.0,192623.0,0.0,0.0,0.0,original,False,VINCENT PROJECT VENTURE,LNG / oil and gas
2017,Murrin Murrin Operations,WA,MURRIN MURRIN OPERATIONS PTY LTD,568485.0,513365.0,513365.0,0.0,0.0,0.0,original,False,MURRIN MURRIN OPERATIONS,Metal ore mining
2017,Christmas Creek Mine,WA,CHICHESTER METALS PTY LTD,556084.0,432730.0,432730.0,0.0,0.0,0.0,original,False,CHRISTMAS CREEK MINE,Metal ore mining
2017,Ningaloo Vision FPSO,WA,QUADRANT ENERGY AUSTRALIA LIMITED,547856.0,218175.0,218175.0,0.0,0.0,0.0,original,False,NINGALOO VISION FPSO,LNG / oil and gas
2017,PRL03 Rail - IOR Facility,WA,BHP BILLITON IRON ORE PTY. LTD.,531328.0,509184.0,509184.0,0.0,0.0,0.0,original,False,PRL03 RAIL IOR FACILITY,Transport
2017,Cloudbreak Mine,WA,CHICHESTER METALS PTY LTD,503395.0,379620.0,379620.0,0.0,0.0,0.0,original,False,CLOUDBREAK MINE,Metal ore mining
2017,Roy Hill Mine,WA,ROY HILL HOLDINGS PTY LTD,386581.0,391919.0,386581.0,5338.0,0.0,0.0,original,False,ROY HILL MINE,Metal ore mining
2017,Solomon Mine,WA,FMG SOLOMON PTY LTD,377697.0,334667.0,334667.0,0.0,0.0,0.0,original,False,SOLOMON MINE,Metal ore mining
2017,Chandala Processing Plant,WA,TRONOX MANAGEMENT PTY LTD,374904.0,242617.0,242617.0,0.0,0.0,0.0,original,False,CHANDALA PROCESSING PLANT,Other manufacturing
2017,Newman Power Station,WA,ALINTA ENERGY TRANSMISSION (ROY HILL) PTY LTD,371903.0,188790.0,188790.0,0.0,0.0,0.0,original,False,NEWMAN POWER STATION,Electricity
2017,DBNGP,WA,DBNGP (WA) TRANSMISSION PTY LIMITED,360901.0,251197.0,251197.0,0.0,0.0,0.0,original,False,DBNGP,Transport
2017,ARC01 Mining Area C - MNG Facility,WA,BHP BILLITON IRON ORE PTY. LTD.,354064.0,325339.0,325339.0,0.0,0.0,0.0,original,False,ARC01 MINING AREA C MNG FACILITY,Metal ore mining
2017,Yarnima Power Station,WA,BHP BILLITON IRON ORE PTY. LTD.,333116.0,309875.0,309875.0,0.0,0.0,0.0,original,False,YARNIMA POWER STATION,Electricity
2017,Kwinana Pigment Plant,WA,TRONOX MANAGEMENT PTY LTD,324572.0,311838.0,311838.0,0.0,0.0,0.0,original,False,KWINANA PIGMENT PLANT,Other manufacturing
2017,South West Synthetic Rutile Operations,WA,ILUKA RESOURCES LIMITED,323579.0,252765.0,252765.0,0.0,0.0,0.0,original,False,SOUTH WEST SYNTHETIC RUTILE OPERATIONS,Metal ore mining
2017,Brockman 2 / Nammuldi Mines,WA,HAMERSLEY IRON PTY. LIMITED,316854.0,255798.0,255798.0,0.0,0.0,0.0,original,False,BROCKMAN 2 NAMMULDI MINES,Metal ore mining
2017,Enfield Project Venture,WA,WOODSIDE ENERGY LTD.,309673.0,200381.0,200381.0,0.0,0.0,0.0,original,False,ENFIELD PROJECT VENTURE,Other
2017,Tropicana Gold Mine,WA,ANGLOGOLD ASHANTI AUSTRALIA LIMITED,283693.0,253779.0,253779.0,0.0,0.0,0.0,original,False,TROPICANA GOLD MINE,Metal ore mining
2017,MWB01 Mt Whaleback Mine - MNG Facility,WA,BHP BILLITON IRON ORE PTY. LTD.,253714.0,216854.0,216854.0,0.0,0.0,0.0,original,False,MWB01 MT WHALEBACK MINE MNG FACILITY,Other
2017,West Angelas Mine,WA,ROBE RIVER MINING CO. PTY. LTD.,244656.0,221493.0,221493.0,0.0,0.0,0.0,original,False,WEST ANGELAS MINE,Metal ore mining
2017,Fimiston,WA,KALGOORLIE CONSOLIDATED GOLD MINES PTY LTD,238394.0,193366.0,193366.0,0.0,0.0,0.0,original,False,FIMISTON,Other
2017,Mt Keith Power Station,WA,TEC DESERT PTY LTD,233797.0,222682.0,222682.0,0.0,0.0,0.0,original,False,MT KEITH POWER STATION,Electricity
2017,Jimblebar Mine,WA,BHP BILLITON IRON ORE PTY. LTD.,225310.0,240050.0,225310.0,14740.0,0.0,0.0,original,False,JIMBLEBAR MINE,Metal ore mining
2017,AWR Rail Freight WA,WA,AUSTRALIA WESTERN RAILROAD PTY LTD,216451.0,160565.0,160565.0,0.0,0.0,0.0,original,False,AWR RAIL FREIGHT WA,Other
2017,Boddington Mine,WA,NEWMONT BODDINGTON PTY LTD,208038.0,187137.0,187137.0,0.0,0.0,0.0,original,False,BODDINGTON MINE,Other
2017,YAN01 Yandi/Marillana Creek Mine - MNG Facility,WA,BHP BILLITON IRON ORE PTY. LTD.,195783.0,179972.0,179972.0,0.0,0.0,0.0,original,False,YAN01 YANDI MARILLANA CREEK MINE MNG FACILITY,Metal ore mining
2017,Tom Price Mine / WTS,WA,HAMERSLEY IRON PTY. LIMITED,195096.0,150295.0,150295.0,0.0,0.0,0.0,original,False,TOM PRICE MINE WTS,Metal ore mining
2017,NKW01 Nickel West Kwinana Facility,WA,BHP BILLITON NICKEL WEST PTY LTD,181233.0,161594.0,161594.0,0.0,0.0,0.0,original,False,NKW01 NICKEL WEST KWINANA FACILITY,Alumina and metals
2017,Leinster Power Station,WA,TEC DESERT PTY LTD,173336.0,169107.0,169107.0,0.0,0.0,0.0,original,False,LEINSTER POWER STATION,Electricity
2017,NKS01 Nickel West Kalgoorlie Facility,WA,BHP BILLITON NICKEL WEST PTY LTD,166573.0,163414.0,163414.0,0.0,0.0,0.0,original,False,NKS01 NICKEL WEST KALGOORLIE FACILITY,Alumina and metals
2017,Marandoo Mine,WA,HAMERSLEY IRON PTY. LIMITED,160856.0,130849.0,130849.0,0.0,0.0,0.0,original,False,MARANDOO MINE,Metal ore mining
2017,ATCO Gas Australia Pty Ltd,WA,ATCO GAS AUSTRALIA GP PTY LTD,159142.0,159734.0,159142.0,592.0,0.0,0.0,original,False,ATCO GAS AUSTRALIA PTY LTD,Other
2017,Sunrise Dam,WA,ANGLOGOLD ASHANTI AUSTRALIA LIMITED,146375.0,125845.0,125845.0,0.0,0.0,0.0,original,False,SUNRISE DAM,Metal ore mining
2017,Hope Downs 1 Mine,WA,HAMERSLEY HMS PTY LTD,146322.0,142053.0,142053.0,0.0,0.0,0.0,original,False,HOPE DOWNS 1 MINE,Metal ore mining
2017,Brockman 4 Mine,WA,HAMERSLEY IRON PTY. LIMITED,144745.0,132773.0,132773.0,0.0,0.0,0.0,original,False,BROCKMAN 4 MINE,Metal ore mining
2017,Paraburdoo Mine,WA,HAMERSLEY IRON PTY. LIMITED,131529.0,112186.0,112186.0,0.0,0.0,0.0,original,False,PARABURDOO MINE,Metal ore mining
2017,Yandicoogina Mine,WA,HAMERSLEY IRON - YANDI PTY LIMITED,129106.0,139207.0,129106.0,10101.0,0.0,0.0,original,False,YANDICOOGINA MINE,Metal ore mining
2017,Jundee Gold Mine,WA,NORTHERN STAR RESOURCES LIMITED,124432.0,101749.0,101749.0,0.0,0.0,0.0,original,False,JUNDEE GOLD MINE,Metal ore mining
2017,Solomon Power Station,WA,FMG SOLOMON PTY LTD,123473.0,115169.0,115169.0,0.0,0.0,0.0,original,False,SOLOMON POWER STATION,Electricity
2017,Kemerton Silicon Smelter,WA,SIMCOA OPERATIONS PTY. LTD.,103809.0,102882.0,102882.0,0.0,0.0,0.0,original,False,KEMERTON SILICON SMELTER,Alumina and metals
2017,RMS PORT HEDLAND,WA,RIVET MINING SERVICES PTY LTD,100000.0,100646.0,100000.0,646.0,0.0,0.0,original,False,RMS PORT HEDLAND,Other
2017,Solomon Power Station,WA,TEC PIPE PTY LTD,62493.0,58143.0,58143.0,0.0,0.0,0.0,original,False,SOLOMON POWER STATION,Electricity
2018,ATCO Gas Australia Pty Ltd,WA,ATCO GAS AUSTRALIA GP PTY LTD,159142.0,166574.0,159142.0,7432.0,0.0,0.0,original,False,ATCO GAS AUSTRALIA PTY LTD,Other
2018,Brockman 2 / Nammuldi Mines,WA,HAMERSLEY IRON PTY. LIMITED,316854.0,252090.0,252090.0,0.0,0.0,0.0,original,False,BROCKMAN 2 NAMMULDI MINES,Metal ore mining
2018,Brockman 4 Mine,WA,HAMERSLEY IRON PTY. LIMITED,144745.0,134937.0,134937.0,0.0,0.0,0.0,original,False,BROCKMAN 4 MINE,Metal ore mining
2018,FLNG,WA,SHELL AUSTRALIA PTY LTD,2725687.0,2317273.0,2317273.0,0.0,0.0,0.0,original,False,FLNG,LNG / oil and gas
2018,Hope Downs 1 Mine,WA,HAMERSLEY HMS PTY LTD,146322.0,148347.0,146322.0,2025.0,0.0,0.0,original,False,HOPE DOWNS 1 MINE,Metal ore mining
2018,Jundee Gold Mine,WA,NORTHERN STAR RESOURCES LTD,124432.0,107881.0,107881.0,0.0,0.0,0.0,original,False,JUNDEE GOLD MINE,Metal ore mining
2018,Kemerton Silicon Smelter,WA,SIMCOA OPERATIONS PTY. LTD.,103809.0,105739.0,103809.0,1930.0,0.0,0.0,original,False,KEMERTON SILICON SMELTER,Alumina and metals
2018,Marandoo Mine,WA,HAMERSLEY IRON PTY. LIMITED,160856.0,147503.0,147503.0,0.0,0.0,0.0,original,False,MARANDOO MINE,Metal ore mining
2018,NKW01 Nickel West Kwinana Facility,WA,BHP BILLITON NICKEL WEST PTY LTD,181233.0,164078.0,164078.0,0.0,0.0,0.0,original,False,NKW01 NICKEL WEST KWINANA FACILITY,Alumina and metals
2018,Paraburdoo Mine,WA,HAMERSLEY IRON PTY. LIMITED,131529.0,101184.0,101184.0,0.0,0.0,0.0,original,False,PARABURDOO MINE,Metal ore mining
2018,Pilbara Rail Operations,WA,PILBARA IRON PTY LTD,705421.0,625143.0,625143.0,0.0,0.0,0.0,original,False,PILBARA RAIL OPERATIONS,Transport
2018,PRL03 Rail - IOR Facility,WA,BHP BILLITON IRON ORE PTY. LTD.,531328.0,494600.0,494600.0,0.0,0.0,0.0,original,False,PRL03 RAIL IOR FACILITY,Transport
2018,Sino Iron Project - Cape Preston,WA,CITIC PACIFIC MINING MANAGEMENT PTY LTD,1293069.0,1256525.0,1256525.0,0.0,0.0,0.0,original,False,SINO IRON PROJECT CAPE PRESTON,Metal ore mining
2018,Solomon Power Station,WA,FMG SOLOMON PTY LTD,183950.0,182117.0,182117.0,0.0,0.0,0.0,original,False,SOLOMON POWER STATION,Electricity
2018,Tom Price Mine / WTS,WA,HAMERSLEY IRON PTY. LIMITED,188447.0,156557.0,156557.0,0.0,0.0,0.0,original,False,TOM PRICE MINE WTS,Metal ore mining
2018,Tropicana Gold Mine,WA,ANGLOGOLD ASHANTI AUSTRALIA LIMITED,283693.0,278020.0,278020.0,0.0,0.0,0.0,original,False,TROPICANA GOLD MINE,Metal ore mining
2018,Wagerup Alumina Refinery,WA,ALCOA OF AUSTRALIA LIMITED,1481761.0,1380208.0,1380208.0,0.0,0.0,0.0,original,False,WAGERUP ALUMINA REFINERY,Alumina and metals
2018,West Angelas Mine,WA,ROBE RIVER MINING CO. PTY. LTD.,244656.0,245954.0,244656.0,1298.0,0.0,0.0,original,False,WEST ANGELAS MINE,Metal ore mining
2018,Wheatstone Operations,WA,CHEVRON AUSTRALIA PTY LTD,4093724.0,4056663.0,4056663.0,0.0,0.0,0.0,original,False,WHEATSTONE OPERATIONS,LNG / oil and gas
2018,WOR01 Worsley Alumina Refinery/Mine,WA,SOUTH32 WORSLEY ALUMINA PTY LTD,3722742.0,3613937.0,3613937.0,0.0,0.0,0.0,original,False,WOR01 WORSLEY ALUMINA REFINERY MINE,Other
2018,Yandicoogina Mine,WA,HAMERSLEY IRON - YANDI PTY LIMITED,142111.0,151455.0,142111.0,9344.0,0.0,0.0,original,False,YANDICOOGINA MINE,Metal ore mining
2018,Yarnima Power Station,WA,BHP BILLITON IRON ORE PTY. LTD.,333116.0,307802.0,307802.0,0.0,0.0,0.0,original,False,YARNIMA POWER STATION,Electricity
2018,Mt Morgans Gold Project,WA,MT MORGANS WA MINING PTY LTD,100000.0,100816.0,100000.0,816.0,0.0,0.0,original,False,MT MORGANS GOLD PROJECT,Other
2018,APU01 Pyrenees - AOA Facility,WA,BHP PETROLEUM PTY LTD,,201552.0,,0.0,0.0,0.0,original,False,APU01 PYRENEES AOA FACILITY,LNG / oil and gas
2018,ARC01 Mining Area C - MNG Facility,WA,BHP BILLITON IRON ORE PTY. LTD.,,370602.0,,0.0,0.0,0.0,original,False,ARC01 MINING AREA C MNG FACILITY,Metal ore mining
2018,Dongara Operations,WA,ADELAIDE BRIGHTON LTD.,,106316.0,,0.0,0.0,0.0,original,False,DONGARA OPERATIONS,Other manufacturing
2018,Eastern Ridge Mine,WA,BHP BILLITON IRON ORE PTY. LTD.,,94892.0,,0.0,0.0,0.0,original,False,EASTERN RIDGE MINE,Other
2018,Facility WA CTC,WA,CENTURION TRANSPORT CO. PTY LTD,,102688.0,,0.0,0.0,0.0,original,False,FACILITY WA CTC,Other
2018,Gorgon Operations,WA,CHEVRON AUSTRALIA PTY LTD,,8970457.0,,0.0,0.0,0.0,original,False,GORGON OPERATIONS,LNG / oil and gas
2018,Jimblebar Mine,WA,BHP BILLITON IRON ORE PTY. LTD.,,294288.0,,0.0,0.0,0.0,original,False,JIMBLEBAR MINE,Metal ore mining
2018,North West Shelf Project,WA,WOODSIDE ENERGY LTD.,,7387040.0,,0.0,0.0,0.0,original,False,NORTH WEST SHELF PROJECT,LNG / oil and gas
2018,Rail,WA,THE PILBARA INFRASTRUCTURE PTY LTD,,191558.0,,1470.0,0.0,0.0,original,False,RAIL,Transport
2018,Roy Hill Mine,WA,ROY HILL HOLDINGS PTY LTD,,412588.0,,0.0,0.0,0.0,original,False,ROY HILL MINE,Metal ore mining
2018,Solomon Mine,WA,FMG SOLOMON PTY LTD,,392995.0,,0.0,0.0,0.0,original,False,SOLOMON MINE,Metal ore mining
2018,Wheatstone Project LNG Plant and Associated Facilities,WA,BECHTEL (WESTERN AUSTRALIA) PTY LTD,,64378.0,,0.0,0.0,0.0,original,False,WHEATSTONE PROJECT LNG PLANT AND ASSOCIATED FACILITIES,Other
2018,AWR Rail Freight WA,WA,AUSTRALIA WESTERN RAILROAD PTY LTD,216451.0,109861.0,109861.0,0.0,0.0,0.0,original,False,AWR RAIL FREIGHT WA,Other
2018,Chandala Processing Plant,WA,TRONOX MANAGEMENT PTY LTD,374904.0,251592.0,251592.0,0.0,0.0,0.0,original,False,CHANDALA PROCESSING PLANT,Other manufacturing
2018,Christmas Creek Mine,WA,CHICHESTER METALS PTY LTD,556084.0,510900.0,510900.0,0.0,0.0,0.0,original,False,CHRISTMAS CREEK MINE,Metal ore mining
2018,Cloudbreak Mine,WA,CHICHESTER METALS PTY LTD,503395.0,401193.0,401193.0,0.0,0.0,0.0,original,False,CLOUDBREAK MINE,Metal ore mining
2018,Cockburn Operations,WA,ADELAIDE BRIGHTON LTD.,1839661.0,947905.0,947905.0,0.0,0.0,0.0,original,False,COCKBURN OPERATIONS,Other manufacturing
2018,CSBP Kwinana Facility,WA,CSBP LIMITED,1319204.0,722204.0,722204.0,0.0,0.0,0.0,original,False,CSBP KWINANA FACILITY,Other manufacturing
2018,DBNGP,WA,DBNGP (WA) TRANSMISSION PTY LIMITED,360901.0,249283.0,249283.0,0.0,0.0,0.0,original,False,DBNGP,Transport
2018,Granny Smith Mine Site,WA,GSM MINING COMPANY PTY LTD,117516.0,102701.0,116467.0,7271.0,0.0,0.0,original,False,GRANNY SMITH MINE SITE,Metal ore mining
2018,Kwinana Alumina Refinery,WA,ALCOA OF AUSTRALIA LIMITED,1309104.0,1258124.0,1258124.0,0.0,0.0,0.0,original,False,KWINANA ALUMINA REFINERY,Alumina and metals
2018,Kwinana Pigment Plant,WA,TRONOX MANAGEMENT PTY LTD,324572.0,311503.0,311503.0,0.0,0.0,0.0,original,False,KWINANA PIGMENT PLANT,Other manufacturing
2018,Kwinana Refinery,WA,BP REFINERY (KWINANA) PROPRIETARY LIMITED,739256.0,711680.0,711680.0,0.0,0.0,0.0,original,False,KWINANA REFINERY,Other
2018,Leinster Power Station,WA,TEC DESERT PTY LTD,173336.0,169412.0,169412.0,0.0,0.0,0.0,original,False,LEINSTER POWER STATION,Electricity
2018,Mt Keith Power Station,WA,TEC DESERT PTY LTD,233797.0,221404.0,221404.0,0.0,0.0,0.0,original,False,MT KEITH POWER STATION,Electricity
2018,Murrin Murrin Operations,WA,MURRIN MURRIN OPERATIONS PTY LTD,568485.0,502006.0,502006.0,0.0,0.0,0.0,original,False,MURRIN MURRIN OPERATIONS,Metal ore mining
2018,MWB01 Mt Whaleback Mine - MNG Facility,WA,BHP BILLITON IRON ORE PTY. LTD.,253714.0,258438.0,253714.0,4724.0,0.0,0.0,original,False,MWB01 MT WHALEBACK MINE MNG FACILITY,Other
2018,Newman Power Station,WA,ALINTA ENERGY TRANSMISSION (ROY HILL) PTY LTD,371903.0,191945.0,191945.0,0.0,0.0,0.0,original,False,NEWMAN POWER STATION,Electricity
2018,Newmont Goldcorp Boddington Operation,WA,NEWMONT BODDINGTON PTY LTD,208038.0,209503.0,208038.0,1465.0,0.0,0.0,original,False,NEWMONT GOLDCORP BODDINGTON OPERATION,Other
2018,Ningaloo Vision FPSO,WA,SANTOS LIMITED,547856.0,303614.0,303614.0,0.0,0.0,0.0,original,False,NINGALOO VISION FPSO,LNG / oil and gas
2018,NKS01 Nickel West Kalgoorlie Facility,WA,BHP BILLITON NICKEL WEST PTY LTD,166573.0,161434.0,161434.0,0.0,0.0,0.0,original,False,NKS01 NICKEL WEST KALGOORLIE FACILITY,Alumina and metals
2018,Pinjarra Alumina Refinery,WA,ALCOA OF AUSTRALIA LIMITED,1550868.0,1514832.0,1514832.0,0.0,0.0,0.0,original,False,PINJARRA ALUMINA REFINERY,Alumina and metals
2018,Pluto LNG,WA,WOODSIDE BURRUP PTY. LTD.,2385534.0,1747412.0,1747412.0,0.0,0.0,0.0,original,False,PLUTO LNG,LNG / oil and gas
2018,South West Synthetic Rutile Operations,WA,ILUKA RESOURCES LIMITED,323579.0,219421.0,219421.0,0.0,0.0,0.0,original,False,SOUTH WEST SYNTHETIC RUTILE OPERATIONS,Metal ore mining
2018,Sunrise Dam,WA,ANGLOGOLD ASHANTI AUSTRALIA LIMITED,146375.0,147500.0,146375.0,1125.0,0.0,0.0,original,False,SUNRISE DAM,Metal ore mining
2018,Telfer Gold Mine,WA,NEWCREST MINING LIMITED,632775.0,543934.0,543934.0,0.0,0.0,0.0,original,False,TELFER GOLD MINE,Metal ore mining
2018,Varanus Hub,WA,SANTOS LIMITED,620263.0,268850.0,268850.0,0.0,0.0,0.0,original,False,VARANUS HUB,LNG / oil and gas
2018,YAN01 Yandi/Marillana Creek Mine - MNG Facility,WA,BHP BILLITON IRON ORE PTY. LTD.,195783.0,198278.0,195783.0,2495.0,0.0,0.0,original,False,YAN01 YANDI MARILLANA CREEK MINE MNG FACILITY,Metal ore mining
2018,YPF AMMONIA PLANT,WA,YARA PILBARA FERTILISERS PTY LTD,1623773.0,992241.0,992241.0,0.0,0.0,0.0,original,False,YPF AMMONIA PLANT,Other manufacturing
2019,FLNG,WA,SHELL AUSTRALIA PTY LTD,2725687.0,1715913.0,1715913.0,0.0,0.0,0.0,original,False,FLNG,LNG / oil and gas
2019,APU01 Pyrenees - AOA Facility,WA,BHP PETROLEUM PTY LTD,588383.0,272811.0,272811.0,0.0,0.0,0.0,original,False,APU01 PYRENEES AOA FACILITY,LNG / oil and gas
2019,ARC01 Mining Area C - MNG Facility,WA,BHP IRON ORE PTY LTD,,419809.0,,0.0,0.0,0.0,original,False,ARC01 MINING AREA C MNG FACILITY,Metal ore mining
2019,ATCO Gas Australia Pty Ltd,WA,ATCO GAS AUSTRALIA GP PTY LTD,159142.0,107412.0,107412.0,0.0,0.0,0.0,original,False,ATCO GAS AUSTRALIA PTY LTD,Other
2019,AWR Rail Freight WA,WA,AUSTRALIA WESTERN RAILROAD PTY LTD,216451.0,119792.0,119792.0,0.0,0.0,0.0,original,False,AWR RAIL FREIGHT WA,Other
2019,Brockman 2 / Nammuldi Mines,WA,HAMERSLEY IRON PTY. LIMITED,316854.0,268256.0,268256.0,0.0,0.0,0.0,original,False,BROCKMAN 2 NAMMULDI MINES,Metal ore mining
2019,Brockman 4 Mine,WA,HAMERSLEY IRON PTY. LIMITED,144745.0,152565.0,144745.0,7820.0,0.0,0.0,original,False,BROCKMAN 4 MINE,Metal ore mining
2019,Chandala Processing Plant,WA,TRONOX MANAGEMENT PTY LTD,374904.0,272417.0,272417.0,0.0,0.0,0.0,original,False,CHANDALA PROCESSING PLANT,Other manufacturing
2019,Christmas Creek Mine,WA,CHICHESTER METALS PTY LTD,556084.0,546522.0,546522.0,0.0,0.0,0.0,original,False,CHRISTMAS CREEK MINE,Metal ore mining
2019,Cloudbreak Mine,WA,CHICHESTER METALS PTY LTD,503395.0,419050.0,419050.0,0.0,0.0,0.0,original,False,CLOUDBREAK MINE,Metal ore mining
2019,Cockburn Operations,WA,ADBRI LIMITED,1839661.0,979493.0,979493.0,0.0,0.0,0.0,original,False,COCKBURN OPERATIONS,Other manufacturing
2019,CSBP Kwinana Facility,WA,CSBP LIMITED,1319204.0,800136.0,800136.0,0.0,0.0,0.0,original,False,CSBP KWINANA FACILITY,Other manufacturing
2019,DBNGP,WA,DBNGP (WA) TRANSMISSION PTY LIMITED,360901.0,269997.0,269997.0,0.0,0.0,0.0,original,False,DBNGP,Transport
2019,Dongara Operations,WA,ADBRI LIMITED,,107932.0,,0.0,0.0,0.0,original,False,DONGARA OPERATIONS,Other manufacturing
2019,Facility WA CTC,WA,CENTURION TRANSPORT CO. PTY LTD,,103388.0,,0.0,0.0,0.0,original,False,FACILITY WA CTC,Other
2019,Fimiston,WA,KALGOORLIE CONSOLIDATED GOLD MINES PTY LTD,238394.0,137956.0,137956.0,0.0,0.0,0.0,original,False,FIMISTON,Other
2019,Fortescue Rail,WA,THE PILBARA INFRASTRUCTURE PTY LTD,271761.0,237434.0,237434.0,0.0,0.0,0.0,original,False,FORTESCUE RAIL,Other
2019,Goldfields Gas Transmission Pipeline,WA,GOLDFIELDS GAS TRANSMISSION PTY LTD,,113174.0,,0.0,0.0,0.0,original,False,GOLDFIELDS GAS TRANSMISSION PIPELINE,Transport
2019,Gorgon Operations,WA,CHEVRON AUSTRALIA PTY LTD,,6263348.0,,0.0,0.0,0.0,original,False,GORGON OPERATIONS,LNG / oil and gas
2019,Granny Smith Mine Site,WA,GSM MINING COMPANY PTY LTD,117516.0,109243.0,117516.0,152.0,0.0,0.0,original,False,GRANNY SMITH MINE SITE,Metal ore mining
2019,Gruyere Gold Mine,WA,GRUYERE MINING COMPANY PTY LTD,243279.0,149110.0,149110.0,0.0,0.0,0.0,original,False,GRUYERE GOLD MINE,Other
2019,Hope Downs 1 Mine,WA,HAMERSLEY HMS PTY LTD,152296.0,158056.0,152296.0,5760.0,0.0,0.0,original,False,HOPE DOWNS 1 MINE,Metal ore mining
2019,Hope Downs 4 Mine,WA,HAMERSLEY HMS PTY LTD,100000.0,103695.0,100000.0,3695.0,0.0,0.0,original,False,HOPE DOWNS 4 MINE,Metal ore mining
2019,Jimblebar Mine,WA,BHP IRON ORE PTY LTD,,309973.0,,0.0,0.0,0.0,original,False,JIMBLEBAR MINE,Metal ore mining
2019,Jundee Gold Mine,WA,NORTHERN STAR RESOURCES LTD,173116.0,116035.0,116035.0,0.0,0.0,0.0,original,False,JUNDEE GOLD MINE,Metal ore mining
2019,Kemerton Silicon Smelter,WA,SIMCOA OPERATIONS PTY. LTD.,103809.0,107847.0,103809.0,4038.0,0.0,0.0,original,False,KEMERTON SILICON SMELTER,Alumina and metals
2019,Kwinana Alumina Refinery,WA,ALCOA OF AUSTRALIA LIMITED,1309104.0,1272256.0,1272256.0,0.0,0.0,0.0,original,False,KWINANA ALUMINA REFINERY,Alumina and metals
2019,Kwinana Pigment Plant,WA,TRONOX MANAGEMENT PTY LTD,324572.0,315606.0,315606.0,0.0,0.0,0.0,original,False,KWINANA PIGMENT PLANT,Other manufacturing
2019,Kwinana Refinery,WA,BP REFINERY (KWINANA) PROPRIETARY LIMITED,739256.0,663005.0,663005.0,0.0,0.0,0.0,original,False,KWINANA REFINERY,Other
2019,Leinster Power Station,WA,TEC DESERT PTY LTD,173336.0,162075.0,162075.0,0.0,0.0,0.0,original,False,LEINSTER POWER STATION,Electricity
2019,Marandoo Mine,WA,HAMERSLEY IRON PTY. LIMITED,160856.0,143365.0,143365.0,0.0,0.0,0.0,original,False,MARANDOO MINE,Metal ore mining
2019,Mt Keith Power Station,WA,TEC DESERT PTY LTD,233797.0,199198.0,199198.0,0.0,0.0,0.0,original,False,MT KEITH POWER STATION,Electricity
2019,Mt Morgans Gold Project,WA,MT MORGANS WA MINING PTY LTD,100000.0,104336.0,100000.0,4336.0,0.0,0.0,original,False,MT MORGANS GOLD PROJECT,Other
2019,Murrin Murrin Operations,WA,MURRIN MURRIN OPERATIONS PTY LTD,568485.0,488332.0,488332.0,0.0,0.0,0.0,original,False,MURRIN MURRIN OPERATIONS,Metal ore mining
2019,Newman Operations,WA,BHP IRON ORE PTY LTD,,352174.0,,0.0,0.0,0.0,original,False,NEWMAN OPERATIONS,Metal ore mining
2019,Newman Power Station,WA,ALINTA ENERGY TRANSMISSION (ROY HILL) PTY LTD,604378.0,187289.0,187289.0,0.0,0.0,0.0,original,False,NEWMAN POWER STATION,Electricity
2019,Newmont Boddington Gold Operation,WA,NEWMONT BODDINGTON PTY LTD,340447.0,227833.0,227833.0,0.0,0.0,0.0,original,False,NEWMONT BODDINGTON GOLD OPERATION,Metal ore mining
2019,Ningaloo Vision FPSO,WA,SANTOS LIMITED,547856.0,263388.0,263388.0,0.0,0.0,0.0,original,False,NINGALOO VISION FPSO,LNG / oil and gas
2019,NKS01 Nickel West Kalgoorlie Facility,WA,BHP BILLITON NICKEL WEST PTY LTD,166573.0,153723.0,153723.0,0.0,0.0,0.0,original,False,NKS01 NICKEL WEST KALGOORLIE FACILITY,Alumina and metals
2019,NKW01 Nickel West Kwinana Facility,WA,BHP BILLITON NICKEL WEST PTY LTD,181233.0,156593.0,156593.0,0.0,0.0,0.0,original,False,NKW01 NICKEL WEST KWINANA FACILITY,Alumina and metals
2019,NMK01 Nickel West Mt Keith Facility,WA,BHP BILLITON NICKEL WEST PTY LTD,152368.0,122829.0,122829.0,0.0,0.0,0.0,original,False,NMK01 NICKEL WEST MT KEITH FACILITY,Metal ore mining
2019,North West Shelf Project,WA,WOODSIDE ENERGY LTD.,7570929.0,6878006.0,6878006.0,0.0,0.0,0.0,original,False,NORTH WEST SHELF PROJECT,LNG / oil and gas
2019,Paraburdoo Mine,WA,HAMERSLEY IRON PTY. LIMITED,120836.0,113335.0,113335.0,0.0,0.0,0.0,original,False,PARABURDOO MINE,Metal ore mining
2019,Pilbara Rail Operations,WA,PILBARA IRON PTY LTD,705421.0,631384.0,631384.0,0.0,0.0,0.0,original,False,PILBARA RAIL OPERATIONS,Transport
2019,Pinjarra Alumina Refinery,WA,ALCOA OF AUSTRALIA LIMITED,1550868.0,1505129.0,1505129.0,0.0,0.0,0.0,original,False,PINJARRA ALUMINA REFINERY,Alumina and metals
2019,Pluto LNG,WA,WOODSIDE BURRUP PTY. LTD.,2385534.0,1862948.0,1862948.0,0.0,0.0,0.0,original,False,PLUTO LNG,LNG / oil and gas
2019,PRL03 Rail - IOR Facility,WA,BHP IRON ORE PTY LTD,576806.0,537676.0,537676.0,0.0,0.0,0.0,original,False,PRL03 RAIL IOR FACILITY,Transport
2019,Roy Hill Mine,WA,ROY HILL HOLDINGS PTY LTD,,428087.0,,0.0,0.0,0.0,original,False,ROY HILL MINE,Metal ore mining
2019,Sino Iron Project - Cape Preston,WA,CITIC PACIFIC MINING MANAGEMENT PTY LTD,1679069.0,1305831.0,1305831.0,0.0,0.0,0.0,original,False,SINO IRON PROJECT CAPE PRESTON,Metal ore mining
2019,Solomon Mine,WA,FMG SOLOMON PTY LTD,,447213.0,,0.0,0.0,0.0,original,False,SOLOMON MINE,Metal ore mining
2019,Solomon Power Station,WA,FMG SOLOMON PTY LTD,345831.0,185244.0,185244.0,0.0,0.0,0.0,original,False,SOLOMON POWER STATION,Electricity
2019,South West Synthetic Rutile Operations,WA,ILUKA RESOURCES LIMITED,323579.0,246459.0,246459.0,0.0,0.0,0.0,original,False,SOUTH WEST SYNTHETIC RUTILE OPERATIONS,Metal ore mining
2019,Sunrise Dam,WA,ANGLOGOLD ASHANTI AUSTRALIA LIMITED,171958.0,151592.0,151592.0,0.0,0.0,0.0,original,False,SUNRISE DAM,Metal ore mining
2019,Telfer Gold Mine,WA,NEWCREST MINING LIMITED,632775.0,493272.0,493272.0,0.0,0.0,0.0,original,False,TELFER GOLD MINE,Metal ore mining
2019,Tom Price Mine / WTS,WA,HAMERSLEY IRON PTY. LIMITED,188447.0,193230.0,188447.0,4783.0,0.0,0.0,original,False,TOM PRICE MINE WTS,Metal ore mining
2019,Tropicana Gold Mine,WA,ANGLOGOLD ASHANTI AUSTRALIA LIMITED,323180.0,306129.0,306129.0,0.0,0.0,0.0,original,False,TROPICANA GOLD MINE,Metal ore mining
2019,Varanus Hub,WA,SANTOS LIMITED,620263.0,247931.0,247931.0,0.0,0.0,0.0,original,False,VARANUS HUB,LNG / oil and gas
2019,Vincent Project Venture,WA,WOODSIDE ENERGY LTD.,598755.0,453252.0,453252.0,0.0,0.0,0.0,original,False,VINCENT PROJECT VENTURE,LNG / oil and gas
2019,Wagerup Alumina Refinery,WA,ALCOA OF AUSTRALIA LIMITED,1481761.0,1471583.0,1471583.0,0.0,0.0,0.0,original,False,WAGERUP ALUMINA REFINERY,Alumina and metals
2019,West Angelas Mine,WA,ROBE RIVER MINING CO. PTY. LTD.,244656.0,277921.0,244656.0,33265.0,0.0,0.0,original,False,WEST ANGELAS MINE,Metal ore mining
2019,Wheatstone Operations,WA,CHEVRON AUSTRALIA PTY LTD,4093724.0,3848864.0,3848864.0,0.0,0.0,0.0,original,False,WHEATSTONE OPERATIONS,LNG / oil and gas
2019,WOR01 Worsley Alumina Refinery/Mine,WA,SOUTH32 WORSLEY ALUMINA PTY LTD,3718777.0,3719046.0,3718777.0,269.0,0.0,0.0,original,False,WOR01 WORSLEY ALUMINA REFINERY MINE,Other
2019,YAN01 Yandi/Marillana Creek Mine - MNG Facility,WA,BHP IRON ORE PTY LTD,385559.0,215307.0,215307.0,0.0,0.0,0.0,original,False,YAN01 YANDI MARILLANA CREEK MINE MNG FACILITY,Metal ore mining
2019,Yandicoogina Mine,WA,HAMERSLEY IRON - YANDI PTY LIMITED,142111.0,157330.0,142111.0,15219.0,0.0,0.0,original,False,YANDICOOGINA MINE,Metal ore mining
2019,Yarnima Power Station,WA,BHP IRON ORE PTY LTD,333116.0,315226.0,315226.0,0.0,0.0,0.0,original,False,YARNIMA POWER STATION,Electricity
2019,YPF AMMONIA PLANT,WA,YARA PILBARA FERTILISERS PTY LTD,1623773.0,1059896.0,1059896.0,0.0,0.0,0.0,original,False,YPF AMMONIA PLANT,Other manufacturing
2020,APU01 Pyrenees - AOA Facility,WA,BHP PETROLEUM PTY LTD,399596.0,188815.0,188815.0,0.0,0.0,0.0,original,False,APU01 PYRENEES AOA FACILITY,LNG / oil and gas
2020,ATCO Gas Australia Pty Ltd,WA,ATCO GAS AUSTRALIA GP PTY LTD,187220.0,114623.0,114623.0,0.0,0.0,0.0,original,False,ATCO GAS AUSTRALIA PTY LTD,Other
2020,Dongara Operations,WA,ADBRI LIMITED,,100087.0,,10383.0,0.0,0.0,original,False,DONGARA OPERATIONS,Other manufacturing
2020,CTC WA Facility,WA,CENTURION TRANSPORT CO. PTY LTD,,104196.0,,3468.0,0.0,0.0,original,False,CTC WA FACILITY,Transport
2020,Jimblebar Mine,WA,BHP IRON ORE PTY LTD,,305260.0,,0.0,0.0,0.0,original,False,JIMBLEBAR MINE,Metal ore mining
2020,Solomon Mine,WA,FMG SOLOMON PTY LTD,,436846.0,,8411.0,0.0,0.0,original,False,SOLOMON MINE,Metal ore mining
2020,Roy Hill Mine,WA,ROY HILL HOLDINGS PTY LTD,,430818.0,,0.0,0.0,0.0,original,False,ROY HILL MINE,Metal ore mining
2020,ARC01 Mining Area C - MNG Facility,WA,BHP IRON ORE PTY LTD,,406944.0,,0.0,0.0,0.0,original,False,ARC01 MINING AREA C MNG FACILITY,Metal ore mining
2020,Goldfields Gas Transmission Pipeline,WA,GOLDFIELDS GAS TRANSMISSION PTY LTD,,121535.0,,0.0,0.0,0.0,original,False,GOLDFIELDS GAS TRANSMISSION PIPELINE,Transport
2020,Mesa A Mine,WA,ROBE RIVER MINING CO. PTY. LTD.,,114654.0,,0.0,0.0,0.0,original,False,MESA A MINE,Metal ore mining
2020,Newman Operations,WA,BHP IRON ORE PTY LTD,,349146.0,,0.0,0.0,0.0,original,False,NEWMAN OPERATIONS,Metal ore mining
2020,North West Shelf Project,WA,WOODSIDE ENERGY LTD.,,6784581.0,,0.0,0.0,0.0,original,False,NORTH WEST SHELF PROJECT,LNG / oil and gas
2020,Pluto LNG,WA,WOODSIDE BURRUP PTY. LTD.,,1945741.0,,0.0,0.0,0.0,original,False,PLUTO LNG,LNG / oil and gas
2020,Vincent Project Venture,WA,WOODSIDE ENERGY LTD.,,353008.0,,0.0,0.0,0.0,original,False,VINCENT PROJECT VENTURE,LNG / oil and gas
2020,Western Australia,WA,ALLIANCE AVIATION SERVICES LIMITED,,103394.0,,0.0,0.0,0.0,original,False,WESTERN AUSTRALIA,Transport
2020,Gorgon Operations,WA,CHEVRON AUSTRALIA PTY LTD,8365831.0,5460144.0,5460144.0,0.0,0.0,0.0,original,False,GORGON OPERATIONS,LNG / oil and gas
2020,Wheatstone Operations,WA,CHEVRON AUSTRALIA PTY LTD,4343119.0,4025254.0,4025254.0,0.0,0.0,0.0,original,False,WHEATSTONE OPERATIONS,LNG / oil and gas
2020,WOR01 Worsley Alumina Refinery/Mine,WA,SOUTH32 WORSLEY ALUMINA PTY LTD,3718777.0,3657800.0,3657800.0,0.0,0.0,0.0,original,False,WOR01 WORSLEY ALUMINA REFINERY MINE,Other
2020,Pinjarra Alumina Refinery,WA,ALCOA OF AUSTRALIA LIMITED,3056433.0,1576697.0,1576697.0,0.0,0.0,0.0,original,False,PINJARRA ALUMINA REFINERY,Alumina and metals
2020,FLNG,WA,SHELL AUSTRALIA PTY LTD,2263910.0,1506548.0,1506548.0,0.0,0.0,0.0,original,False,FLNG,LNG / oil and gas
2020,Wagerup Alumina Refinery,WA,ALCOA OF AUSTRALIA LIMITED,1894645.0,1415989.0,1415989.0,0.0,0.0,0.0,original,False,WAGERUP ALUMINA REFINERY,Alumina and metals
2020,Cockburn Operations,WA,ADBRI LIMITED,1839526.0,1044918.0,1044918.0,0.0,0.0,0.0,original,False,COCKBURN OPERATIONS,Other manufacturing
2020,Sino Iron Project - Cape Preston,WA,CITIC PACIFIC MINING MANAGEMENT PTY LTD,1639229.0,1241225.0,1241225.0,0.0,0.0,0.0,original,False,SINO IRON PROJECT CAPE PRESTON,Metal ore mining
2020,YPF AMMONIA PLANT,WA,YARA PILBARA FERTILISERS PTY LTD,1512283.0,1456927.0,1456927.0,0.0,0.0,0.0,original,False,YPF AMMONIA PLANT,Other manufacturing
2020,Kwinana Alumina Refinery,WA,ALCOA OF AUSTRALIA LIMITED,1323436.0,1292269.0,1292269.0,0.0,0.0,0.0,original,False,KWINANA ALUMINA REFINERY,Alumina and metals
2020,CSBP Kwinana Facility,WA,CSBP LIMITED,1219470.0,697197.0,697197.0,0.0,0.0,0.0,original,False,CSBP KWINANA FACILITY,Other manufacturing
2020,Kwinana Refinery,WA,BP REFINERY (KWINANA) PROPRIETARY LIMITED,739256.0,413542.0,413542.0,0.0,0.0,0.0,original,False,KWINANA REFINERY,Other
2020,Pilbara Rail Operations,WA,PILBARA IRON PTY LTD,666720.0,656605.0,656605.0,0.0,0.0,0.0,original,False,PILBARA RAIL OPERATIONS,Transport
2020,Telfer Gold Mine,WA,NEWCREST MINING LIMITED,626808.0,500048.0,500048.0,0.0,0.0,0.0,original,False,TELFER GOLD MINE,Metal ore mining
2020,Murrin Murrin Operations,WA,MURRIN MURRIN OPERATIONS PTY LTD,617082.0,486498.0,486498.0,0.0,0.0,0.0,original,False,MURRIN MURRIN OPERATIONS,Metal ore mining
2020,Newman Power Station,WA,ALINTA ENERGY TRANSMISSION (ROY HILL) PTY LTD,604378.0,202430.0,202430.0,0.0,0.0,0.0,original,False,NEWMAN POWER STATION,Electricity
2020,Christmas Creek Mine,WA,CHICHESTER METALS PTY LTD,596884.0,574485.0,574485.0,0.0,0.0,0.0,original,False,CHRISTMAS CREEK MINE,Metal ore mining
2020,PRL03 Rail - IOR Facility,WA,BHP IRON ORE PTY LTD,585410.0,548215.0,548215.0,0.0,0.0,0.0,original,False,PRL03 RAIL IOR FACILITY,Transport
2020,Varanus Hub,WA,SANTOS LIMITED,463700.0,301925.0,301925.0,0.0,0.0,0.0,original,False,VARANUS HUB,LNG / oil and gas
2020,Cloudbreak Mine,WA,CHICHESTER METALS PTY LTD,405681.0,422427.0,405681.0,16746.0,0.0,0.0,original,False,CLOUDBREAK MINE,Metal ore mining
2020,Yarnima Power Station,WA,BHP IRON ORE PTY LTD,402910.0,343639.0,343639.0,0.0,0.0,0.0,original,False,YARNIMA POWER STATION,Electricity
2020,Brockman 4 Mine,WA,HAMERSLEY IRON PTY. LIMITED,395901.0,165655.0,165655.0,0.0,0.0,0.0,original,False,BROCKMAN 4 MINE,Metal ore mining
2020,YAN01 Yandi/Marillana Creek Mine - MNG Facility,WA,BHP IRON ORE PTY LTD,379160.0,190343.0,190343.0,0.0,0.0,0.0,original,False,YAN01 YANDI MARILLANA CREEK MINE MNG FACILITY,Metal ore mining
2020,Chandala Processing Plant,WA,TRONOX MANAGEMENT PTY LTD,374904.0,206709.0,206709.0,0.0,0.0,0.0,original,False,CHANDALA PROCESSING PLANT,Other manufacturing
2020,Newmont Boddington Gold Operation,WA,NEWMONT BODDINGTON PTY LTD,354726.0,219576.0,219576.0,0.0,0.0,0.0,original,False,NEWMONT BODDINGTON GOLD OPERATION,Metal ore mining
2020,Solomon Power Station,WA,FMG SOLOMON PTY LTD,345831.0,183646.0,183646.0,0.0,0.0,0.0,original,False,SOLOMON POWER STATION,Electricity
2020,West Angelas Mine,WA,ROBE RIVER MINING CO. PTY. LTD.,331789.0,287475.0,287475.0,0.0,0.0,0.0,original,False,WEST ANGELAS MINE,Metal ore mining
2020,Ravensthorpe Nickel Operation,WA,FQM AUSTRALIA NICKEL PTY LTD,324093.0,175361.0,175361.0,0.0,0.0,0.0,original,False,RAVENSTHORPE NICKEL OPERATION,Metal ore mining
2020,South West Synthetic Rutile Operations,WA,ILUKA RESOURCES LIMITED,323579.0,212351.0,212351.0,0.0,0.0,0.0,original,False,SOUTH WEST SYNTHETIC RUTILE OPERATIONS,Metal ore mining
2020,Tropicana Gold Mine,WA,ANGLOGOLD ASHANTI AUSTRALIA LIMITED,323180.0,294418.0,294418.0,0.0,0.0,0.0,original,False,TROPICANA GOLD MINE,Metal ore mining
2020,Brockman 2 / Nammuldi Mines,WA,HAMERSLEY IRON PTY. LIMITED,321494.0,301307.0,301307.0,0.0,0.0,0.0,original,False,BROCKMAN 2 NAMMULDI MINES,Metal ore mining
2020,Kwinana Pigment Plant,WA,TRONOX MANAGEMENT PTY LTD,308615.0,301915.0,301915.0,0.0,0.0,0.0,original,False,KWINANA PIGMENT PLANT,Other manufacturing
2020,Rail,WA,THE PILBARA INFRASTRUCTURE PTY LTD,279793.0,285206.0,273430.0,11776.0,0.0,0.0,original,False,RAIL,Transport
2020,Yandicoogina Mine,WA,HAMERSLEY IRON - YANDI PTY LIMITED,269097.0,158406.0,158406.0,0.0,0.0,0.0,original,False,YANDICOOGINA MINE,Metal ore mining
2020,DBNGP,WA,DBNGP (WA) TRANSMISSION PTY LIMITED,246362.0,243269.0,243269.0,0.0,0.0,0.0,original,False,DBNGP,Transport
2020,Gruyere Mine Site,WA,GRUYERE MINING COMPANY PTY LTD,243584.0,181509.0,181509.0,0.0,0.0,0.0,original,False,GRUYERE MINE SITE,Metal ore mining
2020,Fimiston,WA,KALGOORLIE CONSOLIDATED GOLD MINES PTY LTD,242659.0,155548.0,155548.0,0.0,0.0,0.0,original,False,FIMISTON,Other
2020,Mt Keith Power Station,WA,TEC DESERT PTY LTD,233797.0,189293.0,189293.0,0.0,0.0,0.0,original,False,MT KEITH POWER STATION,Electricity
2020,Aurizon Rail Freight WA,WA,AURIZON OPERATIONS LIMITED,216374.0,137340.0,137340.0,0.0,0.0,0.0,original,False,AURIZON RAIL FREIGHT WA,Other
2020,Marandoo Mine,WA,HAMERSLEY IRON PTY. LIMITED,214614.0,169927.0,169927.0,0.0,0.0,0.0,original,False,MARANDOO MINE,Metal ore mining
2020,Tom Price Mine / WTS,WA,HAMERSLEY IRON PTY. LIMITED,188447.0,220784.0,188447.0,32337.0,0.0,0.0,original,False,TOM PRICE MINE WTS,Metal ore mining
2020,Duketon South Operations,WA,REGIS RESOURCES LIMITED,186157.0,178940.0,178940.0,0.0,0.0,0.0,original,False,DUKETON SOUTH OPERATIONS,Metal ore mining
2020,NKW01 Nickel West Kwinana Facility,WA,BHP BILLITON NICKEL WEST PTY LTD,176382.0,170612.0,170612.0,0.0,0.0,0.0,original,False,NKW01 NICKEL WEST KWINANA FACILITY,Alumina and metals
2020,Koolyanobbing Iron Ore Operations,WA,YILGARN IRON PTY LTD,176116.0,137803.0,137803.0,0.0,0.0,0.0,original,False,KOOLYANOBBING IRON ORE OPERATIONS,Metal ore mining
2020,Leinster Power Station,WA,TEC DESERT PTY LTD,173336.0,151147.0,151147.0,0.0,0.0,0.0,original,False,LEINSTER POWER STATION,Electricity
2020,Jundee Gold Mine,WA,NORTHERN STAR RESOURCES LTD,173116.0,127944.0,127944.0,0.0,0.0,0.0,original,False,JUNDEE GOLD MINE,Metal ore mining
2020,Sunrise Dam,WA,ANGLOGOLD ASHANTI AUSTRALIA LIMITED,171958.0,163853.0,163853.0,0.0,0.0,0.0,original,False,SUNRISE DAM,Metal ore mining
2020,NKS01 Nickel West Kalgoorlie Facility,WA,BHP BILLITON NICKEL WEST PTY LTD,166573.0,157960.0,157960.0,0.0,0.0,0.0,original,False,NKS01 NICKEL WEST KALGOORLIE FACILITY,Alumina and metals
2020,NMK01 Nickel West Mt Keith Facility,WA,BHP BILLITON NICKEL WEST PTY LTD,152368.0,123040.0,123040.0,0.0,0.0,0.0,original,False,NMK01 NICKEL WEST MT KEITH FACILITY,Metal ore mining
2020,Hope Downs 1 Mine,WA,HAMERSLEY HMS PTY LTD,152296.0,155883.0,152296.0,3587.0,0.0,0.0,original,False,HOPE DOWNS 1 MINE,Metal ore mining
2020,Granny Smith Mine Site,WA,GSM MINING COMPANY PTY LTD,126385.0,118138.0,124188.0,0.0,0.0,0.0,original,False,GRANNY SMITH MINE SITE,Metal ore mining
2020,Paraburdoo Mine,WA,HAMERSLEY IRON PTY. LIMITED,120836.0,133434.0,120836.0,12598.0,0.0,0.0,original,False,PARABURDOO MINE,Metal ore mining
2020,Huntly Mine,WA,ALCOA OF AUSTRALIA LIMITED,109357.0,100475.0,100475.0,0.0,0.0,0.0,original,False,HUNTLY MINE,Other
2020,Carosue Dam,WA,NORTHERN STAR (CAROSUE DAM) PTY LTD,108460.0,108388.0,108388.0,0.0,0.0,0.0,original,False,CAROSUE DAM,Other
2020,Hope Downs 4 Mine,WA,HAMERSLEY HMS PTY LTD,106522.0,105625.0,105625.0,0.0,0.0,0.0,original,False,HOPE DOWNS 4 MINE,Metal ore mining
2021,APU01 Pyrenees - AOA Facility,WA,WOODSIDE ENERGY GLOBAL PTY LTD,388666.0,181810.0,181810.0,0.0,0.0,0.0,original,False,APU01 PYRENEES AOA FACILITY,LNG / oil and gas
2021,ARC01 Mining Area C - MNG Facility,WA,BHP IRON ORE PTY LTD,763972.0,412089.0,412089.0,0.0,0.0,0.0,original,False,ARC01 MINING AREA C MNG FACILITY,Metal ore mining
2021,ATCO Gas Australia Pty Ltd,WA,ATCO Gas Australia GP Pty Ltd,187220.0,103813.0,103813.0,0.0,0.0,0.0,original,False,ATCO GAS AUSTRALIA PTY LTD,Other
2021,Aurizon Rail Freight WA,WA,AURIZON OPERATIONS LIMITED,156679.0,141227.0,141227.0,0.0,0.0,0.0,original,False,AURIZON RAIL FREIGHT WA,Other
2021,Brockman 2 / Nammuldi Mines,WA,Hamersley Iron Pty. Limited,321494.0,326461.0,321494.0,4967.0,0.0,0.0,original,False,BROCKMAN 2 NAMMULDI MINES,Metal ore mining
2021,Brockman 4 Mine,WA,Hamersley Iron Pty. Limited,395901.0,208674.0,208674.0,0.0,0.0,0.0,original,False,BROCKMAN 4 MINE,Metal ore mining
2021,Carosue Dam Operations,WA,NORTHERN STAR (CAROSUE DAM) PTY LTD,,115517.0,,0.0,0.0,0.0,original,False,CAROSUE DAM OPERATIONS,Metal ore mining
2021,Chandala Processing Plant,WA,Tronox Management Pty Ltd,280203.0,233786.0,233786.0,0.0,0.0,0.0,original,False,CHANDALA PROCESSING PLANT,Other manufacturing
2021,Christmas Creek Mine,WA,CHICHESTER METALS PTY LTD,596884.0,373646.0,373646.0,0.0,0.0,0.0,original,False,CHRISTMAS CREEK MINE,Metal ore mining
2021,Cloudbreak Mine,WA,CHICHESTER METALS PTY LTD,405681.0,362034.0,362034.0,0.0,0.0,0.0,original,False,CLOUDBREAK MINE,Metal ore mining
2021,Cockburn Operations,WA,ADBRI LIMITED,789018.0,785376.0,785376.0,0.0,0.0,0.0,original,False,COCKBURN OPERATIONS,Other manufacturing
2021,CSBP Kwinana Facility,WA,CSBP Limited,885913.0,629391.0,629391.0,0.0,0.0,0.0,original,False,CSBP KWINANA FACILITY,Other manufacturing
2021,CTC WA Facility,WA,CENTURION TRANSPORT CO. PTY LTD,126062.0,109567.0,109567.0,0.0,0.0,0.0,original,False,CTC WA FACILITY,Transport
2021,DBNGP,WA,DBNGP (WA) Transmission Pty Limited,246362.0,224323.0,224323.0,0.0,0.0,0.0,original,False,DBNGP,Transport
2021,Dongara Operations,WA,ADBRI LIMITED,122883.0,112536.0,112536.0,0.0,0.0,0.0,original,False,DONGARA OPERATIONS,Other manufacturing
2021,Duketon South Operations,WA,Regis Resources Limited,186157.0,171680.0,171680.0,0.0,0.0,0.0,original,False,DUKETON SOUTH OPERATIONS,Metal ore mining
2021,Eliwana Mine,WA,FMG SOLOMON PTY LTD,199022.0,156384.0,156384.0,0.0,0.0,0.0,original,False,ELIWANA MINE,Metal ore mining
2021,Fimiston Operations,WA,KALGOORLIE CONSOLIDATED GOLD MINES PTY LTD,242659.0,192325.0,192325.0,0.0,0.0,0.0,original,False,FIMISTON OPERATIONS,Metal ore mining
2021,FLNG,WA,SHELL AUSTRALIA PTY LTD,2263910.0,1840672.0,1840672.0,0.0,0.0,0.0,original,False,FLNG,LNG / oil and gas
2021,Goldfields Gas Transmission Pipeline,WA,Goldfields Gas Transmission Pty Ltd,,131592.0,,0.0,0.0,0.0,original,False,GOLDFIELDS GAS TRANSMISSION PIPELINE,Transport
2021,Gorgon Operations,WA,CHEVRON AUSTRALIA PTY LTD,8336476.0,8318842.0,8318842.0,0.0,0.0,0.0,original,False,GORGON OPERATIONS,LNG / oil and gas
2021,Granny Smith Mine Site,WA,GSM MINING COMPANY PTY LTD,126385.0,120157.0,126385.0,0.0,0.0,0.0,original,False,GRANNY SMITH MINE SITE,Metal ore mining
2021,Gruyere Mine Site,WA,Gruyere Mining Company Pty Ltd,243584.0,197497.0,197497.0,0.0,0.0,0.0,original,False,GRUYERE MINE SITE,Metal ore mining
2021,Hope Downs 1 Mine,WA,Hamersley HMS Pty Ltd,152296.0,165509.0,152296.0,13213.0,0.0,0.0,original,False,HOPE DOWNS 1 MINE,Metal ore mining
2021,Hope Downs 4 Mine,WA,Hamersley HMS Pty Ltd,116192.0,117658.0,116192.0,1466.0,0.0,0.0,original,False,HOPE DOWNS 4 MINE,Metal ore mining
2021,Jimblebar Mine,WA,BHP IRON ORE PTY LTD,,305973.0,,0.0,0.0,0.0,original,False,JIMBLEBAR MINE,Metal ore mining
2021,Jundee Gold Mine,WA,NORTHERN STAR RESOURCES LIMITED,173116.0,141316.0,141316.0,0.0,0.0,0.0,original,False,JUNDEE GOLD MINE,Metal ore mining
2021,Kemerton Silicon Smelter,WA,SIMCOA OPERATIONS PTY. LTD.,100000.0,110437.0,100000.0,10437.0,0.0,0.0,original,False,KEMERTON SILICON SMELTER,Alumina and metals
2021,Koolyanobbing Iron Ore Operations,WA,Yilgarn Iron Pty Ltd,176116.0,131692.0,131692.0,0.0,0.0,0.0,original,False,KOOLYANOBBING IRON ORE OPERATIONS,Metal ore mining
2021,Kwinana Alumina Refinery,WA,Alcoa of Australia Limited,1366709.0,1253485.0,1253485.0,0.0,0.0,0.0,original,False,KWINANA ALUMINA REFINERY,Alumina and metals
2021,Kwinana Pigment Plant,WA,Tronox Management Pty Ltd,333169.0,314557.0,314557.0,0.0,0.0,0.0,original,False,KWINANA PIGMENT PLANT,Other manufacturing
2021,Leinster Power Station,WA,TEC DESERT PTY LTD,154495.0,139326.0,139326.0,0.0,0.0,0.0,original,False,LEINSTER POWER STATION,Electricity
2021,Marandoo Mine,WA,Hamersley Iron Pty. Limited,214614.0,159346.0,159346.0,0.0,0.0,0.0,original,False,MARANDOO MINE,Metal ore mining
2021,Mesa A Mine,WA,Robe River Mining Co. Pty. Ltd.,,88004.0,,0.0,0.0,0.0,original,False,MESA A MINE,Metal ore mining
2021,Mt Keith Power Station,WA,TEC DESERT PTY LTD,,185892.0,,0.0,0.0,0.0,original,False,MT KEITH POWER STATION,Electricity
2021,Murrin Murrin Operations,WA,MURRIN MURRIN OPERATIONS PTY LTD,617082.0,512537.0,512537.0,0.0,0.0,0.0,original,False,MURRIN MURRIN OPERATIONS,Metal ore mining
2021,Newman Operations,WA,BHP IRON ORE PTY LTD,,305076.0,,0.0,0.0,0.0,original,False,NEWMAN OPERATIONS,Metal ore mining
2021,Newman Power Station,WA,ALINTA ENERGY TRANSMISSION (ROY HILL) PTY LTD,604378.0,389496.0,389496.0,0.0,0.0,0.0,original,False,NEWMAN POWER STATION,Electricity
2021,Newmont Boddington Gold Operation,WA,Newmont Boddington Pty Ltd,330487.0,198355.0,198355.0,0.0,0.0,0.0,original,False,NEWMONT BODDINGTON GOLD OPERATION,Metal ore mining
2021,Ningaloo Vision FPSO,WA,Santos Limited,546091.0,381472.0,381472.0,0.0,0.0,0.0,original,False,NINGALOO VISION FPSO,LNG / oil and gas
2021,NKS01 Nickel West Kalgoorlie Facility,WA,BHP NICKEL WEST PTY LTD,158794.0,140234.0,140234.0,0.0,0.0,0.0,original,False,NKS01 NICKEL WEST KALGOORLIE FACILITY,Alumina and metals
2021,NKW01 Nickel West Kwinana Facility,WA,BHP NICKEL WEST PTY LTD,,161918.0,,0.0,0.0,0.0,original,False,NKW01 NICKEL WEST KWINANA FACILITY,Alumina and metals
2021,NMK01 Nickel West Mt Keith Facility,WA,BHP NICKEL WEST PTY LTD,209693.0,129880.0,129880.0,0.0,0.0,0.0,original,False,NMK01 NICKEL WEST MT KEITH FACILITY,Metal ore mining
2021,North West Shelf Project,WA,Woodside Energy Ltd.,,6418032.0,,0.0,0.0,0.0,original,False,NORTH WEST SHELF PROJECT,LNG / oil and gas
2021,Paraburdoo Mine,WA,Hamersley Iron Pty. Limited,120836.0,116170.0,116170.0,0.0,0.0,0.0,original,False,PARABURDOO MINE,Metal ore mining
2021,Pilbara Rail Operations,WA,PILBARA IRON PTY LTD,661171.0,650881.0,650881.0,0.0,0.0,0.0,original,False,PILBARA RAIL OPERATIONS,Transport
2021,Pinjarra Alumina Refinery,WA,Alcoa of Australia Limited,2881289.0,1508614.0,1508614.0,0.0,0.0,0.0,original,False,PINJARRA ALUMINA REFINERY,Alumina and metals
2021,Pluto LNG,WA,Woodside Burrup Pty. Ltd.,,1943418.0,,0.0,0.0,0.0,original,False,PLUTO LNG,LNG / oil and gas
2021,PRL03 Rail - IOR Facility,WA,BHP IRON ORE PTY LTD,576420.0,560092.0,560092.0,0.0,0.0,0.0,original,False,PRL03 RAIL IOR FACILITY,Transport
2021,Rail,WA,THE PILBARA INFRASTRUCTURE PTY LTD,310731.0,245338.0,245338.0,0.0,0.0,0.0,original,False,RAIL,Transport
2021,Ravensthorpe Nickel Operation,WA,FQM Australia Nickel Pty Ltd,324093.0,204177.0,204177.0,0.0,0.0,0.0,original,False,RAVENSTHORPE NICKEL OPERATION,Metal ore mining
2021,Roy Hill Mine,WA,Roy Hill Holdings Pty Ltd,535965.0,486884.0,486884.0,0.0,0.0,0.0,original,False,ROY HILL MINE,Metal ore mining
2021,Sino Iron Project – Cape Preston,WA,CITIC Pacific Mining Management Pty Ltd,1610964.0,1241468.0,1241468.0,0.0,0.0,0.0,original,False,SINO IRON PROJECT CAPE PRESTON,Metal ore mining
2021,Solomon Mine,WA,FMG SOLOMON PTY LTD,449709.0,452884.0,415158.0,37726.0,0.0,0.0,original,False,SOLOMON MINE,Metal ore mining
2021,Solomon Power Station,WA,FMG SOLOMON PTY LTD,345831.0,176950.0,176950.0,0.0,0.0,0.0,original,False,SOLOMON POWER STATION,Electricity
2021,South West Synthetic Rutile Operations,WA,Iluka Resources Limited,297935.0,265237.0,265237.0,0.0,0.0,0.0,original,False,SOUTH WEST SYNTHETIC RUTILE OPERATIONS,Metal ore mining
2021,Sunrise Dam,WA,AngloGold Ashanti Australia Limited,171958.0,180641.0,171958.0,8683.0,0.0,0.0,original,False,SUNRISE DAM,Metal ore mining
2021,Telfer Gold Mine,WA,Newcrest Mining Limited,626808.0,498129.0,498129.0,0.0,0.0,0.0,original,False,TELFER GOLD MINE,Metal ore mining
2021,Thunderbox Operations,WA,NORTHERN STAR (THUNDERBOX) PTY LTD,213075.0,108458.0,108458.0,0.0,0.0,0.0,original,False,THUNDERBOX OPERATIONS,Metal ore mining
2021,Tom Price Mine / WTS,WA,Hamersley Iron Pty. Limited,145307.0,196750.0,145307.0,51443.0,0.0,0.0,original,False,TOM PRICE MINE WTS,Metal ore mining
2021,Tropicana Gold Mine,WA,AngloGold Ashanti Australia Limited,323180.0,304274.0,304274.0,0.0,0.0,0.0,original,False,TROPICANA GOLD MINE,Metal ore mining
2021,Varanus Hub,WA,Santos Limited,463700.0,269532.0,269532.0,0.0,0.0,0.0,original,False,VARANUS HUB,LNG / oil and gas
2021,Vincent Project Venture,WA,Woodside Energy Ltd.,,356656.0,,0.0,0.0,0.0,original,False,VINCENT PROJECT VENTURE,LNG / oil and gas
2021,Wagerup Alumina Refinery,WA,Alcoa of Australia Limited,1847019.0,1385526.0,1385526.0,0.0,0.0,0.0,original,False,WAGERUP ALUMINA REFINERY,Alumina and metals
2021,West Angelas Mine,WA,Robe River Mining Co. Pty. Ltd.,331789.0,265301.0,265301.0,0.0,0.0,0.0,original,False,WEST ANGELAS MINE,Metal ore mining
2021,Western Australia,WA,Alliance Aviation Services Limited,,104627.0,,0.0,0.0,0.0,original,False,WESTERN AUSTRALIA,Transport
2021,Wheatstone Operations,WA,CHEVRON AUSTRALIA PTY LTD,4343119.0,3907075.0,3907075.0,0.0,0.0,0.0,original,False,WHEATSTONE OPERATIONS,LNG / oil and gas
2021,WOR01,WA,South32 Worsley Alumina Pty Ltd,3718777.0,3553775.0,3553775.0,0.0,0.0,0.0,original,False,WOR01,Alumina and metals
2021,YAN01 Yandi/Marillana Creek Mine - MNG Facility,WA,BHP IRON ORE PTY LTD,223714.0,149694.0,149694.0,0.0,0.0,0.0,original,False,YAN01 YANDI MARILLANA CREEK MINE MNG FACILITY,Metal ore mining
2021,Yandicoogina Mine,WA,Hamersley Iron - Yandi Pty Limited,275999.0,162286.0,162286.0,0.0,0.0,0.0,original,False,YANDICOOGINA MINE,Metal ore mining
2021,Yarnima Power Station,WA,BHP IRON ORE PTY LTD,428862.0,340554.0,340554.0,0.0,0.0,0.0,original,False,YARNIMA POWER STATION,Electricity
2021,YPF AMMONIA PLANT,WA,Yara Pilbara Fertilisers Pty Ltd,1512283.0,1383385.0,1383385.0,0.0,0.0,0.0,original,False,YPF AMMONIA PLANT,Other manufacturing
2022,APU01 Pyrenees - AOA Facility,WA,WOODSIDE ENERGY GLOBAL PTY LTD,368195.0,176667.0,176667.0,0.0,0.0,0.0,original,False,APU01 PYRENEES AOA FACILITY,LNG / oil and gas
2022,ARC01 Mining Area C - MNG Facility,WA,BHP IRON ORE PTY LTD,861545.0,470614.0,470614.0,0.0,0.0,0.0,original,False,ARC01 MINING AREA C MNG FACILITY,Metal ore mining
2022,Beharra Springs,WA,BEACH ENERGY (OPERATIONS) LIMITED,100000.0,127391.0,100000.0,35385.0,0.0,0.0,original,False,BEHARRA SPRINGS,LNG / oil and gas
2022,Brockman 2 / Nammuldi Mines,WA,HAMERSLEY IRON PTY. LIMITED,321494.0,326401.0,321494.0,4907.0,0.0,0.0,original,False,BROCKMAN 2 NAMMULDI MINES,Metal ore mining
2022,Brockman 4 Mine,WA,HAMERSLEY IRON PTY. LIMITED,395901.0,239705.0,239705.0,0.0,0.0,0.0,original,False,BROCKMAN 4 MINE,Metal ore mining
2022,Carosue Dam Operations,WA,NORTHERN STAR (CAROSUE DAM) PTY LTD,,111837.0,,0.0,0.0,0.0,original,False,CAROSUE DAM OPERATIONS,Metal ore mining
2022,Chandala Processing Plant,WA,TIWEST PTY LTD,188085.0,187005.0,187005.0,0.0,0.0,0.0,original,False,CHANDALA PROCESSING PLANT,Other manufacturing
2022,Christmas Creek Mine,WA,CHICHESTER METALS PTY LTD,596884.0,374494.0,374494.0,0.0,0.0,0.0,original,False,CHRISTMAS CREEK MINE,Metal ore mining
2022,Cloudbreak Mine,WA,CHICHESTER METALS PTY LTD,405681.0,287001.0,287001.0,0.0,0.0,0.0,original,False,CLOUDBREAK MINE,Metal ore mining
2022,Cockburn Operations,WA,ADBRI LIMITED,771015.0,724378.0,724378.0,0.0,0.0,0.0,original,False,COCKBURN OPERATIONS,Other manufacturing
2022,CSBP Kwinana Facility,WA,CSBP LIMITED,940409.0,685081.0,685081.0,0.0,0.0,0.0,original,False,CSBP KWINANA FACILITY,Other manufacturing
2022,CTC WA Facility,WA,CENTURION TRANSPORT CO. PTY LTD,125199.0,108915.0,108915.0,0.0,0.0,0.0,original,False,CTC WA FACILITY,Transport
2022,DBNGP,WA,DBNGP (WA) TRANSMISSION PTY LIMITED,,267178.0,,0.0,0.0,0.0,original,False,DBNGP,Transport
2022,Duketon South Operations,WA,REGIS RESOURCES LIMITED,186157.0,156259.0,156259.0,0.0,0.0,0.0,original,False,DUKETON SOUTH OPERATIONS,Metal ore mining
2022,Eliwana Mine,WA,FMG SOLOMON PTY LTD,199022.0,173475.0,173475.0,0.0,0.0,0.0,original,False,ELIWANA MINE,Metal ore mining
2022,Fimiston Operations,WA,KALGOORLIE CONSOLIDATED GOLD MINES PTY LTD,242659.0,228777.0,228777.0,0.0,0.0,0.0,original,False,FIMISTON OPERATIONS,Metal ore mining
2022,FLNG,WA,SHELL AUSTRALIA PTY LTD,2263910.0,2188611.0,2188611.0,0.0,0.0,0.0,original,False,FLNG,LNG / oil and gas
2022,Goldfields Gas Transmission Pipeline,WA,GOLDFIELDS GAS TRANSMISSION PTY LTD,147908.0,128908.0,128908.0,0.0,0.0,0.0,original,False,GOLDFIELDS GAS TRANSMISSION PIPELINE,Transport
2022,Gorgon Operations,WA,CHEVRON AUSTRALIA PTY LTD,8336476.0,8191308.0,8191308.0,0.0,0.0,0.0,original,False,GORGON OPERATIONS,LNG / oil and gas
2022,Granny Smith Mine Site,WA,GSM MINING COMPANY PTY LTD,126385.0,126441.0,126385.0,56.0,0.0,0.0,original,False,GRANNY SMITH MINE SITE,Metal ore mining
2022,Gruyere Mine Site,WA,GRUYERE MINING COMPANY PTY LTD,239447.0,193095.0,193095.0,0.0,0.0,0.0,original,False,GRUYERE MINE SITE,Metal ore mining
2022,Gudai-Darri Mine,WA,MOUNT BRUCE MINING PTY LTD,187880.0,121340.0,121340.0,0.0,0.0,0.0,original,False,GUDAI DARRI MINE,Metal ore mining
2022,Hope Downs 1 Mine,WA,HAMERSLEY HMS PTY LTD,159568.0,166780.0,159568.0,7212.0,0.0,0.0,original,False,HOPE DOWNS 1 MINE,Metal ore mining
2022,Hope Downs 4 Mine,WA,HAMERSLEY HMS PTY LTD,103010.0,118259.0,103010.0,15249.0,0.0,0.0,original,False,HOPE DOWNS 4 MINE,Metal ore mining
2022,Jimblebar Mine,WA,BHP IRON ORE PTY LTD,,306282.0,,0.0,0.0,0.0,original,False,JIMBLEBAR MINE,Metal ore mining
2022,Jundee Gold Mine,WA,NORTHERN STAR RESOURCES LIMITED,154701.0,148140.0,148140.0,0.0,0.0,0.0,original,False,JUNDEE GOLD MINE,Metal ore mining
2022,Kemerton Silicon Smelter,WA,SIMCOA OPERATIONS PTY. LTD.,100000.0,122178.0,100000.0,22178.0,0.0,0.0,original,False,KEMERTON SILICON SMELTER,Alumina and metals
2022,King of the Hills,WA,GREENSTONE RESOURCES (WA) PTY LTD,100000.0,123070.0,100000.0,23070.0,0.0,0.0,original,False,KING OF THE HILLS,Metal ore mining
2022,Kwinana Alumina Refinery,WA,ALCOA OF AUSTRALIA LIMITED,1134344.0,1100095.0,1100095.0,0.0,0.0,0.0,original,False,KWINANA ALUMINA REFINERY,Alumina and metals
2022,Kwinana Pigment Plant,WA,TRONOX MANAGEMENT PTY LTD,266667.0,275411.0,266667.0,8744.0,0.0,0.0,original,False,KWINANA PIGMENT PLANT,Other manufacturing
2022,Leinster Power Station,WA,TEC DESERT PTY LTD,154495.0,135634.0,135634.0,0.0,0.0,0.0,original,False,LEINSTER POWER STATION,Electricity
2022,Marandoo Mine,WA,HAMERSLEY IRON PTY. LIMITED,214614.0,155933.0,155933.0,0.0,0.0,0.0,original,False,MARANDOO MINE,Metal ore mining
2022,Mesa A Mine,WA,ROBE RIVER MINING CO. PTY. LTD.,,64978.0,,0.0,0.0,0.0,original,False,MESA A MINE,Metal ore mining
2022,Mt Keith Power Station,WA,TEC DESERT PTY LTD,,165136.0,,0.0,0.0,0.0,original,False,MT KEITH POWER STATION,Electricity
2022,Mt Marion Lithium Project,WA,REED INDUSTRIAL MINERALS PTY LTD,100000.0,102697.0,100000.0,2697.0,0.0,0.0,original,False,MT MARION LITHIUM PROJECT,Metal ore mining
2022,Murrin Murrin Operations,WA,MURRIN MURRIN OPERATIONS PTY LTD,617082.0,497697.0,497697.0,0.0,0.0,0.0,original,False,MURRIN MURRIN OPERATIONS,Metal ore mining
2022,Newman Operations,WA,BHP IRON ORE PTY LTD,379460.0,294760.0,294760.0,0.0,0.0,0.0,original,False,NEWMAN OPERATIONS,Metal ore mining
2022,Newman Power Station,WA,ALINTA ENERGY TRANSMISSION (ROY HILL) PTY LTD,419029.0,379196.0,379196.0,0.0,0.0,0.0,original,False,NEWMAN POWER STATION,Electricity
2022,Newmont Boddington Gold Operation,WA,NEWMONT BODDINGTON PTY LTD,319576.0,218213.0,218213.0,0.0,0.0,0.0,original,False,NEWMONT BODDINGTON GOLD OPERATION,Metal ore mining
2022,Ningaloo Vision FPSO,WA,SANTOS LIMITED,546091.0,329922.0,329922.0,0.0,0.0,0.0,original,False,NINGALOO VISION FPSO,LNG / oil and gas
2022,NKS01 Nickel West Kalgoorlie Facility,WA,BHP NICKEL WEST PTY LTD,146285.0,146936.0,146285.0,651.0,0.0,0.0,original,False,NKS01 NICKEL WEST KALGOORLIE FACILITY,Alumina and metals
2022,NKW01 Nickel West Kwinana Facility,WA,BHP NICKEL WEST PTY LTD,,166425.0,,0.0,0.0,0.0,original,False,NKW01 NICKEL WEST KWINANA FACILITY,Alumina and metals
2022,NMK01 Nickel West Mt Keith Facility,WA,BHP NICKEL WEST PTY LTD,209693.0,191852.0,191852.0,0.0,0.0,0.0,original,False,NMK01 NICKEL WEST MT KEITH FACILITY,Metal ore mining
2022,North West Shelf Project,WA,WOODSIDE ENERGY LTD.,,6935647.0,,6254.0,0.0,0.0,original,False,NORTH WEST SHELF PROJECT,LNG / oil and gas
2022,Paraburdoo Mine,WA,HAMERSLEY IRON PTY. LIMITED,100000.0,129483.0,100000.0,29483.0,0.0,0.0,original,False,PARABURDOO MINE,Metal ore mining
2022,Pilbara Rail Operations,WA,PILBARA IRON PTY LTD,681246.0,662419.0,662419.0,0.0,0.0,0.0,original,False,PILBARA RAIL OPERATIONS,Transport
2022,Pilgangoora Operations,WA,PILBARA MINERALS LIMITED,100000.0,101560.0,100000.0,1560.0,0.0,0.0,original,False,PILGANGOORA OPERATIONS,Metal ore mining
2022,Pinjarra Alumina Refinery,WA,ALCOA OF AUSTRALIA LIMITED,2798215.0,1437765.0,1437765.0,0.0,0.0,0.0,original,False,PINJARRA ALUMINA REFINERY,Alumina and metals
2022,Pluto LNG,WA,WOODSIDE BURRUP PTY. LTD.,,1839910.0,,0.0,0.0,0.0,original,False,PLUTO LNG,LNG / oil and gas
2022,Premier Coal Mine (Open Cut),WA,PREMIER COAL LTD,100000.0,108551.0,100000.0,8551.0,0.0,0.0,original,False,PREMIER COAL MINE OPEN CUT,Coal mining
2022,PRL03 Rail - IOR Facility,WA,BHP IRON ORE PTY LTD,589216.0,566312.0,566312.0,0.0,0.0,0.0,original,False,PRL03 RAIL IOR FACILITY,Transport
2022,Rail,WA,THE PILBARA INFRASTRUCTURE PTY LTD,312095.0,259172.0,259172.0,0.0,0.0,0.0,original,False,RAIL,Transport
2022,Ravensthorpe Nickel Operation,WA,FQM AUSTRALIA NICKEL PTY LTD,324093.0,232848.0,232848.0,0.0,0.0,0.0,original,False,RAVENSTHORPE NICKEL OPERATION,Metal ore mining
2022,Roy Hill Mine,WA,ROY HILL HOLDINGS PTY LTD,535965.0,562306.0,535964.0,26342.0,0.0,0.0,original,False,ROY HILL MINE,Metal ore mining
2022,Sino Iron Project – Cape Preston,WA,CITIC PACIFIC MINING MANAGEMENT PTY LTD,1572924.0,1229931.0,1229931.0,0.0,0.0,0.0,original,False,SINO IRON PROJECT CAPE PRESTON,Metal ore mining
2022,Solomon Mine,WA,FMG SOLOMON PTY LTD,462288.0,448524.0,440113.0,8411.0,0.0,0.0,original,False,SOLOMON MINE,Metal ore mining
2022,Solomon Power Station,WA,FMG SOLOMON PTY LTD,206495.0,206715.0,206495.0,220.0,0.0,0.0,original,False,SOLOMON POWER STATION,Electricity
2022,South West Synthetic Rutile Operations,WA,ILUKA RESOURCES LIMITED,346104.0,357996.0,346104.0,11892.0,0.0,0.0,original,False,SOUTH WEST SYNTHETIC RUTILE OPERATIONS,Metal ore mining
2022,Sunrise Dam,WA,ANGLOGOLD ASHANTI AUSTRALIA LIMITED,161730.0,169125.0,161730.0,7395.0,0.0,0.0,original,False,SUNRISE DAM,Metal ore mining
2022,Telfer Gold Mine,WA,NEWCREST MINING LIMITED,626808.0,448761.0,448761.0,0.0,0.0,0.0,original,False,TELFER GOLD MINE,Metal ore mining
2022,Thunderbox Operations,WA,NORTHERN STAR (THUNDERBOX) PTY LTD,213075.0,160145.0,160145.0,0.0,0.0,0.0,original,False,THUNDERBOX OPERATIONS,Metal ore mining
2022,Tom Price Mine / WTS,WA,HAMERSLEY IRON PTY. LIMITED,138707.0,188503.0,138707.0,49796.0,0.0,0.0,original,False,TOM PRICE MINE WTS,Metal ore mining
2022,Tropicana Gold Mine,WA,ANGLOGOLD ASHANTI AUSTRALIA LIMITED,352345.0,316050.0,316050.0,0.0,0.0,0.0,original,False,TROPICANA GOLD MINE,Metal ore mining
2022,Varanus Hub,WA,SANTOS LIMITED,463700.0,256543.0,256543.0,0.0,0.0,0.0,original,False,VARANUS HUB,LNG / oil and gas
2022,Vincent Project Venture,WA,WOODSIDE ENERGY LTD.,,234485.0,,0.0,0.0,0.0,original,False,VINCENT PROJECT VENTURE,LNG / oil and gas
2022,Wagerup Alumina Refinery,WA,ALCOA OF AUSTRALIA LIMITED,1724761.0,1289067.0,1289067.0,0.0,0.0,0.0,original,False,WAGERUP ALUMINA REFINERY,Alumina and metals
2022,West Angelas Mine,WA,ROBE RIVER MINING CO. PTY. LTD.,331789.0,292917.0,292917.0,0.0,0.0,0.0,original,False,WEST ANGELAS MINE,Metal ore mining
2022,Western Australia,WA,ALLIANCE AVIATION SERVICES LIMITED,,102252.0,,10273.0,0.0,0.0,original,False,WESTERN AUSTRALIA,Transport
2022,Wheatstone Operations,WA,CHEVRON AUSTRALIA PTY LTD,4343119.0,3789472.0,3789472.0,0.0,0.0,0.0,original,False,WHEATSTONE OPERATIONS,LNG / oil and gas
2022,Wodgina Operations,WA,MARBL LITHIUM OPERATIONS PTY LTD,100000.0,111027.0,100000.0,11027.0,0.0,0.0,original,False,WODGINA OPERATIONS,Metal ore mining
2022,WOR01,WA,SOUTH32 WORSLEY ALUMINA PTY LTD,3492670.0,3453837.0,3453837.0,0.0,0.0,0.0,original,False,WOR01,Alumina and metals
2022,YAN01 Yandi/Marillana Creek Mine - MNG Facility,WA,BHP IRON ORE PTY LTD,112093.0,111995.0,111995.0,0.0,0.0,0.0,original,False,YAN01 YANDI MARILLANA CREEK MINE MNG FACILITY,Metal ore mining
2022,Yandicoogina Mine,WA,HAMERSLEY IRON - YANDI PTY LIMITED,258329.0,173685.0,173685.0,0.0,0.0,0.0,original,False,YANDICOOGINA MINE,Metal ore mining
2022,Yarnima Power Station,WA,BHP IRON ORE PTY LTD,421548.0,336179.0,336179.0,0.0,0.0,0.0,original,False,YARNIMA POWER STATION,Electricity
2022,YPF AMMONIA PLANT,WA,YARA PILBARA FERTILISERS PTY LTD,1512283.0,1503171.0,1503171.0,0.0,0.0,0.0,original,False,YPF AMMONIA PLANT,Other manufacturing
2023,APU01 Pyrenees - AOA Facility,WA,WOODSIDE ENERGY GLOBAL PTY LTD,108074.0,116569.0,108072.0,8497.0,,,reformed,False,APU01 PYRENEES AOA FACILITY,LNG / oil and gas
2023,ARC01 Mining Area C - MNG Facility,WA,BHP IRON ORE PTY LTD,694935.0,512387.0,512387.0,,,,reformed,False,ARC01 MINING AREA C MNG FACILITY,Metal ore mining
2023,Beharra Springs,WA,BEACH ENERGY LIMITED,100000.0,145438.0,100000.0,45438.0,,,reformed,False,BEHARRA SPRINGS,LNG / oil and gas
2023,Brockman 2 / Nammuldi Mines,WA,Hamersley Iron Pty. Limited,185088.0,312410.0,185088.0,127322.0,,,reformed,False,BROCKMAN 2 NAMMULDI MINES,Metal ore mining
2023,Brockman 4 Mine,WA,Hamersley Iron Pty. Limited,142158.0,236261.0,142158.0,94103.0,,,reformed,False,BROCKMAN 4 MINE,Metal ore mining
2023,Carosue Dam Operations,WA,NORTHERN STAR (CAROSUE DAM) PTY LTD,103274.0,102722.0,97449.0,5273.0,,,reformed,False,CAROSUE DAM OPERATIONS,Metal ore mining
2023,Chandala Processing Plant,WA,Tronox Management Pty Ltd,204507.0,227722.0,204507.0,,23215.0,,reformed,False,CHANDALA PROCESSING PLANT,Other manufacturing
2023,Christmas Creek Mine,WA,CHICHESTER METALS PTY LTD,351986.0,372251.0,372251.0,,,,reformed,False,CHRISTMAS CREEK MINE,Metal ore mining
2023,Cloudbreak Mine,WA,CHICHESTER METALS PTY LTD,267459.0,295132.0,267459.0,8411.0,19262.0,,reformed,False,CLOUDBREAK MINE,Metal ore mining
2023,Cockburn Operations,WA,ADBRI LIMITED,671653.0,657038.0,657038.0,,,14615.0,reformed,False,COCKBURN OPERATIONS,Other manufacturing
2023,CSBP Kwinana Facility,WA,CSBP Limited,734581.0,671716.0,671716.0,,,62865.0,reformed,False,CSBP KWINANA FACILITY,Other manufacturing
2023,CTC WA Facility,WA,CENTURION TRANSPORT CO. PTY LTD,115700.0,112173.0,112173.0,,,3527.0,reformed,False,CTC WA FACILITY,Transport
2023,DBNGP,WA,DBNGP (WA) Transmission Pty Limited,241857.0,250024.0,250024.0,,,,reformed,False,DBNGP,Transport
2023,Dongara Operations,WA,ADBRI LIMITED,100000.0,93193.0,93193.0,,,2264.0,reformed,False,DONGARA OPERATIONS,Other manufacturing
2023,Duketon South Operations,WA,Regis Resources Limited,175908.0,155772.0,155772.0,,,20136.0,reformed,False,DUKETON SOUTH OPERATIONS,Metal ore mining
2023,Eliwana Mine,WA,FMG SOLOMON PTY LTD,135777.0,164894.0,164894.0,,,,reformed,False,ELIWANA MINE,Metal ore mining
2023,Fimiston Operations,WA,KALGOORLIE CONSOLIDATED GOLD MINES PTY LTD,136847.0,229779.0,136847.0,92932.0,,,reformed,False,FIMISTON OPERATIONS,Metal ore mining
2023,FLNG,WA,SHELL AUSTRALIA PTY LTD,2929109.0,1851848.0,1851848.0,,,1077261.0,reformed,False,FLNG,LNG / oil and gas
2023,Goldfields Gas Transmission Pipeline,WA,Goldfields Gas Transmission Pty Ltd,107870.0,114123.0,107870.0,6253.0,,,reformed,False,GOLDFIELDS GAS TRANSMISSION PIPELINE,Transport
2023,Gorgon Operations,WA,CHEVRON AUSTRALIA PTY LTD,9191453.0,8802650.0,8802650.0,,,388803.0,reformed,False,GORGON OPERATIONS,LNG / oil and gas
2023,Granny Smith Mine Site,WA,GSM MINING COMPANY PTY LTD,111619.0,113783.0,111619.0,8020.0,,,reformed,False,GRANNY SMITH MINE SITE,Metal ore mining
2023,Greenbushes Lithium Operation,WA,Talison Lithium Australia Pty Ltd,100000.0,104303.0,100000.0,4303.0,,,reformed,False,GREENBUSHES LITHIUM OPERATION,Metal ore mining
2023,Gruyere Mine Site,WA,Gruyere Mining Company Pty Ltd,186298.0,204627.0,186298.0,18329.0,,,reformed,False,GRUYERE MINE SITE,Metal ore mining
2023,Gudai-Darri Mine,WA,Mount Bruce Mining Pty Ltd,604067.0,129676.0,129676.0,,,474391.0,reformed,False,GUDAI DARRI MINE,Metal ore mining
2023,Hope Downs 1 Mine,WA,Hamersley HMS Pty Ltd,126313.0,166842.0,126313.0,40529.0,,,reformed,False,HOPE DOWNS 1 MINE,Metal ore mining
2023,Hope Downs 4 Mine,WA,Hamersley HMS Pty Ltd,100000.0,119586.0,100000.0,19586.0,,,reformed,False,HOPE DOWNS 4 MINE,Metal ore mining
2023,Iron Bridge Mine,WA,IB Operations Pty Ltd,100000.0,104560.0,100000.0,2414.0,2146.0,,reformed,False,IRON BRIDGE MINE,Metal ore mining
2023,Jimblebar Mine,WA,BHP IRON ORE PTY LTD,302155.0,310615.0,302155.0,8460.0,,,reformed,False,JIMBLEBAR MINE,Metal ore mining
2023,Jundee Gold Mine,WA,NORTHERN STAR RESOURCES LIMITED,133307.0,144622.0,133307.0,11315.0,,,reformed,False,JUNDEE GOLD MINE,Metal ore mining
2023,Kemerton Silicon Smelter,WA,SIMCOA OPERATIONS PTY. LTD.,100000.0,95384.0,95384.0,,,,reformed,False,KEMERTON SILICON SMELTER,Alumina and metals
2023,King of the Hills,WA,GREENSTONE RESOURCES (WA) PTY LTD,176726.0,132475.0,132475.0,,,40725.0,reformed,False,KING OF THE HILLS,Metal ore mining
2023,Koolyanobbing Iron Ore Operations,WA,Yilgarn Iron Pty Ltd,100000.0,82036.0,82036.0,,,,reformed,False,KOOLYANOBBING IRON ORE OPERATIONS,Metal ore mining
2023,Kwinana Alumina Refinery,WA,Alcoa of Australia Limited,824523.0,915101.0,824523.0,52729.0,37849.0,,reformed,False,KWINANA ALUMINA REFINERY,Alumina and metals
2023,Kwinana Pigment Plant,WA,Tronox Management Pty Ltd,244804.0,285673.0,244804.0,,40869.0,,reformed,False,KWINANA PIGMENT PLANT,Other manufacturing
2023,Leinster Power Station,WA,TEC DESERT PTY LTD,128716.0,132927.0,128716.0,4211.0,,,reformed,False,LEINSTER POWER STATION,Electricity
2023,Marandoo Mine,WA,Hamersley Iron Pty. Limited,109985.0,156177.0,109985.0,46192.0,,,reformed,False,MARANDOO MINE,Metal ore mining
2023,Mesa A Mine,WA,Robe River Mining Co. Pty. Ltd.,100000.0,60255.0,60255.0,,,,reformed,False,MESA A MINE,Metal ore mining
2023,Mesa J / K Mine,WA,Robe River Mining Co. Pty. Ltd.,104837.0,65868.0,65868.0,,,,reformed,False,MESA J K MINE,Metal ore mining
2023,Mt Keith Power Station,WA,TEC DESERT PTY LTD,160670.0,160073.0,160073.0,,,,reformed,False,MT KEITH POWER STATION,Electricity
2023,Mt Marion Lithium Project,WA,MT MARION LITHIUM PTY LTD,100000.0,114220.0,100000.0,14220.0,,,reformed,False,MT MARION LITHIUM PROJECT,Metal ore mining
2023,Murrin Murrin Operations,WA,MURRIN MURRIN OPERATIONS PTY LTD,478181.0,523774.0,478181.0,,45593.0,,reformed,False,MURRIN MURRIN OPERATIONS,Metal ore mining
2023,Newman Operations,WA,BHP IRON ORE PTY LTD,304376.0,316238.0,304376.0,11862.0,,,reformed,False,NEWMAN OPERATIONS,Metal ore mining
2023,Newman Power Station,WA,APA TRANSMISSION (ROY HILL) PTY LTD,544310.0,376230.0,429805.0,,,114505.0,reformed,False,NEWMAN POWER STATION,Electricity
2023,Newmont Boddington Gold Operation,WA,Newmont Boddington Pty Ltd,183027.0,238348.0,183027.0,55321.0,,,reformed,False,NEWMONT BODDINGTON GOLD OPERATION,Metal ore mining
2023,Ningaloo Vision FPSO,WA,Santos Limited,277840.0,226731.0,226731.0,,,51109.0,reformed,False,NINGALOO VISION FPSO,LNG / oil and gas
2023,NKS01 Nickel West Kalgoorlie Facility,WA,BHP NICKEL WEST PTY LTD,123249.0,105583.0,105583.0,,,17666.0,reformed,False,NKS01 NICKEL WEST KALGOORLIE FACILITY,Alumina and metals
2023,NKW01 Nickel West Kwinana Facility,WA,BHP NICKEL WEST PTY LTD,122189.0,169074.0,88688.0,62720.0,17666.0,,reformed,False,NKW01 NICKEL WEST KWINANA FACILITY,Alumina and metals
2023,NMK01 Nickel West Mt Keith Facility,WA,BHP NICKEL WEST PTY LTD,100000.0,200895.0,100000.0,100895.0,,,reformed,False,NMK01 NICKEL WEST MT KEITH FACILITY,Metal ore mining
2023,North West Shelf Project,WA,Woodside Energy Ltd.,5489531.0,6097509.0,5489527.0,607982.0,,,reformed,False,NORTH WEST SHELF PROJECT,LNG / oil and gas
2023,Paraburdoo Mine,WA,Hamersley Iron Pty. Limited,100000.0,163892.0,100000.0,63892.0,,,reformed,False,PARABURDOO MINE,Metal ore mining
2023,Pilbara Rail Operations,WA,PILBARA IRON PTY LTD,611803.0,656025.0,611803.0,44222.0,,,reformed,False,PILBARA RAIL OPERATIONS,Transport
2023,Pilgangoora Operations,WA,Pilbara Minerals Limited,168656.0,180291.0,168656.0,11635.0,,,reformed,False,PILGANGOORA OPERATIONS,Metal ore mining
2023,Pinjarra Alumina Refinery,WA,Alcoa of Australia Limited,1417325.0,1347202.0,1347202.0,,,70123.0,reformed,False,PINJARRA ALUMINA REFINERY,Alumina and metals
2023,Pluto LNG,WA,Woodside Burrup Pty. Ltd.,1918373.0,1845003.0,1845003.0,,,73370.0,reformed,False,PLUTO LNG,LNG / oil and gas
2023,Premier Coal Mine (Open Cut),WA,Premier Coal Pty Ltd,100000.0,110312.0,100000.0,10312.0,,,reformed,False,PREMIER COAL MINE OPEN CUT,Coal mining
2023,PRL03 Rail - IOR Facility,WA,BHP IRON ORE PTY LTD,526254.0,559502.0,526254.0,33248.0,,,reformed,False,PRL03 RAIL IOR FACILITY,Transport
2023,Rail,WA,THE PILBARA INFRASTRUCTURE PTY LTD,241706.0,254871.0,241706.0,4002.0,9163.0,,reformed,False,RAIL,Transport
2023,Ravensthorpe Nickel Operation,WA,FQM Australia Nickel Pty Ltd,147510.0,171706.0,147510.0,24196.0,,,reformed,False,RAVENSTHORPE NICKEL OPERATION,Metal ore mining
2023,Roy Hill Mine,WA,Roy Hill Holdings Pty Ltd,470949.0,516539.0,470949.0,45590.0,,,reformed,False,ROY HILL MINE,Metal ore mining
2023,Sino Iron Project - Cape Preston,WA,CITIC Pacific Mining Management Pty Ltd,1091911.0,1111621.0,1091911.0,19710.0,,,reformed,False,SINO IRON PROJECT CAPE PRESTON,Metal ore mining
2023,Solomon Mine,WA,FMG SOLOMON PTY LTD,390033.0,452137.0,390033.0,42926.0,19178.0,,reformed,False,SOLOMON MINE,Metal ore mining
2023,Solomon Power Station,WA,FMG SOLOMON PTY LTD,366608.0,316859.0,316859.0,,,49749.0,reformed,False,SOLOMON POWER STATION,Electricity
2023,South West Synthetic Rutile Operations,WA,Iluka Resources Limited,198049.0,216480.0,198049.0,18431.0,,,reformed,False,SOUTH WEST SYNTHETIC RUTILE OPERATIONS,Metal ore mining
2023,Sunrise Dam,WA,AngloGold Ashanti Australia Limited,146998.0,165796.0,146998.0,18798.0,,,reformed,False,SUNRISE DAM,Metal ore mining
2023,Telfer Gold Mine,WA,Newcrest Mining Limited,291043.0,353943.0,291043.0,62900.0,,,reformed,False,TELFER GOLD MINE,Metal ore mining
2023,Thunderbox Operations,WA,NORTHERN STAR (THUNDERBOX) PTY LTD,170892.0,174100.0,170892.0,3208.0,,,reformed,False,THUNDERBOX OPERATIONS,Metal ore mining
2023,Tom Price Mine / WTS,WA,Hamersley Iron Pty. Limited,161334.0,183325.0,161334.0,21991.0,,,reformed,False,TOM PRICE MINE WTS,Metal ore mining
2023,Tropicana Gold Mine,WA,AngloGold Ashanti Australia Limited,290437.0,306196.0,290437.0,15759.0,,,reformed,False,TROPICANA GOLD MINE,Metal ore mining
2023,Varanus Hub,WA,Santos Limited,237234.0,281036.0,237234.0,43802.0,,,reformed,False,VARANUS HUB,LNG / oil and gas
2023,Vincent Project Venture,WA,Woodside Energy Ltd.,263351.0,280795.0,263350.0,17445.0,,,reformed,False,VINCENT PROJECT VENTURE,LNG / oil and gas
2023,Wagerup Alumina Refinery,WA,Alcoa of Australia Limited,1280185.0,1343954.0,1280185.0,37271.0,26498.0,,reformed,False,WAGERUP ALUMINA REFINERY,Alumina and metals
2023,West Angelas Mine,WA,Robe River Mining Co. Pty. Ltd.,208498.0,265099.0,208498.0,56601.0,,,reformed,False,WEST ANGELAS MINE,Metal ore mining
2023,Western Australia,WA,Alliance Aviation Services Limited,100000.0,110489.0,100000.0,10489.0,,,reformed,False,WESTERN AUSTRALIA,Transport
2023,Wheatstone Operations,WA,CHEVRON AUSTRALIA PTY LTD,4299587.0,4065836.0,4065836.0,,,233751.0,reformed,False,WHEATSTONE OPERATIONS,LNG / oil and gas
2023,Wodgina Operations,WA,MARBL Lithium Operations Pty Ltd,150054.0,166859.0,150054.0,16805.0,,,reformed,False,WODGINA OPERATIONS,Metal ore mining
2023,WOR01,WA,South32 Worsley Alumina Pty Ltd,3295004.0,3177815.0,3177815.0,,,117189.0,reformed,False,WOR01,Alumina and metals
2023,YAN01 Yandi/Marillana Creek Mine - MNG Facility,WA,BHP IRON ORE PTY LTD,100000.0,107160.0,100000.0,7160.0,,,reformed,False,YAN01 YANDI MARILLANA CREEK MINE MNG FACILITY,Metal ore mining
2023,Yandicoogina Mine,WA,Hamersley Iron - Yandi Pty Limited,141890.0,151438.0,141890.0,9548.0,,,reformed,False,YANDICOOGINA MINE,Metal ore mining
2023,Yarnima Power Station,WA,BHP IRON ORE PTY LTD,328998.0,347643.0,328998.0,18645.0,,,reformed,False,YARNIMA POWER STATION,Electricity
2023,YPF AMMONIA PLANT,WA,Yara Pilbara Fertilisers Pty Ltd,1356400.0,1366029.0,1356400.0,9629.0,,,reformed,False,YPF AMMONIA PLANT,Other manufacturing
2024,APU01 Pyrenees - AOA Facility,WA,WOODSIDE ENERGY GLOBAL PTY LTD,132862.0,144213.0,132861.0,10607.0,745.0,,reformed,False,APU01 PYRENEES AOA FACILITY,LNG / oil and gas
2024,ARC01 Mining Area C - MNG Facility,WA,BHP IRON ORE PTY LTD,757811.0,587292.0,587292.0,,,,reformed,False,ARC01 MINING AREA C MNG FACILITY,Metal ore mining
2024,Beharra Springs,WA,BEACH ENERGY LIMITED,100000.0,128002.0,100000.0,11588.0,16414.0,,reformed,False,BEHARRA SPRINGS,LNG / oil and gas
2024,Brockman 2 / Nammuldi Mines,WA,Hamersley Iron Pty. Limited,152378.0,304904.0,152378.0,152526.0,,,reformed,False,BROCKMAN 2 NAMMULDI MINES,Metal ore mining
2024,Brockman 4 Mine,WA,Hamersley Iron Pty. Limited,165060.0,232771.0,165060.0,67711.0,,,reformed,False,BROCKMAN 4 MINE,Metal ore mining
2024,Carosue Dam Operations,WA,NORTHERN STAR (CAROSUE DAM) PTY LTD,100000.0,104670.0,100000.0,,4670.0,,reformed,False,CAROSUE DAM OPERATIONS,Metal ore mining
2024,Chandala Processing Plant,WA,Tronox Management Pty Ltd,193612.0,214468.0,193612.0,20856.0,,,reformed,False,CHANDALA PROCESSING PLANT,Other manufacturing
2024,Christmas Creek Mine,WA,CHICHESTER METALS PTY LTD,352267.0,372827.0,372827.0,,,,reformed,False,CHRISTMAS CREEK MINE,Metal ore mining
2024,Cloudbreak Mine,WA,CHICHESTER METALS PTY LTD,247491.0,332001.0,247491.0,31575.0,52935.0,,reformed,False,CLOUDBREAK MINE,Metal ore mining
2024,Cockburn Operations,WA,ADBRI LIMITED,503740.0,524450.0,503740.0,,20710.0,,reformed,False,COCKBURN OPERATIONS,Other manufacturing
2024,CSBP Kwinana Facility,WA,CSBP Limited,692197.0,641327.0,641327.0,,,50870.0,reformed,False,CSBP KWINANA FACILITY,Other manufacturing
2024,CTC WA Facility,WA,CENTURION TRANSPORT CO. PTY LTD,119456.0,118994.0,118994.0,,,462.0,reformed,False,CTC WA FACILITY,Transport
2024,DBNGP,WA,DBNGP (WA) Transmission Pty Limited,232997.0,211921.0,211921.0,,,,reformed,False,DBNGP,Transport
2024,Dongara Operations,WA,ADBRI LIMITED,100000.0,91814.0,91814.0,,,,reformed,False,DONGARA OPERATIONS,Other manufacturing
2024,Duketon South Operations,WA,Regis Resources Limited,167545.0,164526.0,164526.0,,,3019.0,reformed,False,DUKETON SOUTH OPERATIONS,Metal ore mining
2024,Eliwana Mine,WA,FMG SOLOMON PTY LTD,157344.0,178715.0,178715.0,,,,reformed,False,ELIWANA MINE,Metal ore mining
2024,Fimiston Operations,WA,KALGOORLIE CONSOLIDATED GOLD MINES PTY LTD,125151.0,271036.0,125151.0,136139.0,9746.0,,reformed,False,FIMISTON OPERATIONS,Metal ore mining
2024,FLNG,WA,SHELL AUSTRALIA PTY LTD,3675438.0,2253798.0,2253798.0,,,1421640.0,reformed,False,FLNG,LNG / oil and gas
2024,Goldfields Gas Transmission Pipeline,WA,Goldfields Gas Transmission Pty Ltd,100000.0,95267.0,95267.0,,,,reformed,False,GOLDFIELDS GAS TRANSMISSION PIPELINE,Transport
2024,Gorgon Operations,WA,CHEVRON AUSTRALIA PTY LTD,8543442.0,9021856.0,8543442.0,478414.0,,,reformed,False,GORGON OPERATIONS,LNG / oil and gas
2024,Granny Smith Mine Site,WA,GSM MINING COMPANY PTY LTD,106554.0,123215.0,106554.0,16661.0,,,reformed,False,GRANNY SMITH MINE SITE,Metal ore mining
2024,Greenbushes Lithium Operation,WA,Talison Lithium Australia Pty Ltd,100000.0,127780.0,100000.0,27780.0,,,reformed,False,GREENBUSHES LITHIUM OPERATION,Metal ore mining
2024,Gruyere Mine Site,WA,Gruyere Mining Company Pty Ltd,190697.0,267882.0,190697.0,77185.0,,,reformed,False,GRUYERE MINE SITE,Metal ore mining
2024,Hope Downs 1 Mine,WA,Hamersley HMS Pty Ltd,100000.0,161539.0,100000.0,61539.0,,,reformed,False,HOPE DOWNS 1 MINE,Metal ore mining
2024,Hope Downs 4 Mine,WA,Hamersley HMS Pty Ltd,100000.0,143256.0,100000.0,43256.0,,,reformed,False,HOPE DOWNS 4 MINE,Metal ore mining
2024,Iron Bridge Mine,WA,IB Operations Pty Ltd,100000.0,156160.0,100000.0,24819.0,31341.0,,reformed,False,IRON BRIDGE MINE,Metal ore mining
2024,Jimblebar Mine,WA,BHP IRON ORE PTY LTD,278021.0,341862.0,278021.0,63841.0,,,reformed,False,JIMBLEBAR MINE,Metal ore mining
2024,Jundee Gold Mine,WA,NORTHERN STAR RESOURCES LIMITED,140519.0,115913.0,115913.0,,,24606.0,reformed,False,JUNDEE GOLD MINE,Metal ore mining
2024,Karlawinda Gold Project,WA,Capricorn Metals Limited,100000.0,109583.0,100000.0,9583.0,,,reformed,False,KARLAWINDA GOLD PROJECT,Metal ore mining
2024,Kemerton Silicon Smelter,WA,SIMCOA OPERATIONS PTY. LTD.,100000.0,112136.0,112136.0,,,,reformed,False,KEMERTON SILICON SMELTER,Alumina and metals
2024,King of the Hills,WA,GREENSTONE RESOURCES (WA) PTY LTD,158105.0,136354.0,136354.0,,,21751.0,reformed,False,KING OF THE HILLS,Metal ore mining
2024,Koodaideri Mine,WA,Mount Bruce Mining Pty Ltd,593864.0,150607.0,150607.0,,,443257.0,reformed,False,KOODAIDERI MINE,Metal ore mining
2024,Kwinana Alumina Refinery,WA,Alcoa of Australia Limited,100000.0,139861.0,100000.0,,39861.0,,reformed,False,KWINANA ALUMINA REFINERY,Alumina and metals
2024,Kwinana Pigment Plant,WA,Tronox Management Pty Ltd,278742.0,311831.0,278742.0,23445.0,9644.0,,reformed,False,KWINANA PIGMENT PLANT,Other manufacturing
2024,Leinster Power Station,WA,TEC DESERT PTY LTD,100000.0,83141.0,83141.0,,,,reformed,False,LEINSTER POWER STATION,Electricity
2024,Macedon,WA,WOODSIDE ENERGY GLOBAL PTY LTD,100000.0,113092.0,100000.0,13092.0,,,reformed,False,MACEDON,LNG / oil and gas
2024,Marandoo Mine,WA,Hamersley Iron Pty. Limited,100000.0,153982.0,100000.0,53982.0,,,reformed,False,MARANDOO MINE,Metal ore mining
2024,Mt Keith Power Station,WA,TEC DESERT PTY LTD,100000.0,52880.0,52880.0,,,,reformed,False,MT KEITH POWER STATION,Electricity
2024,Murrin Murrin Operations,WA,MURRIN MURRIN OPERATIONS PTY LTD,465620.0,508542.0,465620.0,,42922.0,,reformed,False,MURRIN MURRIN OPERATIONS,Metal ore mining
2024,Newman Operations,WA,BHP IRON ORE PTY LTD,282096.0,347444.0,282096.0,65348.0,,,reformed,False,NEWMAN OPERATIONS,Metal ore mining
2024,Newman Power Station,WA,APA TRANSMISSION (ROY HILL) PTY LTD,496339.0,381037.0,444125.0,,,52214.0,reformed,False,NEWMAN POWER STATION,Electricity
2024,Newmont Boddington Gold Operation,WA,Newmont Boddington Pty Ltd,194483.0,218347.0,194483.0,11986.0,11878.0,,reformed,False,NEWMONT BODDINGTON GOLD OPERATION,Metal ore mining
2024,Ningaloo Vision FPSO,WA,Santos Limited,180651.0,159413.0,159413.0,,,21238.0,reformed,False,NINGALOO VISION FPSO,LNG / oil and gas
2024,NKS01 Nickel West Kalgoorlie Facility,WA,BHP NICKEL WEST PTY LTD,100000.0,32038.0,32038.0,,,,reformed,False,NKS01 NICKEL WEST KALGOORLIE FACILITY,Alumina and metals
2024,NKW01 Nickel West Kwinana Facility,WA,BHP NICKEL WEST PTY LTD,100000.0,59573.0,59573.0,,,,reformed,False,NKW01 NICKEL WEST KWINANA FACILITY,Alumina and metals
2024,NMK01 Nickel West Mt Keith Facility,WA,BHP NICKEL WEST PTY LTD,100000.0,32437.0,32437.0,,,,reformed,False,NMK01 NICKEL WEST MT KEITH FACILITY,Metal ore mining
2024,North West Shelf Project,WA,Woodside Energy Ltd.,4829212.0,5750304.0,4829209.0,681895.0,239200.0,,reformed,False,NORTH WEST SHELF PROJECT,LNG / oil and gas
2024,Onslow Haul Road,WA,ONSLOW INFRACO PTY LTD,100000.0,126242.0,100000.0,26242.0,,,reformed,False,ONSLOW HAUL ROAD,Transport
2024,Paraburdoo Mine,WA,Hamersley Iron Pty. Limited,100000.0,139337.0,75430.0,63907.0,,,reformed,False,PARABURDOO MINE,Metal ore mining
2024,Pilbara Rail Operations,WA,PILBARA IRON PTY LTD,569672.0,651125.0,569672.0,81453.0,,,reformed,False,PILBARA RAIL OPERATIONS,Transport
2024,Pilgangoora Operations,WA,PLS GROUP LIMITED,145243.0,167449.0,145243.0,22206.0,,,reformed,False,PILGANGOORA OPERATIONS,Metal ore mining
2024,Pinjarra Alumina Refinery,WA,Alcoa of Australia Limited,1434251.0,1268082.0,1268082.0,,,166169.0,reformed,False,PINJARRA ALUMINA REFINERY,Alumina and metals
2024,Pluto LNG,WA,Woodside Burrup Pty. Ltd.,1743127.0,1888110.0,1743127.0,144983.0,,,reformed,False,PLUTO LNG,LNG / oil and gas
2024,Premier Coal Mine (Open Cut),WA,Premier Coal Pty Ltd,100000.0,106030.0,100000.0,6030.0,,,reformed,False,PREMIER COAL MINE OPEN CUT,Coal mining
2024,PRL03 Rail - IOR Facility,WA,BHP IRON ORE PTY LTD,503836.0,552076.0,503836.0,48240.0,,,reformed,False,PRL03 RAIL IOR FACILITY,Transport
2024,Rail,WA,THE PILBARA INFRASTRUCTURE PTY LTD,240979.0,264806.0,240979.0,10314.0,13513.0,,reformed,False,RAIL,Transport
2024,Ravensthorpe Nickel Operation,WA,FQM Australia Nickel Pty Ltd,100000.0,5876.0,5876.0,,,,reformed,False,RAVENSTHORPE NICKEL OPERATION,Metal ore mining
2024,Roy Hill Mine,WA,Roy Hill Holdings Pty Ltd,393393.0,480607.0,393393.0,87214.0,,,reformed,False,ROY HILL MINE,Metal ore mining
2024,Sino Iron Project – Cape Preston,WA,CITIC Pacific Mining Management Pty Ltd,792477.0,836882.0,792477.0,44405.0,,,reformed,False,SINO IRON PROJECT CAPE PRESTON,Metal ore mining
2024,Solomon Mine,WA,FMG SOLOMON PTY LTD,357442.0,470534.0,357442.0,42881.0,70211.0,,reformed,False,SOLOMON MINE,Metal ore mining
2024,Solomon Power Station,WA,FMG SOLOMON PTY LTD,474965.0,436601.0,436601.0,,,38364.0,reformed,False,SOLOMON POWER STATION,Electricity
2024,South West Synthetic Rutile Operations,WA,Iluka Resources Limited,238856.0,285198.0,238856.0,46342.0,,,reformed,False,SOUTH WEST SYNTHETIC RUTILE OPERATIONS,Metal ore mining
2024,Sunrise Dam,WA,AngloGold Ashanti Australia Limited,137390.0,163952.0,137390.0,26562.0,,,reformed,False,SUNRISE DAM,Metal ore mining
2024,Telfer Gold Mine,WA,Newcrest Mining Limited,143577.0,119821.0,119821.0,,,23756.0,reformed,False,TELFER GOLD MINE,Metal ore mining
2024,Telfer Gold Mine,WA,GREATLAND HOLDINGS GROUP PTY LTD,192357.0,261212.0,192357.0,68855.0,,,reformed,False,TELFER GOLD MINE,Metal ore mining
2024,Thunderbox Operations,WA,NORTHERN STAR (THUNDERBOX) PTY LTD,180197.0,190387.0,180197.0,,10190.0,,reformed,False,THUNDERBOX OPERATIONS,Metal ore mining
2024,Tom Price Mine / WTS,WA,Hamersley Iron Pty. Limited,138056.0,172874.0,138056.0,34818.0,,,reformed,False,TOM PRICE MINE WTS,Metal ore mining
2024,Tropicana Gold Mine,WA,AngloGold Ashanti Australia Limited,285439.0,280553.0,280553.0,,,4886.0,reformed,False,TROPICANA GOLD MINE,Metal ore mining
2024,Varanus Hub,WA,Santos Limited,227595.0,312681.0,227595.0,66000.0,19086.0,,reformed,False,VARANUS HUB,LNG / oil and gas
2024,Vincent Project Venture,WA,Woodside Energy Ltd.,261109.0,282383.0,261108.0,21275.0,,,reformed,False,VINCENT PROJECT VENTURE,LNG / oil and gas
2024,WA Transport facility,WA,MGM BULK PTY LTD,100000.0,109830.0,100000.0,9830.0,,,reformed,False,WA TRANSPORT FACILITY,Transport
2024,Wagerup Alumina Refinery,WA,Alcoa of Australia Limited,1217338.0,1306994.0,1217338.0,,89656.0,,reformed,False,WAGERUP ALUMINA REFINERY,Alumina and metals
2024,West Angelas Mine,WA,Robe River Mining Co. Pty. Ltd.,204720.0,264443.0,204720.0,59723.0,,,reformed,False,WEST ANGELAS MINE,Metal ore mining
2024,West Pilbara Iron Ore Project,WA,ONSLOW IRON PTY LTD,100000.0,135870.0,100000.0,35870.0,,,reformed,False,WEST PILBARA IRON ORE PROJECT,Metal ore mining
2024,Wheatstone Operations,WA,CHEVRON AUSTRALIA PTY LTD,4025022.0,4020667.0,4020667.0,,,4355.0,reformed,False,WHEATSTONE OPERATIONS,LNG / oil and gas
2024,Wodgina Lithium Project,WA,MARBL Lithium Operations Pty Ltd,138301.0,169821.0,138301.0,31520.0,,,reformed,False,WODGINA LITHIUM PROJECT,Metal ore mining
2024,WOR01,WA,South32 Worsley Alumina Pty Ltd,3087049.0,3218588.0,3087049.0,63499.0,68040.0,,reformed,False,WOR01,Alumina and metals
2024,YAN01 Yandi/Marillana Creek Mine - MNG Facility,WA,BHP IRON ORE PTY LTD,100000.0,106656.0,100000.0,6656.0,,,reformed,False,YAN01 YANDI MARILLANA CREEK MINE MNG FACILITY,Metal ore mining
2024,Yandicoogina Mine,WA,Hamersley Iron - Yandi Pty Limited,123266.0,151953.0,123266.0,28687.0,,,reformed,False,YANDICOOGINA MINE,Metal ore mining
2024,Yarnima Power Station,WA,BHP IRON ORE PTY LTD,324820.0,364582.0,324820.0,39762.0,,,reformed,False,YARNIMA POWER STATION,Electricity
2024,YPF AMMONIA PLANT,WA,Yara Pilbara Fertilisers Pty Ltd,1680100.0,1637599.0,1637599.0,,,42501.0,reformed,False,YPF AMMONIA PLANT,Other manufacturing
