year,month,msl_mm
1897,1,6542.0
1897,2,6524.0
1897,3,6557.0
1897,4,6655.0
1897,5,6648.0
1897,6,6729.0
1897,7,6641.0
1897,8,6518.0
1897,9,6547.0
1897,10,6465.0
1897,11,6499.0
1897,12,6498.0
1898,1,6527.0
1898,2,6664.0
1898,3,
1898,4,6620.0
1898,5,6827.0
1898,6,6781.0
1898,7,6736.0
1898,8,6622.0
1898,9,6569.0
1898,10,6628.0
1898,11,6534.0
1898,12,6541.0
1899,1,6585.0
1899,2,6646.0
1899,3,6704.0
1899,4,6732.0
1899,5,6638.0
1899,6,6705.0
1899,7,6695.0
1899,8,6599.0
1899,9,6414.0
1899,10,
1899,11,
1899,12,
1900,1,6519.0
1900,2,6538.0
1900,3,6526.0
1900,4,6686.0
1900,5,
1900,6,6803.0
1900,7,6714.0
1900,8,
1900,9,6560.0
1900,10,6611.0
1900,11,6546.0
1900,12,
1901,1,6478.0
1901,2,6516.0
1901,3,6607.0
1901,4,6677.0
1901,5,6745.0
1901,6,6777.0
1901,7,6714.0
1901,8,6639.0
1901,9,6558.0
1901,10,6528.0
1901,11,6558.0
1901,12,6599.0
1902,1,
1902,2,
1902,3,
1902,4,
1902,5,
1902,6,
1902,7,
1902,8,
1902,9,
1902,10,
1902,11,
1902,12,
1903,1,6515.0
1903,2,6558.0
1903,3,6457.0
1903,4,6567.0
1903,5,6617.0
1903,6,6672.0
1903,7,6631.0
1903,8,6663.0
1903,9,6697.0
1903,10,6640.0
1903,11,6614.0
1903,12,6690.0
1904,1,6656.0
1904,2,6677.0
1904,3,6469.0
1904,4,6726.0
1904,5,6752.0
1904,6,6801.0
1904,7,6736.0
1904,8,6697.0
1904,9,6563.0
1904,10,6578.0
1904,11,6500.0
1904,12,6632.0
1905,1,6537.0
1905,2,6552.0
1905,3,6604.0
1905,4,6657.0
1905,5,6813.0
1905,6,6710.0
1905,7,6700.0
1905,8,6582.0
1905,9,6614.0
1905,10,6484.0
1905,11,6539.0
1905,12,6553.0
1906,1,6591.0
1906,2,6577.0
1906,3,6608.0
1906,4,6709.0
1906,5,6793.0
1906,6,6781.0
1906,7,6724.0
1906,8,6656.0
1906,9,6681.0
1906,10,6623.0
1906,11,6512.0
1906,12,6545.0
1907,1,
1907,2,
1907,3,
1907,4,
1907,5,
1907,6,
1907,7,
1907,8,
1907,9,
1907,10,
1907,11,
1907,12,
1908,1,6491.0
1908,2,6532.0
1908,3,6492.0
1908,4,6555.0
1908,5,6703.0
1908,6,6694.0
1908,7,6596.0
1908,8,6488.0
1908,9,6473.0
1908,10,6506.0
1908,11,6529.0
1908,12,6554.0
1909,1,6587.0
1909,2,6616.0
1909,3,6640.0
1909,4,6707.0
1909,5,6776.0
1909,6,6790.0
1909,7,6644.0
1909,8,6646.0
1909,9,6640.0
1909,10,6583.0
1909,11,6441.0
1909,12,6580.0
1910,1,
1910,2,
1910,3,
1910,4,
1910,5,
1910,6,
1910,7,
1910,8,
1910,9,
1910,10,
1910,11,
1910,12,
1911,1,
1911,2,
1911,3,
1911,4,
1911,5,
1911,6,
1911,7,
1911,8,
1911,9,
1911,10,
1911,11,
1911,12,
1912,1,
1912,2,
1912,3,
1912,4,
1912,5,
1912,6,
1912,7,6756.0
1912,8,6667.0
1912,9,6641.0
1912,10,6574.0
1912,11,6600.0
1912,12,6634.0
1913,1,
1913,2,
1913,3,
1913,4,6742.0
1913,5,6796.0
1913,6,6865.0
1913,7,
1913,8,
1913,9,
1913,10,
1913,11,
1913,12,
1914,1,
1914,2,
1914,3,
1914,4,6479.0
1914,5,6619.0
1914,6,6719.0
1914,7,6462.0
1914,8,6405.0
1914,9,6325.0
1914,10,6445.0
1914,11,6471.0
1914,12,6478.0
1915,1,6503.0
1915,2,6595.0
1915,3,6525.0
1915,4,6558.0
1915,5,6611.0
1915,6,6742.0
1915,7,6638.0
1915,8,6602.0
1915,9,6524.0
1915,10,6556.0
1915,11,6566.0
1915,12,6525.0
1916,1,6515.0
1916,2,6537.0
1916,3,6543.0
1916,4,6551.0
1916,5,6713.0
1916,6,6717.0
1916,7,6665.0
1916,8,6640.0
1916,9,6582.0
1916,10,6586.0
1916,11,6703.0
1916,12,6582.0
1917,1,6557.0
1917,2,6668.0
1917,3,6725.0
1917,4,6706.0
1917,5,6710.0
1917,6,
1917,7,6899.0
1917,8,6719.0
1917,9,6821.0
1917,10,6659.0
1917,11,6552.0
1917,12,6653.0
1918,1,6714.0
1918,2,6693.0
1918,3,6688.0
1918,4,6749.0
1918,5,6798.0
1918,6,6824.0
1918,7,6603.0
1918,8,6594.0
1918,9,6577.0
1918,10,6478.0
1918,11,6474.0
1918,12,6411.0
1919,1,6392.0
1919,2,6446.0
1919,3,6528.0
1919,4,6581.0
1919,5,6596.0
1919,6,6630.0
1919,7,6627.0
1919,8,6566.0
1919,9,6476.0
1919,10,6484.0
1919,11,6476.0
1919,12,6466.0
1920,1,6591.0
1920,2,6480.0
1920,3,6623.0
1920,4,6613.0
1920,5,6748.0
1920,6,6728.0
1920,7,6642.0
1920,8,6650.0
1920,9,6540.0
1920,10,6544.0
1920,11,6535.0
1920,12,6436.0
1921,1,6510.0
1921,2,6718.0
1921,3,6747.0
1921,4,6701.0
1921,5,6840.0
1921,6,6755.0
1921,7,6778.0
1921,8,6677.0
1921,9,6629.0
1921,10,6580.0
1921,11,6574.0
1921,12,6595.0
1922,1,6553.0
1922,2,6556.0
1922,3,6656.0
1922,4,6676.0
1922,5,6707.0
1922,6,6688.0
1922,7,6689.0
1922,8,6592.0
1922,9,6556.0
1922,10,6559.0
1922,11,6606.0
1922,12,6572.0
1923,1,6631.0
1923,2,6695.0
1923,3,6734.0
1923,4,6720.0
1923,5,6754.0
1923,6,6794.0
1923,7,6689.0
1923,8,6597.0
1923,9,6594.0
1923,10,6496.0
1923,11,6509.0
1923,12,6486.0
1924,1,6501.0
1924,2,6615.0
1924,3,6603.0
1924,4,6719.0
1924,5,6797.0
1924,6,6766.0
1924,7,6741.0
1924,8,6694.0
1924,9,6648.0
1924,10,6698.0
1924,11,6692.0
1924,12,6623.0
1925,1,6662.0
1925,2,6667.0
1925,3,6724.0
1925,4,6695.0
1925,5,6762.0
1925,6,6715.0
1925,7,6637.0
1925,8,6511.0
1925,9,
1925,10,6529.0
1925,11,6549.0
1925,12,6586.0
1926,1,
1926,2,
1926,3,
1926,4,
1926,5,
1926,6,
1926,7,
1926,8,
1926,9,
1926,10,
1926,11,
1926,12,
1927,1,6627.0
1927,2,6584.0
1927,3,6758.0
1927,4,6816.0
1927,5,6785.0
1927,6,6796.0
1927,7,6806.0
1927,8,6688.0
1927,9,6622.0
1927,10,6620.0
1927,11,6603.0
1927,12,6662.0
1928,1,6630.0
1928,2,6543.0
1928,3,6619.0
1928,4,6747.0
1928,5,6804.0
1928,6,6804.0
1928,7,6753.0
1928,8,6759.0
1928,9,6683.0
1928,10,6602.0
1928,11,6593.0
1928,12,6651.0
1929,1,6544.0
1929,2,6720.0
1929,3,6721.0
1929,4,6770.0
1929,5,6815.0
1929,6,6773.0
1929,7,6744.0
1929,8,6697.0
1929,9,6571.0
1929,10,6508.0
1929,11,6533.0
1929,12,6552.0
1930,1,6453.0
1930,2,6456.0
1930,3,6666.0
1930,4,6664.0
1930,5,6727.0
1930,6,6789.0
1930,7,6703.0
1930,8,6644.0
1930,9,6612.0
1930,10,6591.0
1930,11,6543.0
1930,12,6650.0
1931,1,6428.0
1931,2,6373.0
1931,3,6533.0
1931,4,6722.0
1931,5,6704.0
1931,6,6718.0
1931,7,6764.0
1931,8,6736.0
1931,9,6676.0
1931,10,6601.0
1931,11,6643.0
1931,12,6735.0
1932,1,6672.0
1932,2,6668.0
1932,3,6571.0
1932,4,6725.0
1932,5,6829.0
1932,6,6845.0
1932,7,6744.0
1932,8,6699.0
1932,9,6554.0
1932,10,6474.0
1932,11,6523.0
1932,12,6585.0
1933,1,6627.0
1933,2,6705.0
1933,3,6711.0
1933,4,6811.0
1933,5,6767.0
1933,6,6833.0
1933,7,6697.0
1933,8,6725.0
1933,9,6680.0
1933,10,6686.0
1933,11,6612.0
1933,12,6645.0
1934,1,6737.0
1934,2,6849.0
1934,3,6888.0
1934,4,6799.0
1934,5,6939.0
1934,6,6815.0
1934,7,6761.0
1934,8,6717.0
1934,9,6698.0
1934,10,6535.0
1934,11,6606.0
1934,12,6633.0
1935,1,6583.0
1935,2,6704.0
1935,3,6627.0
1935,4,6779.0
1935,5,6790.0
1935,6,6733.0
1935,7,6751.0
1935,8,6729.0
1935,9,6637.0
1935,10,6568.0
1935,11,6574.0
1935,12,6573.0
1936,1,6674.0
1936,2,6609.0
1936,3,6677.0
1936,4,6691.0
1936,5,6780.0
1936,6,6848.0
1936,7,6758.0
1936,8,6685.0
1936,9,6634.0
1936,10,6534.0
1936,11,6594.0
1936,12,6580.0
1937,1,6518.0
1937,2,6648.0
1937,3,6627.0
1937,4,6772.0
1937,5,6810.0
1937,6,6839.0
1937,7,6672.0
1937,8,6644.0
1937,9,6521.0
1937,10,6558.0
1937,11,6566.0
1937,12,6575.0
1938,1,6570.0
1938,2,6557.0
1938,3,6656.0
1938,4,6642.0
1938,5,6787.0
1938,6,6718.0
1938,7,6769.0
1938,8,6735.0
1938,9,6764.0
1938,10,6618.0
1938,11,6569.0
1938,12,6641.0
1939,1,6689.0
1939,2,6690.0
1939,3,6763.0
1939,4,6800.0
1939,5,6845.0
1939,6,6942.0
1939,7,6816.0
1939,8,6852.0
1939,9,6626.0
1939,10,6640.0
1939,11,6609.0
1939,12,6546.0
1940,1,6662.0
1940,2,6563.0
1940,3,6606.0
1940,4,6556.0
1940,5,6712.0
1940,6,6689.0
1940,7,6659.0
1940,8,6607.0
1940,9,6517.0
1940,10,6589.0
1940,11,6432.0
1940,12,6554.0
1941,1,6534.0
1941,2,6514.0
1941,3,6650.0
1941,4,6735.0
1941,5,6837.0
1941,6,6811.0
1941,7,6760.0
1941,8,6675.0
1941,9,6613.0
1941,10,6495.0
1941,11,6451.0
1941,12,6488.0
1942,1,6421.0
1942,2,
1942,3,
1942,4,
1942,5,
1942,6,
1942,7,
1942,8,
1942,9,
1942,10,
1942,11,6648.0
1942,12,6615.0
1943,1,
1943,2,6695.0
1943,3,6768.0
1943,4,6799.0
1943,5,6785.0
1943,6,6814.0
1943,7,6649.0
1943,8,6633.0
1943,9,6576.0
1943,10,6481.0
1943,11,6574.0
1943,12,6608.0
1944,1,6582.0
1944,2,6572.0
1944,3,6640.0
1944,4,6704.0
1944,5,6735.0
1944,6,6793.0
1944,7,6732.0
1944,8,6646.0
1944,9,6597.0
1944,10,6625.0
1944,11,6702.0
1944,12,6699.0
1945,1,6639.0
1945,2,6784.0
1945,3,6748.0
1945,4,6822.0
1945,5,6789.0
1945,6,6976.0
1945,7,6759.0
1945,8,6827.0
1945,9,6652.0
1945,10,6637.0
1945,11,6649.0
1945,12,6660.0
1946,1,6692.0
1946,2,6628.0
1946,3,6741.0
1946,4,6734.0
1946,5,6773.0
1946,6,6743.0
1946,7,6932.0
1946,8,6698.0
1946,9,6526.0
1946,10,6545.0
1946,11,6646.0
1946,12,6645.0
1947,1,6590.0
1947,2,6652.0
1947,3,6740.0
1947,4,6745.0
1947,5,6820.0
1947,6,6864.0
1947,7,6738.0
1947,8,6700.0
1947,9,6627.0
1947,10,6612.0
1947,11,6543.0
1947,12,6564.0
1948,1,6611.0
1948,2,6675.0
1948,3,6732.0
1948,4,6798.0
1948,5,6779.0
1948,6,6836.0
1948,7,6828.0
1948,8,6783.0
1948,9,6721.0
1948,10,6610.0
1948,11,6566.0
1948,12,6574.0
1949,1,6616.0
1949,2,6706.0
1949,3,6702.0
1949,4,6854.0
1949,5,6861.0
1949,6,6915.0
1949,7,6868.0
1949,8,6841.0
1949,9,6643.0
1949,10,6656.0
1949,11,6691.0
1949,12,6676.0
1950,1,
1950,2,6650.0
1950,3,6708.0
1950,4,6790.0
1950,5,6890.0
1950,6,6878.0
1950,7,6833.0
1950,8,6729.0
1950,9,6746.0
1950,10,6700.0
1950,11,6751.0
1950,12,6632.0
1951,1,6636.0
1951,2,6750.0
1951,3,
1951,4,6733.0
1951,5,6663.0
1951,6,6815.0
1951,7,6739.0
1951,8,6646.0
1951,9,6639.0
1951,10,6648.0
1951,11,6609.0
1951,12,6576.0
1952,1,6576.0
1952,2,6621.0
1952,3,6690.0
1952,4,6725.0
1952,5,6867.0
1952,6,6874.0
1952,7,6778.0
1952,8,6672.0
1952,9,6623.0
1952,10,6583.0
1952,11,6610.0
1952,12,6552.0
1953,1,6574.0
1953,2,6580.0
1953,3,6662.0
1953,4,6722.0
1953,5,6895.0
1953,6,6878.0
1953,7,6855.0
1953,8,6645.0
1953,9,
1953,10,6585.0
1953,11,6559.0
1953,12,6562.0
1954,1,6599.0
1954,2,6625.0
1954,3,6668.0
1954,4,6709.0
1954,5,6808.0
1954,6,6773.0
1954,7,6800.0
1954,8,6684.0
1954,9,6610.0
1954,10,6620.0
1954,11,6663.0
1954,12,6659.0
1955,1,6699.0
1955,2,6784.0
1955,3,6716.0
1955,4,6849.0
1955,5,6904.0
1955,6,6815.0
1955,7,6828.0
1955,8,6961.0
1955,9,6776.0
1955,10,6740.0
1955,11,6739.0
1955,12,6755.0
1956,1,6744.0
1956,2,6694.0
1956,3,6728.0
1956,4,6768.0
1956,5,6845.0
1956,6,6895.0
1956,7,6875.0
1956,8,6708.0
1956,9,6645.0
1956,10,6670.0
1956,11,6703.0
1956,12,6653.0
1957,1,6676.0
1957,2,6679.0
1957,3,6700.0
1957,4,6696.0
1957,5,6822.0
1957,6,6928.0
1957,7,6777.0
1957,8,6780.0
1957,9,6584.0
1957,10,
1957,11,6562.0
1957,12,6533.0
1958,1,6614.0
1958,2,6567.0
1958,3,6643.0
1958,4,6619.0
1958,5,6753.0
1958,6,6758.0
1958,7,6872.0
1958,8,6713.0
1958,9,6587.0
1958,10,6626.0
1958,11,6727.0
1958,12,6738.0
1959,1,
1959,2,6689.0
1959,3,6619.0
1959,4,6819.0
1959,5,6815.0
1959,6,6806.0
1959,7,6792.0
1959,8,6721.0
1959,9,6590.0
1959,10,6653.0
1959,11,6633.0
1959,12,6566.0
1960,1,6547.0
1960,2,6669.0
1960,3,6671.0
1960,4,6761.0
1960,5,6829.0
1960,6,6754.0
1960,7,6804.0
1960,8,6662.0
1960,9,6637.0
1960,10,6603.0
1960,11,6552.0
1960,12,6580.0
1961,1,6650.0
1961,2,6730.0
1961,3,6712.0
1961,4,6687.0
1961,5,6790.0
1961,6,6794.0
1961,7,6687.0
1961,8,6679.0
1961,9,6614.0
1961,10,6548.0
1961,11,6551.0
1961,12,6597.0
1962,1,6751.0
1962,2,6711.0
1962,3,6680.0
1962,4,6763.0
1962,5,6908.0
1962,6,6921.0
1962,7,6856.0
1962,8,6775.0
1962,9,6678.0
1962,10,6670.0
1962,11,6685.0
1962,12,6726.0
1963,1,6741.0
1963,2,6804.0
1963,3,6825.0
1963,4,6802.0
1963,5,6976.0
1963,6,6966.0
1963,7,6927.0
1963,8,6831.0
1963,9,6646.0
1963,10,6634.0
1963,11,6641.0
1963,12,6694.0
1964,1,6583.0
1964,2,6657.0
1964,3,6683.0
1964,4,6779.0
1964,5,6813.0
1964,6,7049.0
1964,7,6954.0
1964,8,6846.0
1964,9,6723.0
1964,10,6690.0
1964,11,6664.0
1964,12,6656.0
1965,1,6671.0
1965,2,6645.0
1965,3,6703.0
1965,4,
1965,5,
1965,6,6872.0
1965,7,
1965,8,
1965,9,6591.0
1965,10,6690.0
1965,11,6667.0
1965,12,6751.0
1966,1,6601.0
1966,2,6692.0
1966,3,6760.0
1966,4,6761.0
1966,5,6809.0
1966,6,6781.0
1966,7,6761.0
1966,8,6698.0
1966,9,6636.0
1966,10,6628.0
1966,11,6634.0
1966,12,6691.0
1967,1,
1967,2,
1967,3,
1967,4,6774.0
1967,5,6828.0
1967,6,6873.0
1967,7,6766.0
1967,8,6699.0
1967,9,6616.0
1967,10,6639.0
1967,11,6603.0
1967,12,6690.0
1968,1,6673.0
1968,2,6635.0
1968,3,6693.0
1968,4,6771.0
1968,5,6772.0
1968,6,6928.0
1968,7,6875.0
1968,8,6719.0
1968,9,6670.0
1968,10,6654.0
1968,11,6586.0
1968,12,6636.0
1969,1,6620.0
1969,2,6585.0
1969,3,6669.0
1969,4,6737.0
1969,5,6747.0
1969,6,6859.0
1969,7,6733.0
1969,8,6648.0
1969,9,6512.0
1969,10,6568.0
1969,11,6578.0
1969,12,6553.0
1970,1,6618.0
1970,2,6769.0
1970,3,6695.0
1970,4,6728.0
1970,5,6861.0
1970,6,6886.0
1970,7,6777.0
1970,8,6669.0
1970,9,6711.0
1970,10,6679.0
1970,11,6646.0
1970,12,6687.0
1971,1,6765.0
1971,2,6770.0
1971,3,6741.0
1971,4,6777.0
1971,5,6852.0
1971,6,6829.0
1971,7,6800.0
1971,8,6675.0
1971,9,6749.0
1971,10,6710.0
1971,11,6660.0
1971,12,6616.0
1972,1,6677.0
1972,2,6740.0
1972,3,6668.0
1972,4,6769.0
1972,5,6812.0
1972,6,6750.0
1972,7,6719.0
1972,8,6690.0
1972,9,6598.0
1972,10,6549.0
1972,11,6558.0
1972,12,6609.0
1973,1,6639.0
1973,2,6542.0
1973,3,6653.0
1973,4,6804.0
1973,5,6930.0
1973,6,6827.0
1973,7,6879.0
1973,8,6773.0
1973,9,6742.0
1973,10,6654.0
1973,11,6664.0
1973,12,6699.0
1974,1,6751.0
1974,2,6738.0
1974,3,6748.0
1974,4,6832.0
1974,5,6981.0
1974,6,6905.0
1974,7,6872.0
1974,8,6824.0
1974,9,6751.0
1974,10,6733.0
1974,11,6688.0
1974,12,6714.0
1975,1,6626.0
1975,2,6692.0
1975,3,6799.0
1975,4,6865.0
1975,5,6945.0
1975,6,6961.0
1975,7,6878.0
1975,8,6829.0
1975,9,6779.0
1975,10,6790.0
1975,11,6733.0
1975,12,6776.0
1976,1,6763.0
1976,2,6794.0
1976,3,6772.0
1976,4,6834.0
1976,5,6847.0
1976,6,6775.0
1976,7,6756.0
1976,8,6749.0
1976,9,6644.0
1976,10,6627.0
1976,11,6618.0
1976,12,6648.0
1977,1,6638.0
1977,2,6672.0
1977,3,6664.0
1977,4,6718.0
1977,5,6782.0
1977,6,6827.0
1977,7,6732.0
1977,8,6692.0
1977,9,6594.0
1977,10,6619.0
1977,11,6584.0
1977,12,6664.0
1978,1,6684.0
1978,2,6632.0
1978,3,6753.0
1978,4,6817.0
1978,5,6888.0
1978,6,6849.0
1978,7,6838.0
1978,8,6751.0
1978,9,6721.0
1978,10,6624.0
1978,11,6682.0
1978,12,6709.0
1979,1,6585.0
1979,2,6614.0
1979,3,6748.0
1979,4,6767.0
1979,5,6801.0
1979,6,6807.0
1979,7,6723.0
1979,8,6673.0
1979,9,6619.0
1979,10,6610.0
1979,11,6717.0
1979,12,6636.0
1980,1,6706.0
1980,2,6601.0
1980,3,6699.0
1980,4,6818.0
1980,5,6811.0
1980,6,6782.0
1980,7,6736.0
1980,8,6694.0
1980,9,6625.0
1980,10,6554.0
1980,11,6624.0
1980,12,6655.0
1981,1,6616.0
1981,2,6550.0
1981,3,6688.0
1981,4,6777.0
1981,5,6812.0
1981,6,6824.0
1981,7,6867.0
1981,8,6763.0
1981,9,6725.0
1981,10,6676.0
1981,11,6707.0
1981,12,6660.0
1982,1,6638.0
1982,2,6635.0
1982,3,6682.0
1982,4,6701.0
1982,5,6752.0
1982,6,6821.0
1982,7,6734.0
1982,8,6664.0
1982,9,6614.0
1982,10,6579.0
1982,11,6617.0
1982,12,6627.0
1983,1,6580.0
1983,2,6678.0
1983,3,6628.0
1983,4,6821.0
1983,5,6806.0
1983,6,6942.0
1983,7,6809.0
1983,8,6833.0
1983,9,6741.0
1983,10,6625.0
1983,11,6620.0
1983,12,6679.0
1984,1,6673.0
1984,2,6701.0
1984,3,6729.0
1984,4,6879.0
1984,5,7002.0
1984,6,6919.0
1984,7,6802.0
1984,8,6751.0
1984,9,6702.0
1984,10,6733.0
1984,11,6669.0
1984,12,6637.0
1985,1,6581.0
1985,2,6847.0
1985,3,6737.0
1985,4,6873.0
1985,5,6820.0
1985,6,6891.0
1985,7,6792.0
1985,8,6743.0
1985,9,6667.0
1985,10,6598.0
1985,11,6666.0
1985,12,6631.0
1986,1,6685.0
1986,2,6713.0
1986,3,6762.0
1986,4,6713.0
1986,5,6821.0
1986,6,6818.0
1986,7,6759.0
1986,8,6685.0
1986,9,6630.0
1986,10,6599.0
1986,11,6604.0
1986,12,6540.0
1987,1,6578.0
1987,2,6522.0
1987,3,6693.0
1987,4,6738.0
1987,5,6678.0
1987,6,6841.0
1987,7,6773.0
1987,8,6675.0
1987,9,6605.0
1987,10,6564.0
1987,11,6582.0
1987,12,6614.0
1988,1,6585.0
1988,2,6702.0
1988,3,6737.0
1988,4,6795.0
1988,5,6901.0
1988,6,6924.0
1988,7,6826.0
1988,8,6809.0
1988,9,6846.0
1988,10,6781.0
1988,11,6697.0
1988,12,6720.0
1989,1,6762.0
1989,2,6829.0
1989,3,6802.0
1989,4,6907.0
1989,5,6914.0
1989,6,6849.0
1989,7,6827.0
1989,8,6758.0
1989,9,6709.0
1989,10,6687.0
1989,11,6685.0
1989,12,6632.0
1990,1,6659.0
1990,2,6762.0
1990,3,6737.0
1990,4,6753.0
1990,5,6776.0
1990,6,6764.0
1990,7,6755.0
1990,8,6659.0
1990,9,6665.0
1990,10,6609.0
1990,11,6611.0
1990,12,6635.0
1991,1,6606.0
1991,2,6572.0
1991,3,6714.0
1991,4,6837.0
1991,5,6823.0
1991,6,6894.0
1991,7,6860.0
1991,8,6699.0
1991,9,6640.0
1991,10,6617.0
1991,11,6593.0
1991,12,6615.0
1992,1,6604.0
1992,2,6655.0
1992,3,6675.0
1992,4,6766.0
1992,5,6793.0
1992,6,6900.0
1992,7,6772.0
1992,8,6753.0
1992,9,6607.0
1992,10,6599.0
1992,11,6662.0
1992,12,6602.0
1993,1,6613.0
1993,2,6530.0
1993,3,6625.0
1993,4,6672.0
1993,5,6732.0
1993,6,6775.0
1993,7,6739.0
1993,8,6656.0
1993,9,6662.0
1993,10,6560.0
1993,11,6603.0
1993,12,6597.0
1994,1,6623.0
1994,2,6640.0
1994,3,6750.0
1994,4,6777.0
1994,5,6807.0
1994,6,6799.0
1994,7,6747.0
1994,8,6691.0
1994,9,6576.0
1994,10,6565.0
1994,11,6609.0
1994,12,6637.0
1995,1,6610.0
1995,2,6645.0
1995,3,6707.0
1995,4,6785.0
1995,5,6815.0
1995,6,6833.0
1995,7,6852.0
1995,8,6761.0
1995,9,6706.0
1995,10,6717.0
1995,11,6751.0
1995,12,6758.0
1996,1,6723.0
1996,2,6847.0
1996,3,6733.0
1996,4,6828.0
1996,5,6868.0
1996,6,7002.0
1996,7,6977.0
1996,8,6814.0
1996,9,6844.0
1996,10,6739.0
1996,11,6774.0
1996,12,6718.0
1997,1,6804.0
1997,2,6778.0
1997,3,6650.0
1997,4,6796.0
1997,5,6825.0
1997,6,6835.0
1997,7,6740.0
1997,8,6666.0
1997,9,6637.0
1997,10,6551.0
1997,11,6580.0
1997,12,6583.0
1998,1,6507.0
1998,2,6543.0
1998,3,6710.0
1998,4,6796.0
1998,5,6913.0
1998,6,6926.0
1998,7,6822.0
1998,8,6807.0
1998,9,6764.0
1998,10,6704.0
1998,11,6719.0
1998,12,6700.0
1999,1,6732.0
1999,2,6791.0
1999,3,6890.0
1999,4,7027.0
1999,5,7070.0
1999,6,6986.0
1999,7,6935.0
1999,8,6842.0
1999,9,6789.0
1999,10,6775.0
1999,11,6797.0
1999,12,6871.0
2000,1,6896.0
2000,2,6857.0
2000,3,6875.0
2000,4,7016.0
2000,5,6967.0
2000,6,6966.0
2000,7,6933.0
2000,8,6827.0
2000,9,6762.0
2000,10,6723.0
2000,11,6770.0
2000,12,6635.0
2001,1,6783.0
2001,2,6780.0
2001,3,6784.0
2001,4,6864.0
2001,5,6951.0
2001,6,6904.0
2001,7,6843.0
2001,8,6716.0
2001,9,6737.0
2001,10,6636.0
2001,11,6678.0
2001,12,6676.0
2002,1,6677.0
2002,2,6654.0
2002,3,6755.0
2002,4,6765.0
2002,5,6869.0
2002,6,6854.0
2002,7,6843.0
2002,8,6717.0
2002,9,6612.0
2002,10,6629.0
2002,11,6555.0
2002,12,6645.0
2003,1,6652.0
2003,2,6738.0
2003,3,6766.0
2003,4,6813.0
2003,5,6924.0
2003,6,6879.0
2003,7,6767.0
2003,8,6736.0
2003,9,6732.0
2003,10,6598.0
2003,11,6647.0
2003,12,6645.0
2004,1,6675.0
2004,2,6738.0
2004,3,6682.0
2004,4,6819.0
2004,5,6879.0
2004,6,6896.0
2004,7,6820.0
2004,8,6692.0
2004,9,6644.0
2004,10,6652.0
2004,11,6721.0
2004,12,6699.0
2005,1,6583.0
2005,2,6679.0
2005,3,6802.0
2005,4,6774.0
2005,5,6931.0
2005,6,6931.0
2005,7,6811.0
2005,8,6770.0
2005,9,6773.0
2005,10,6698.0
2005,11,6655.0
2005,12,6713.0
2006,1,6652.0
2006,2,6721.0
2006,3,6826.0
2006,4,6827.0
2006,5,6856.0
2006,6,6876.0
2006,7,6763.0
2006,8,6818.0
2006,9,6686.0
2006,10,6640.0
2006,11,6707.0
2006,12,6660.0
2007,1,6655.0
2007,2,6697.0
2007,3,6759.0
2007,4,6847.0
2007,5,6794.0
2007,6,6903.0
2007,7,6903.0
2007,8,6824.0
2007,9,6753.0
2007,10,6686.0
2007,11,6740.0
2007,12,6766.0
2008,1,6761.0
2008,2,6868.0
2008,3,6940.0
2008,4,6986.0
2008,5,6951.0
2008,6,6953.0
2008,7,6934.0
2008,8,6805.0
2008,9,6803.0
2008,10,6755.0
2008,11,6765.0
2008,12,6773.0
2009,1,6803.0
2009,2,6837.0
2009,3,6847.0
2009,4,6831.0
2009,5,6963.0
2009,6,6969.0
2009,7,6784.0
2009,8,6833.0
2009,9,6768.0
2009,10,6672.0
2009,11,6713.0
2009,12,6662.0
2010,1,6678.0
2010,2,6679.0
2010,3,6730.0
2010,4,6815.0
2010,5,6881.0
2010,6,6852.0
2010,7,6856.0
2010,8,6829.0
2010,9,6749.0
2010,10,6759.0
2010,11,6855.0
2010,12,6882.0
2011,1,6976.0
2011,2,7050.0
2011,3,6927.0
2011,4,7047.0
2011,5,7020.0
2011,6,6966.0
2011,7,6903.0
2011,8,6865.0
2011,9,6810.0
2011,10,6808.0
2011,11,6860.0
2011,12,6880.0
2012,1,6970.0
2012,2,6958.0
2012,3,6991.0
2012,4,7006.0
2012,5,7002.0
2012,6,7020.0
2012,7,6843.0
2012,8,6798.0
2012,9,6794.0
2012,10,6750.0
2012,11,6788.0
2012,12,6823.0
2013,1,6847.0
2013,2,6890.0
2013,3,6848.0
2013,4,6971.0
2013,5,7037.0
2013,6,6998.0
2013,7,6953.0
2013,8,6878.0
2013,9,6893.0
2013,10,6800.0
2013,11,6841.0
2013,12,6787.0
2014,1,6775.0
2014,2,6771.0
2014,3,6807.0
2014,4,6874.0
2014,5,6950.0
2014,6,6930.0
2014,7,6888.0
2014,8,6865.0
2014,9,6812.0
2014,10,6754.0
2014,11,6748.0
2014,12,6705.0
2015,1,6758.0
2015,2,6816.0
2015,3,6838.0
2015,4,6934.0
2015,5,6877.0
2015,6,6859.0
2015,7,6826.0
2015,8,6744.0
2015,9,6665.0
2015,10,6719.0
2015,11,6725.0
2015,12,6634.0
2016,1,6758.0
2016,2,6731.0
2016,3,6750.0
2016,4,6815.0
2016,5,6862.0
2016,6,6878.0
2016,7,6861.0
2016,8,6811.0
2016,9,6735.0
2016,10,6785.0
2016,11,6708.0
2016,12,6748.0
2017,1,6705.0
2017,2,6820.0
2017,3,6847.0
2017,4,6829.0
2017,5,6915.0
2017,6,6946.0
2017,7,6934.0
2017,8,6843.0
2017,9,6802.0
2017,10,6738.0
2017,11,6827.0
2017,12,6807.0
2018,1,6811.0
2018,2,6781.0
2018,3,6831.0
2018,4,6856.0
2018,5,6923.0
2018,6,6968.0
2018,7,6943.0
2018,8,6835.0
2018,9,6672.0
2018,10,6747.0
2018,11,6670.0
2018,12,6657.0
2019,1,6712.0
2019,2,6722.0
2019,3,6824.0
2019,4,6827.0
2019,5,6811.0
2019,6,6964.0
2019,7,6800.0
2019,8,6785.0
2019,9,6728.0
2019,10,6700.0
2019,11,6686.0
2019,12,6776.0
2020,1,6692.0
2020,2,6799.0
2020,3,6841.0
2020,4,6874.0
2020,5,6955.0
2020,6,6963.0
2020,7,6902.0
2020,8,6841.0
2020,9,6837.0
2020,10,6746.0
2020,11,6825.0
2020,12,
2021,1,6920.0
2021,2,6846.0
2021,3,6994.0
2021,4,6970.0
2021,5,6983.0
2021,6,6943.0
2021,7,7094.0
2021,8,6865.0
2021,9,6847.0
2021,10,6833.0
2021,11,6860.0
2021,12,6883.0
2022,1,6848.0
2022,2,6918.0
2022,3,6951.0
2022,4,6969.0
2022,5,7028.0
2022,6,7024.0
2022,7,7025.0
2022,8,6959.0
2022,9,6866.0
2022,10,6834.0
2022,11,6858.0
2022,12,6862.0
