year,msl_mm,n_months,complete,anom_mm
1897,6568.583333333333,12,True,-186.91250000000127
1898,6640.818181818182,11,True,-114.67765151515232
1899,6635.333333333333,9,False,-120.16250000000127
1900,6611.444444444444,9,False,-144.05138888888996
1901,6616.333333333333,12,True,-139.16250000000127
1902,,0,False,
1903,6610.083333333333,12,True,-145.41250000000127
1904,6648.916666666667,12,True,-106.57916666666733
1905,6612.083333333333,12,True,-143.41250000000127
1906,6650.0,12,True,-105.4958333333343
1907,,0,False,
1908,6551.083333333333,12,True,-204.41250000000127
1909,6637.5,12,True,-117.9958333333343
1910,,0,False,
1911,,0,False,
1912,6645.333333333333,6,False,-110.16250000000127
1913,6801.0,3,False,45.5041666666657
1914,6489.222222222223,9,False,-266.2736111111117
1915,6578.75,12,True,-176.7458333333343
1916,6611.166666666667,12,True,-144.32916666666733
1917,6697.181818181818,11,True,-58.31401515151629
1918,6633.583333333333,12,True,-121.91250000000127
1919,6522.333333333333,12,True,-233.16250000000127
1920,6594.166666666667,12,True,-161.32916666666733
1921,6675.333333333333,12,True,-80.16250000000127
1922,6617.5,12,True,-137.9958333333343
1923,6641.583333333333,12,True,-113.91250000000127
1924,6674.75,12,True,-80.7458333333343
1925,6639.727272727273,11,True,-115.76856060606133
1926,,0,False,
1927,6697.25,12,True,-58.2458333333343
1928,6682.333333333333,12,True,-73.16250000000127
1929,6662.333333333333,12,True,-93.16250000000127
1930,6624.833333333333,12,True,-130.66250000000127
1931,6636.083333333333,12,True,-119.41250000000127
1932,6657.416666666667,12,True,-98.07916666666733
1933,6708.25,12,True,-47.2458333333343
1934,6748.083333333333,12,True,-7.412500000001273
1935,6670.666666666667,12,True,-84.82916666666733
1936,6672.0,12,True,-83.4958333333343
1937,6645.833333333333,12,True,-109.66250000000127
1938,6668.833333333333,12,True,-86.66250000000127
1939,6734.833333333333,12,True,-20.662500000001273
1940,6595.5,12,True,-159.9958333333343
1941,6630.25,12,True,-125.2458333333343
1942,6561.333333333333,3,False,-194.16250000000127
1943,6671.090909090909,11,True,-84.4049242424253
1944,6668.916666666667,12,True,-86.57916666666733
1945,6745.166666666667,12,True,-10.329166666667334
1946,6691.916666666667,12,True,-63.579166666667334
1947,6682.916666666667,12,True,-72.57916666666733
1948,6709.416666666667,12,True,-46.079166666667334
1949,6752.416666666667,12,True,-3.0791666666673336
1950,6755.181818181818,11,True,-0.314015151516287
1951,6677.636363636364,11,True,-77.85946969697034
1952,6680.916666666667,12,True,-74.57916666666733
1953,6683.363636363636,11,True,-72.13219696969827
1954,6684.833333333333,12,True,-70.66250000000127
1955,6797.166666666667,12,True,41.670833333332666
1956,6744.0,12,True,-11.495833333334303
1957,6703.363636363636,11,True,-52.13219696969827
1958,6684.75,12,True,-70.7458333333343
1959,6700.272727272727,11,True,-55.22310606060728
1960,6672.416666666667,12,True,-83.07916666666733
1961,6669.916666666667,12,True,-85.57916666666733
1962,6760.333333333333,12,True,4.837499999998727
1963,6790.583333333333,12,True,35.08749999999873
1964,6758.083333333333,12,True,2.5874999999987267
1965,6698.75,8,False,-56.7458333333343
1966,6704.333333333333,12,True,-51.16250000000127
1967,6720.888888888889,9,False,-34.60694444444562
1968,6717.666666666667,12,True,-37.829166666667334
1969,6650.75,12,True,-104.7458333333343
1970,6727.166666666667,12,True,-28.329166666667334
1971,6745.333333333333,12,True,-10.162500000001273
1972,6678.25,12,True,-77.2458333333343
1973,6733.833333333333,12,True,-21.662500000001273
1974,6794.75,12,True,39.2541666666657
1975,6806.083333333333,12,True,50.58749999999873
1976,6735.583333333333,12,True,-19.912500000001273
1977,6682.166666666667,12,True,-73.32916666666733
1978,6745.666666666667,12,True,-9.829166666667334
1979,6691.666666666667,12,True,-63.829166666667334
1980,6692.083333333333,12,True,-63.41250000000127
1981,6722.083333333333,12,True,-33.41250000000127
1982,6672.0,12,True,-83.4958333333343
1983,6730.166666666667,12,True,-25.329166666667334
1984,6766.416666666667,12,True,10.920833333332666
1985,6737.166666666667,12,True,-18.329166666667334
1986,6694.083333333333,12,True,-61.41250000000127
1987,6655.25,12,True,-100.2458333333343
1988,6776.916666666667,12,True,21.420833333332666
1989,6780.083333333333,12,True,24.587499999998727
1990,6698.75,12,True,-56.7458333333343
1991,6705.833333333333,12,True,-49.66250000000127
1992,6699.0,12,True,-56.4958333333343
1993,6647.0,12,True,-108.4958333333343
1994,6685.083333333333,12,True,-70.41250000000127
1995,6745.0,12,True,-10.495833333334303
1996,6822.25,12,True,66.7541666666657
1997,6703.75,12,True,-51.7458333333343
1998,6742.583333333333,12,True,-12.912500000001273
1999,6875.416666666667,12,True,119.92083333333267
2000,6852.25,12,True,96.7541666666657
2001,6779.333333333333,12,True,23.837499999998727
2002,6714.583333333333,12,True,-40.91250000000127
2003,6741.416666666667,12,True,-14.079166666667334
2004,6743.083333333333,12,True,-12.412500000001273
2005,6760.0,12,True,4.5041666666656965
2006,6752.666666666667,12,True,-2.8291666666673336
2007,6777.25,12,True,21.754166666665697
2008,6857.833333333333,12,True,102.33749999999873
2009,6806.833333333333,12,True,51.33749999999873
2010,6797.083333333333,12,True,41.58749999999873
2011,6926.0,12,True,170.5041666666657
2012,6895.25,12,True,139.7541666666657
2013,6895.25,12,True,139.7541666666657
2014,6823.25,12,True,67.7541666666657
2015,6782.916666666667,12,True,27.420833333332666
2016,6786.833333333333,12,True,31.337499999998727
2017,6834.416666666667,12,True,78.92083333333267
2018,6807.833333333333,12,True,52.33749999999873
2019,6777.916666666667,12,True,22.420833333332666
2020,6843.181818181818,11,True,87.68598484848371
2021,6919.833333333333,12,True,164.33749999999873
2022,6928.5,12,True,173.0041666666657
