month,fuel,energy_MWh,year
2006-09,bio,458.034,2006
2006-09,coal,210575.362,2006
2006-09,distillate,397.141,2006
2006-09,gas,229402.407,2006
2006-09,other,0.0,2006
2006-09,wind,16681.566,2006
2006-10,bio,1117.8,2006
2006-10,coal,541145.088,2006
2006-10,distillate,247.46,2006
2006-10,gas,635729.071,2006
2006-10,other,44.194,2006
2006-10,wind,57249.876000000004,2006
2006-11,bio,3013.0339999999997,2006
2006-11,coal,562397.082,2006
2006-11,distillate,945.477,2006
2006-11,gas,659327.5650000001,2006
2006-11,other,48.808,2006
2006-11,wind,53082.818,2006
2006-12,bio,7785.896000000001,2006
2006-12,coal,631817.173,2006
2006-12,distillate,250.841,2006
2006-12,gas,664782.2390000001,2006
2006-12,other,176.355,2006
2006-12,wind,68374.073,2006
2007-01,bio,7646.841,2007
2007-01,coal,679126.939,2007
2007-01,distillate,236.749,2007
2007-01,gas,637944.644,2007
2007-01,other,81.028,2007
2007-01,wind,61981.705,2007
2007-02,bio,6847.302,2007
2007-02,coal,639702.382,2007
2007-02,distillate,25.028,2007
2007-02,gas,632219.333,2007
2007-02,other,6.843,2007
2007-02,wind,48160.469,2007
2007-03,bio,7646.192999999999,2007
2007-03,coal,640553.938,2007
2007-03,distillate,143.556,2007
2007-03,gas,700719.661,2007
2007-03,other,60.788999999999994,2007
2007-03,wind,74373.662,2007
2007-04,bio,7597.54,2007
2007-04,coal,557504.1460000001,2007
2007-04,distillate,0.494,2007
2007-04,gas,615947.127,2007
2007-04,other,17.089000000000002,2007
2007-04,wind,48008.526,2007
2007-05,bio,7828.809,2007
2007-05,coal,575418.506,2007
2007-05,distillate,36.629999999999995,2007
2007-05,gas,696468.093,2007
2007-05,other,13.243,2007
2007-05,wind,45184.096,2007
2007-06,bio,6865.4580000000005,2007
2007-06,coal,523109.931,2007
2007-06,distillate,1261.199,2007
2007-06,gas,735288.081,2007
2007-06,other,41.949,2007
2007-06,wind,63783.786,2007
2007-07,bio,7583.267,2007
2007-07,coal,605264.6529999999,2007
2007-07,distillate,83.227,2007
2007-07,gas,700355.084,2007
2007-07,other,50.426,2007
2007-07,wind,58318.323000000004,2007
2007-08,bio,7836.603999999999,2007
2007-08,coal,663462.216,2007
2007-08,distillate,0.0,2007
2007-08,gas,677297.314,2007
2007-08,other,296.687,2007
2007-08,wind,41627.87700000001,2007
2007-09,bio,7769.3369999999995,2007
2007-09,coal,561448.435,2007
2007-09,distillate,4.86,2007
2007-09,gas,673942.3809999999,2007
2007-09,other,178.2,2007
2007-09,wind,39746.615,2007
2007-10,bio,7740.496000000001,2007
2007-10,coal,507664.11100000003,2007
2007-10,distillate,227.471,2007
2007-10,gas,689266.518,2007
2007-10,other,66.238,2007
2007-10,wind,59556.156,2007
2007-11,bio,7201.139999999999,2007
2007-11,coal,428909.703,2007
2007-11,distillate,1621.868,2007
2007-11,gas,825803.027,2007
2007-11,other,38.883,2007
2007-11,wind,58236.043000000005,2007
2007-12,bio,7907.991,2007
2007-12,coal,526755.26,2007
2007-12,distillate,1688.7220000000002,2007
2007-12,gas,739956.5,2007
2007-12,other,179.191,2007
2007-12,wind,71629.497,2007
2008-01,bio,7751.467000000001,2008
2008-01,coal,643756.459,2008
2008-01,distillate,3102.8860000000004,2008
2008-01,gas,825287.147,2008
2008-01,other,9.449,2008
2008-01,wind,68957.416,2008
2008-02,bio,6973.514,2008
2008-02,coal,594207.096,2008
2008-02,distillate,2479.111,2008
2008-02,gas,841995.979,2008
2008-02,other,2.895,2008
2008-02,wind,67236.81,2008
2008-03,bio,6643.052,2008
2008-03,coal,628157.742,2008
2008-03,distillate,0.0,2008
2008-03,gas,731669.51,2008
2008-03,other,117.212,2008
2008-03,wind,67468.154,2008
2008-04,bio,6496.763000000001,2008
2008-04,coal,500325.20399999997,2008
2008-04,distillate,0.0,2008
2008-04,gas,726417.172,2008
2008-04,other,60.776,2008
2008-04,wind,42933.281,2008
2008-05,bio,6480.508,2008
2008-05,coal,515302.53599999996,2008
2008-05,distillate,34.811,2008
2008-05,gas,767005.201,2008
2008-05,other,810.4920000000001,2008
2008-05,wind,32373.29,2008
2008-06,bio,4849.765,2008
2008-06,coal,406043.83400000003,2008
2008-06,distillate,3640.35,2008
2008-06,gas,821114.962,2008
2008-06,other,0.493,2008
2008-06,wind,54980.111000000004,2008
2008-07,bio,4350.927,2008
2008-07,coal,598460.308,2008
2008-07,distillate,2071.076,2008
2008-07,gas,784536.205,2008
2008-07,other,42.27,2008
2008-07,wind,45501.42600000001,2008
2008-08,bio,4301.259,2008
2008-08,coal,673737.064,2008
2008-08,distillate,0.0,2008
2008-08,gas,682637.871,2008
2008-08,other,13.127,2008
2008-08,wind,56526.705,2008
2008-09,bio,3888.7280000000005,2008
2008-09,coal,627166.249,2008
2008-09,distillate,11.841,2008
2008-09,gas,633822.677,2008
2008-09,other,0.78,2008
2008-09,wind,43581.966,2008
2008-10,bio,3881.9680000000003,2008
2008-10,coal,553283.103,2008
2008-10,distillate,0.0,2008
2008-10,gas,722386.174,2008
2008-10,other,14.522,2008
2008-10,wind,55596.67600000001,2008
2008-11,bio,3836.002,2008
2008-11,coal,584610.914,2008
2008-11,distillate,0.0,2008
2008-11,gas,627594.279,2008
2008-11,other,0.0,2008
2008-11,wind,49394.373,2008
2008-12,bio,3831.046,2008
2008-12,coal,695422.698,2008
2008-12,distillate,11.579,2008
2008-12,gas,625714.4400000001,2008
2008-12,other,3.1639999999999997,2008
2008-12,wind,53960.342000000004,2008
2009-01,bio,3798.2529999999997,2009
2009-01,coal,663463.784,2009
2009-01,distillate,173.062,2009
2009-01,gas,853286.8840000001,2009
2009-01,other,7.015000000000001,2009
2009-01,wind,57418.191000000006,2009
2009-02,bio,3400.004,2009
2009-02,coal,636805.224,2009
2009-02,distillate,230.982,2009
2009-02,gas,721168.461,2009
2009-02,other,0.136,2009
2009-02,wind,62089.418,2009
2009-03,bio,3935.95,2009
2009-03,coal,668249.592,2009
2009-03,distillate,45.555,2009
2009-03,gas,684401.321,2009
2009-03,other,0.0,2009
2009-03,wind,59626.474,2009
2009-04,bio,3754.439,2009
2009-04,coal,513648.368,2009
2009-04,distillate,472.153,2009
2009-04,gas,724633.378,2009
2009-04,other,0.0,2009
2009-04,wind,53045.587,2009
2009-05,bio,3685.834,2009
2009-05,coal,588906.795,2009
2009-05,distillate,25.415,2009
2009-05,gas,674841.199,2009
2009-05,other,0.06999999999999999,2009
2009-05,wind,55204.108,2009
2009-06,bio,3396.7830000000004,2009
2009-06,coal,680677.521,2009
2009-06,distillate,0.0,2009
2009-06,gas,658507.568,2009
2009-06,other,0.001,2009
2009-06,wind,44693.307,2009
2009-07,bio,3725.125,2009
2009-07,coal,661144.172,2009
2009-07,distillate,0.0,2009
2009-07,gas,734445.377,2009
2009-07,other,0.183,2009
2009-07,wind,49277.886,2009
2009-08,bio,4064.648,2009
2009-08,coal,557456.791,2009
2009-08,distillate,156.161,2009
2009-08,gas,807956.169,2009
2009-08,other,0.041,2009
2009-08,wind,37838.938,2009
2009-09,bio,3829.446,2009
2009-09,coal,559177.8489999999,2009
2009-09,distillate,34.039,2009
2009-09,gas,753189.562,2009
2009-09,other,0.0,2009
2009-09,wind,44525.008,2009
2009-10,bio,3779.841,2009
2009-10,coal,576131.449,2009
2009-10,distillate,11.719000000000001,2009
2009-10,gas,703248.621,2009
2009-10,other,0.0,2009
2009-10,wind,52195.8,2009
2009-11,bio,3471.8,2009
2009-11,coal,669497.501,2009
2009-11,distillate,761.3449999999999,2009
2009-11,gas,616679.988,2009
2009-11,other,0.02,2009
2009-11,wind,54448.28200000001,2009
2009-12,bio,3720.561,2009
2009-12,coal,749719.048,2009
2009-12,distillate,25.904000000000003,2009
2009-12,gas,678151.484,2009
2009-12,other,0.0,2009
2009-12,wind,69767.008,2009
2010-01,bio,3724.5870000000004,2010
2010-01,coal,814587.011,2010
2010-01,distillate,0.0,2010
2010-01,gas,766726.592,2010
2010-01,other,0.0,2010
2010-01,wind,66512.804,2010
2010-02,bio,3322.293,2010
2010-02,coal,728294.73,2010
2010-02,distillate,26.884,2010
2010-02,gas,700238.638,2010
2010-02,other,0.0,2010
2010-02,wind,55123.023,2010
2010-03,bio,3619.172,2010
2010-03,coal,720440.659,2010
2010-03,distillate,0.0,2010
2010-03,gas,765028.746,2010
2010-03,other,2.996,2010
2010-03,wind,63558.372,2010
2010-04,bio,3683.888,2010
2010-04,coal,584943.844,2010
2010-04,distillate,9.692,2010
2010-04,gas,677039.09,2010
2010-04,other,17.099,2010
2010-04,wind,43797.258,2010
2010-05,bio,3723.785,2010
2010-05,coal,718095.1089999999,2010
2010-05,distillate,0.0,2010
2010-05,gas,634518.745,2010
2010-05,other,7.092,2010
2010-05,wind,44693.367,2010
2010-06,bio,3380.2929999999997,2010
2010-06,coal,731465.603,2010
2010-06,distillate,0.0,2010
2010-06,gas,671619.403,2010
2010-06,other,0.008,2010
2010-06,wind,47089.561,2010
2010-07,bio,3476.334,2010
2010-07,coal,762322.85,2010
2010-07,distillate,13.897000000000002,2010
2010-07,gas,727376.201,2010
2010-07,other,0.445,2010
2010-07,wind,44677.03,2010
2010-08,bio,3364.75,2010
2010-08,coal,704011.495,2010
2010-08,distillate,46.25,2010
2010-08,gas,717299.395,2010
2010-08,other,13.953,2010
2010-08,wind,43905.875,2010
2010-09,bio,4963.957,2010
2010-09,coal,627724.905,2010
2010-09,distillate,115.983,2010
2010-09,gas,686810.921,2010
2010-09,other,0.0,2010
2010-09,wind,52154.615000000005,2010
2010-10,bio,5220.64,2010
2010-10,coal,582501.6429999999,2010
2010-10,distillate,0.0,2010
2010-10,gas,715788.272,2010
2010-10,other,0.56,2010
2010-10,wind,64290.926999999996,2010
2010-11,bio,3613.2650000000003,2010
2010-11,coal,624766.677,2010
2010-11,distillate,68.46,2010
2010-11,gas,740880.754,2010
2010-11,other,0.0,2010
2010-11,wind,61509.691999999995,2010
2010-12,bio,3374.272,2010
2010-12,coal,759960.994,2010
2010-12,distillate,11.672,2010
2010-12,gas,667009.229,2010
2010-12,other,0.431,2010
2010-12,wind,65910.503,2010
2011-01,bio,3169.575,2011
2011-01,coal,829297.352,2011
2011-01,distillate,0.0,2011
2011-01,gas,750645.548,2011
2011-01,other,1.071,2011
2011-01,wind,60639.846,2011
2011-02,bio,2916.542,2011
2011-02,coal,773900.383,2011
2011-02,distillate,382.053,2011
2011-02,gas,823524.344,2011
2011-02,other,11.982000000000001,2011
2011-02,wind,56417.844,2011
2011-03,bio,3297.883,2011
2011-03,coal,867062.1939999999,2011
2011-03,distillate,27.762,2011
2011-03,gas,716028.324,2011
2011-03,other,0.506,2011
2011-03,wind,68449.348,2011
2011-04,bio,3151.49,2011
2011-04,coal,709455.419,2011
2011-04,distillate,4825.6539999999995,2011
2011-04,gas,606855.548,2011
2011-04,other,0.039,2011
2011-04,wind,51147.378,2011
2011-05,bio,2416.812,2011
2011-05,coal,800470.7509999999,2011
2011-05,distillate,316.267,2011
2011-05,gas,539385.523,2011
2011-05,other,0.0,2011
2011-05,wind,55699.259,2011
2011-06,bio,2222.082,2011
2011-06,coal,710636.97,2011
2011-06,distillate,0.0,2011
2011-06,gas,654893.2930000001,2011
2011-06,other,0.8049999999999999,2011
2011-06,wind,67014.169,2011
2011-07,bio,1872.353,2011
2011-07,coal,563191.783,2011
2011-07,distillate,28.735,2011
2011-07,gas,876692.514,2011
2011-07,other,2.128,2011
2011-07,wind,74642.693,2011
2011-08,bio,3755.3869999999997,2011
2011-08,coal,641036.563,2011
2011-08,distillate,70.137,2011
2011-08,gas,722466.9180000001,2011
2011-08,other,0.0,2011
2011-08,wind,74806.906,2011
2011-09,bio,4431.785,2011
2011-09,coal,638143.909,2011
2011-09,distillate,3.702,2011
2011-09,gas,633077.47,2011
2011-09,other,0.222,2011
2011-09,wind,92206.358,2011
2011-10,bio,4346.299,2011
2011-10,coal,662337.771,2011
2011-10,distillate,2.472,2011
2011-10,gas,579537.627,2011
2011-10,other,0.0,2011
2011-10,wind,98410.447,2011
2011-11,bio,4028.233,2011
2011-11,coal,619792.023,2011
2011-11,distillate,29.736,2011
2011-11,gas,636984.97,2011
2011-11,other,0.0,2011
2011-11,wind,115238.601,2011
2011-12,bio,5425.929,2011
2011-12,coal,713409.737,2011
2011-12,distillate,9.873,2011
2011-12,gas,703219.715,2011
2011-12,other,0.0,2011
2011-12,wind,116392.703,2011
2012-01,bio,7287.370999999999,2012
2012-01,coal,757586.325,2012
2012-01,distillate,51.708999999999996,2012
2012-01,gas,836290.6839999999,2012
2012-01,other,4.006,2012
2012-01,wind,139177.49500000002,2012
2012-02,bio,5662.775,2012
2012-02,coal,758808.872,2012
2012-02,distillate,10.697,2012
2012-02,gas,698864.855,2012
2012-02,other,20.964,2012
2012-02,wind,112820.30500000001,2012
2012-03,bio,7380.799,2012
2012-03,coal,744712.144,2012
2012-03,distillate,228.90599999999998,2012
2012-03,gas,680819.216,2012
2012-03,other,0.0,2012
2012-03,wind,137406.624,2012
2012-04,bio,7103.539000000001,2012
2012-04,coal,693682.297,2012
2012-04,distillate,13.565,2012
2012-04,gas,576515.52,2012
2012-04,other,0.895,2012
2012-04,wind,96206.82500000001,2012
2012-05,bio,7097.49,2012
2012-05,coal,712814.326,2012
2012-05,distillate,0.0,2012
2012-05,gas,652340.838,2012
2012-05,other,0.0,2012
2012-05,wind,94979.274,2012
2012-06,bio,6645.4529999999995,2012
2012-06,coal,687418.5869999999,2012
2012-06,distillate,0.0,2012
2012-06,gas,657114.467,2012
2012-06,other,0.0,2012
2012-06,wind,103498.145,2012
2012-07,bio,11182.682,2012
2012-07,coal,701950.7760000001,2012
2012-07,distillate,0.0,2012
2012-07,gas,791128.126,2012
2012-07,other,528.0,2012
2012-07,wind,64512.85,2012
2012-08,bio,10675.916,2012
2012-08,coal,733536.0800000001,2012
2012-08,distillate,34.400999999999996,2012
2012-08,gas,674449.054,2012
2012-08,other,0.0,2012
2012-08,solar,897.366,2012
2012-08,wind,83329.624,2012
2012-09,bio,11279.458,2012
2012-09,coal,719546.306,2012
2012-09,distillate,42.738,2012
2012-09,gas,501762.304,2012
2012-09,other,0.0,2012
2012-09,solar,1866.607,2012
2012-09,wind,119836.446,2012
2012-10,bio,11406.64,2012
2012-10,coal,643093.3740000001,2012
2012-10,distillate,130.236,2012
2012-10,gas,631864.715,2012
2012-10,other,0.0,2012
2012-10,solar,2144.882,2012
2012-10,wind,119983.119,2012
2012-11,bio,10712.813,2012
2012-11,coal,645977.748,2012
2012-11,distillate,501.313,2012
2012-11,gas,609308.438,2012
2012-11,other,0.0,2012
2012-11,solar,2168.406,2012
2012-11,wind,119213.681,2012
2012-12,bio,11201.065,2012
2012-12,coal,751592.767,2012
2012-12,distillate,7.728,2012
2012-12,gas,718491.357,2012
2012-12,other,0.0,2012
2012-12,solar,2173.341,2012
2012-12,wind,111808.628,2012
2013-01,bio,10823.606,2013
2013-01,coal,820303.048,2013
2013-01,distillate,352.948,2013
2013-01,gas,700116.2710000001,2013
2013-01,other,0.0,2013
2013-01,solar,2251.899,2013
2013-01,wind,142909.16999999998,2013
2013-02,bio,9077.654,2013
2013-02,coal,807263.648,2013
2013-02,distillate,95.344,2013
2013-02,gas,658897.895,2013
2013-02,other,0.0,2013
2013-02,solar,1962.803,2013
2013-02,wind,121031.98999999999,2013
2013-03,bio,10018.23,2013
2013-03,coal,826014.821,2013
2013-03,distillate,132.555,2013
2013-03,gas,555709.5669999999,2013
2013-03,other,0.0,2013
2013-03,solar,2047.772,2013
2013-03,wind,116099.58200000001,2013
2013-04,bio,10798.375,2013
2013-04,coal,838465.574,2013
2013-04,distillate,2732.008,2013
2013-04,gas,529039.1529999999,2013
2013-04,other,0.0,2013
2013-04,solar,1658.95,2013
2013-04,wind,76298.73800000001,2013
2013-05,bio,10699.241,2013
2013-05,coal,794128.361,2013
2013-05,distillate,12.959999999999999,2013
2013-05,gas,524558.056,2013
2013-05,other,0.0,2013
2013-05,solar,1520.977,2013
2013-05,wind,101113.60699999999,2013
2013-06,bio,11194.208999999999,2013
2013-06,coal,790906.091,2013
2013-06,distillate,21.407,2013
2013-06,gas,581729.065,2013
2013-06,other,0.0,2013
2013-06,solar,1528.8990000000001,2013
2013-06,wind,93114.178,2013
2013-07,bio,11566.979,2013
2013-07,coal,759776.111,2013
2013-07,distillate,41.998999999999995,2013
2013-07,gas,711244.949,2013
2013-07,other,0.0,2013
2013-07,solar,1602.94,2013
2013-07,wind,111143.61,2013
2013-08,bio,12214.087,2013
2013-08,coal,758524.3150000001,2013
2013-08,distillate,59.599,2013
2013-08,gas,617784.906,2013
2013-08,other,0.0,2013
2013-08,solar,1578.361,2013
2013-08,wind,110906.261,2013
2013-09,bio,11934.703,2013
2013-09,coal,673739.35,2013
2013-09,distillate,0.07200000000000001,2013
2013-09,gas,612574.677,2013
2013-09,other,0.0,2013
2013-09,solar,1720.537,2013
2013-09,wind,130036.621,2013
2013-10,bio,11746.104,2013
2013-10,coal,601006.423,2013
2013-10,distillate,0.067,2013
2013-10,gas,708454.5490000001,2013
2013-10,other,0.0,2013
2013-10,solar,2262.608,2013
2013-10,wind,117331.732,2013
2013-11,bio,11687.984,2013
2013-11,coal,597168.079,2013
2013-11,distillate,34.471000000000004,2013
2013-11,gas,688366.235,2013
2013-11,other,0.0,2013
2013-11,solar,2203.675,2013
2013-11,wind,151748.544,2013
2013-12,bio,11174.276000000002,2013
2013-12,coal,791933.701,2013
2013-12,distillate,109.946,2013
2013-12,gas,634932.076,2013
2013-12,other,0.0,2013
2013-12,solar,2329.11,2013
2013-12,wind,152471.174,2013
2014-01,bio,10699.905,2014
2014-01,coal,856339.254,2014
2014-01,distillate,70.215,2014
2014-01,gas,705355.486,2014
2014-01,other,0.0,2014
2014-01,solar,2021.761,2014
2014-01,wind,172443.448,2014
2014-02,bio,9709.172999999999,2014
2014-02,coal,783765.276,2014
2014-02,distillate,24.792,2014
2014-02,gas,638784.975,2014
2014-02,other,0.0,2014
2014-02,solar,2032.823,2014
2014-02,wind,158197.113,2014
2014-03,bio,10351.451000000001,2014
2014-03,coal,862784.397,2014
2014-03,distillate,25.206,2014
2014-03,gas,622539.014,2014
2014-03,other,0.0,2014
2014-03,solar,1987.865,2014
2014-03,wind,133263.899,2014
2014-04,bio,10013.404999999999,2014
2014-04,coal,701985.529,2014
2014-04,distillate,1136.4479999999999,2014
2014-04,gas,592594.742,2014
2014-04,other,0.0,2014
2014-04,solar,1708.253,2014
2014-04,wind,106146.389,2014
2014-05,bio,10519.714,2014
2014-05,coal,808813.208,2014
2014-05,distillate,17.688,2014
2014-05,gas,613784.077,2014
2014-05,other,0.0,2014
2014-05,solar,1364.995,2014
2014-05,wind,88169.569,2014
2014-06,bio,9402.236,2014
2014-06,coal,752924.178,2014
2014-06,distillate,234.126,2014
2014-06,gas,673181.751,2014
2014-06,other,0.0,2014
2014-06,solar,1465.553,2014
2014-06,wind,132514.104,2014
2014-07,bio,10321.482,2014
2014-07,coal,644585.805,2014
2014-07,distillate,73.881,2014
2014-07,gas,876013.166,2014
2014-07,other,0.0,2014
2014-07,solar,1507.983,2014
2014-07,wind,115130.22899999999,2014
2014-08,bio,11274.242,2014
2014-08,coal,691200.5109999999,2014
2014-08,distillate,0.138,2014
2014-08,gas,707421.43,2014
2014-08,other,0.0,2014
2014-08,solar,1675.213,2014
2014-08,wind,112587.184,2014
2014-09,bio,11130.172999999999,2014
2014-09,coal,697666.335,2014
2014-09,distillate,784.408,2014
2014-09,gas,592581.512,2014
2014-09,other,0.0,2014
2014-09,solar,1679.975,2014
2014-09,wind,122227.47499999999,2014
2014-10,bio,11236.901,2014
2014-10,coal,696457.105,2014
2014-10,distillate,4.35,2014
2014-10,gas,607802.511,2014
2014-10,other,0.0,2014
2014-10,solar,2087.145,2014
2014-10,wind,122771.33499999999,2014
2014-11,bio,10231.555,2014
2014-11,coal,616479.157,2014
2014-11,distillate,1.852,2014
2014-11,gas,678910.115,2014
2014-11,other,0.0,2014
2014-11,solar,2145.493,2014
2014-11,wind,128681.57699999999,2014
2014-12,bio,9539.415,2014
2014-12,coal,727748.062,2014
2014-12,distillate,453.976,2014
2014-12,gas,616565.076,2014
2014-12,other,0.0,2014
2014-12,solar,2367.554,2014
2014-12,wind,169368.818,2014
2015-01,bio,9093.549,2015
2015-01,coal,757013.869,2015
2015-01,distillate,227.88299999999998,2015
2015-01,gas,776416.524,2015
2015-01,other,0.0,2015
2015-01,solar,2303.74,2015
2015-01,wind,163672.017,2015
2015-02,bio,8841.218,2015
2015-02,coal,747197.332,2015
2015-02,distillate,110.691,2015
2015-02,gas,726218.626,2015
2015-02,other,0.0,2015
2015-02,solar,1867.144,2015
2015-02,wind,117381.83700000001,2015
2015-03,bio,10121.475999999999,2015
2015-03,coal,839689.611,2015
2015-03,distillate,100.70200000000001,2015
2015-03,gas,634724.033,2015
2015-03,other,0.0,2015
2015-03,solar,1848.737,2015
2015-03,wind,112016.29999999999,2015
2015-04,bio,9744.249,2015
2015-04,coal,649487.089,2015
2015-04,distillate,30.022000000000002,2015
2015-04,gas,597552.583,2015
2015-04,other,0.0,2015
2015-04,solar,1574.248,2015
2015-04,wind,143216.465,2015
2015-05,bio,9015.508,2015
2015-05,coal,768419.544,2015
2015-05,distillate,13.781,2015
2015-05,gas,604740.187,2015
2015-05,other,0.0,2015
2015-05,solar,1673.018,2015
2015-05,wind,138636.88,2015
2015-06,bio,10050.662,2015
2015-06,coal,743510.279,2015
2015-06,distillate,128.894,2015
2015-06,gas,642657.004,2015
2015-06,other,0.0,2015
2015-06,solar,1282.166,2015
2015-06,wind,122216.628,2015
2015-07,bio,11069.256000000001,2015
2015-07,coal,786369.204,2015
2015-07,distillate,14.126999999999999,2015
2015-07,gas,692658.823,2015
2015-07,other,0.0,2015
2015-07,solar,1318.807,2015
2015-07,wind,113133.313,2015
2015-08,bio,10873.443,2015
2015-08,coal,684783.431,2015
2015-08,distillate,15.445,2015
2015-08,gas,729111.644,2015
2015-08,other,0.0,2015
2015-08,solar,1572.738,2015
2015-08,wind,118315.459,2015
2015-09,bio,9808.057,2015
2015-09,coal,655488.14,2015
2015-09,distillate,6.516,2015
2015-09,gas,637529.421,2015
2015-09,other,0.0,2015
2015-09,solar,2018.659,2015
2015-09,wind,126510.338,2015
2015-10,bio,10298.958999999999,2015
2015-10,coal,653626.816,2015
2015-10,distillate,962.167,2015
2015-10,gas,671892.15,2015
2015-10,other,0.0,2015
2015-10,solar,2020.773,2015
2015-10,wind,106849.658,2015
2015-11,bio,10120.771,2015
2015-11,coal,796970.5109999999,2015
2015-11,distillate,506.615,2015
2015-11,gas,549196.956,2015
2015-11,other,0.0,2015
2015-11,solar,2030.55,2015
2015-11,wind,131571.228,2015
2015-12,bio,11062.155999999999,2015
2015-12,coal,778403.63,2015
2015-12,distillate,16.171,2015
2015-12,gas,606228.68,2015
2015-12,other,0.0,2015
2015-12,solar,2205.776,2015
2015-12,wind,164518.734,2015
2016-01,bio,11022.974,2016
2016-01,coal,832111.309,2016
2016-01,distillate,15.518,2016
2016-01,gas,744942.976,2016
2016-01,solar,1948.301,2016
2016-01,wind,123381.87999999999,2016
2016-02,bio,10336.207,2016
2016-02,coal,837533.078,2016
2016-02,distillate,189.5,2016
2016-02,gas,640944.253,2016
2016-02,solar,2163.177,2016
2016-02,wind,140801.98,2016
2016-03,bio,10718.687,2016
2016-03,coal,790276.422,2016
2016-03,distillate,41.708,2016
2016-03,gas,692630.073,2016
2016-03,solar,1990.28,2016
2016-03,wind,143128.38,2016
2016-04,bio,10292.688,2016
2016-04,coal,731563.1309999999,2016
2016-04,distillate,64.472,2016
2016-04,gas,561164.005,2016
2016-04,solar,1568.231,2016
2016-04,wind,107492.096,2016
2016-05,bio,10411.355,2016
2016-05,coal,703527.1159999999,2016
2016-05,distillate,5.276,2016
2016-05,gas,724182.809,2016
2016-05,solar,1394.098,2016
2016-05,wind,84739.034,2016
2016-06,bio,9962.878,2016
2016-06,coal,837732.786,2016
2016-06,distillate,14.854,2016
2016-06,gas,659683.76,2016
2016-06,solar,1089.964,2016
2016-06,wind,96432.69,2016
2016-07,bio,10402.591,2016
2016-07,coal,907175.526,2016
2016-07,distillate,106.45599999999999,2016
2016-07,gas,602375.2270000001,2016
2016-07,solar,1380.946,2016
2016-07,wind,139393.856,2016
2016-08,bio,11488.076,2016
2016-08,coal,871133.81,2016
2016-08,distillate,9.882,2016
2016-08,gas,648474.942,2016
2016-08,solar,1582.865,2016
2016-08,wind,118993.954,2016
2016-09,bio,10797.162,2016
2016-09,coal,714565.0630000001,2016
2016-09,distillate,0.129,2016
2016-09,gas,692489.023,2016
2016-09,solar,1875.399,2016
2016-09,wind,117064.12,2016
2016-10,bio,11591.09,2016
2016-10,coal,743642.7119999999,2016
2016-10,distillate,109.86,2016
2016-10,gas,520899.439,2016
2016-10,solar,2161.289,2016
2016-10,wind,143990.766,2016
2016-11,bio,10544.458,2016
2016-11,coal,718041.802,2016
2016-11,distillate,89.166,2016
2016-11,gas,558103.611,2016
2016-11,solar,2226.957,2016
2016-11,wind,138275.858,2016
2016-12,bio,10893.621000000001,2016
2016-12,coal,740410.025,2016
2016-12,distillate,79.959,2016
2016-12,gas,563910.291,2016
2016-12,solar,2343.885,2016
2016-12,wind,168928.987,2016
2017-01,bio,10585.769,2017
2017-01,coal,786617.228,2017
2017-01,distillate,0.0,2017
2017-01,gas,639638.286,2017
2017-01,solar,2174.751,2017
2017-01,wind,151567.298,2017
2017-02,bio,9546.666000000001,2017
2017-02,coal,716021.529,2017
2017-02,distillate,30.234,2017
2017-02,gas,600080.4789999999,2017
2017-02,solar,1855.237,2017
2017-02,wind,133837.146,2017
2017-03,bio,9635.624,2017
2017-03,coal,774609.617,2017
2017-03,distillate,0.0,2017
2017-03,gas,658666.1140000001,2017
2017-03,solar,2004.477,2017
2017-03,wind,130886.03600000001,2017
2017-04,bio,8281.171,2017
2017-04,coal,723134.139,2017
2017-04,distillate,56.047,2017
2017-04,gas,542126.0109999999,2017
2017-04,solar,1883.544,2017
2017-04,wind,115001.751,2017
2017-05,bio,10967.255,2017
2017-05,coal,760058.378,2017
2017-05,distillate,0.192,2017
2017-05,gas,626860.197,2017
2017-05,solar,1577.083,2017
2017-05,wind,99246.984,2017
2017-06,bio,10670.925,2017
2017-06,coal,701689.011,2017
2017-06,distillate,98.68,2017
2017-06,gas,692381.036,2017
2017-06,solar,1462.488,2017
2017-06,wind,111613.053,2017
2017-07,bio,11884.802,2017
2017-07,coal,798788.517,2017
2017-07,distillate,226.246,2017
2017-07,gas,716788.105,2017
2017-07,solar,1246.079,2017
2017-07,wind,116496.76800000001,2017
2017-08,bio,11965.621,2017
2017-08,coal,822403.314,2017
2017-08,distillate,12.448,2017
2017-08,gas,665006.694,2017
2017-08,solar,1571.5,2017
2017-08,wind,115082.168,2017
2017-09,bio,11417.109,2017
2017-09,coal,656313.51,2017
2017-09,distillate,226.44,2017
2017-09,gas,647397.868,2017
2017-09,solar,1647.223,2017
2017-09,wind,104964.91299999999,2017
2017-10,bio,12076.881,2017
2017-10,coal,579796.477,2017
2017-10,distillate,33.749,2017
2017-10,gas,668414.125,2017
2017-10,solar,2088.359,2017
2017-10,wind,136331.44700000001,2017
2017-11,bio,11243.396,2017
2017-11,coal,779871.079,2017
2017-11,distillate,86.119,2017
2017-11,gas,513452.521,2017
2017-11,solar,2046.384,2017
2017-11,wind,135083.737,2017
2017-12,bio,11466.422999999999,2017
2017-12,coal,791971.617,2017
2017-12,distillate,116.612,2017
2017-12,gas,541713.291,2017
2017-12,solar,2139.04,2017
2017-12,wind,156682.292,2017
2018-01,bio,11484.583,2018
2018-01,coal,769248.515,2018
2018-01,distillate,3.948,2018
2018-01,gas,613174.376,2018
2018-01,solar,2120.377,2018
2018-01,wind,178868.28399999999,2018
2018-02,bio,10010.512999999999,2018
2018-02,coal,722550.066,2018
2018-02,distillate,4.5,2018
2018-02,gas,540430.002,2018
2018-02,solar,1923.235,2018
2018-02,wind,133061.396,2018
2018-03,bio,12047.546999999999,2018
2018-03,coal,784343.951,2018
2018-03,distillate,16.603,2018
2018-03,gas,608726.6749999999,2018
2018-03,solar,1797.915,2018
2018-03,wind,159098.78100000002,2018
2018-04,bio,11402.214,2018
2018-04,coal,741950.2690000001,2018
2018-04,distillate,46.644,2018
2018-04,gas,555163.509,2018
2018-04,solar,1274.698,2018
2018-04,wind,98087.4,2018
2018-05,bio,11798.899000000001,2018
2018-05,coal,734886.6529999999,2018
2018-05,distillate,12.9,2018
2018-05,gas,597259.587,2018
2018-05,solar,1544.645,2018
2018-05,wind,149079.868,2018
2018-06,bio,11681.145,2018
2018-06,coal,738539.391,2018
2018-06,distillate,674.9269999999999,2018
2018-06,gas,736591.312,2018
2018-06,solar,1262.359,2018
2018-06,wind,88948.973,2018
2018-07,bio,11508.964,2018
2018-07,coal,741168.41,2018
2018-07,distillate,16.743,2018
2018-07,gas,695809.27,2018
2018-07,solar,1247.052,2018
2018-07,wind,130625.44599999998,2018
2018-08,bio,11093.241999999998,2018
2018-08,coal,746538.945,2018
2018-08,distillate,507.227,2018
2018-08,gas,691868.238,2018
2018-08,solar,1536.53,2018
2018-08,wind,134839.859,2018
2018-09,bio,10304.584,2018
2018-09,coal,617928.4230000001,2018
2018-09,distillate,8.524000000000001,2018
2018-09,gas,655581.2,2018
2018-09,solar,1932.901,2018
2018-09,wind,109417.449,2018
2018-10,bio,10923.744999999999,2018
2018-10,coal,567930.65,2018
2018-10,distillate,763.962,2018
2018-10,gas,643500.669,2018
2018-10,solar,2209.498,2018
2018-10,wind,122885.23,2018
2018-11,bio,10781.475,2018
2018-11,coal,549107.737,2018
2018-11,distillate,12.808,2018
2018-11,gas,563196.258,2018
2018-11,solar,2628.0020000000004,2018
2018-11,wind,141926.588,2018
2018-12,bio,10373.936,2018
2018-12,coal,647729.224,2018
2018-12,distillate,140.191,2018
2018-12,gas,610815.374,2018
2018-12,solar,4608.58,2018
2018-12,wind,147217.854,2018
2019-01,bio,10219.694,2019
2019-01,coal,695025.23,2019
2019-01,distillate,0.192,2019
2019-01,gas,586015.371,2019
2019-01,solar,4988.898,2019
2019-01,wind,184159.465,2019
2019-02,bio,9152.936000000002,2019
2019-02,coal,689301.53,2019
2019-02,distillate,0.096,2019
2019-02,gas,559532.502,2019
2019-02,solar,4361.76,2019
2019-02,wind,169035.42,2019
2019-03,bio,10004.054,2019
2019-03,coal,639576.645,2019
2019-03,distillate,822.0939999999999,2019
2019-03,gas,654717.436,2019
2019-03,solar,3968.003,2019
2019-03,wind,176176.052,2019
2019-04,bio,9468.054,2019
2019-04,coal,628032.681,2019
2019-04,distillate,157.409,2019
2019-04,gas,541698.149,2019
2019-04,solar,3174.0519999999997,2019
2019-04,wind,172636.44400000002,2019
2019-05,bio,8625.204,2019
2019-05,coal,726099.924,2019
2019-05,distillate,848.584,2019
2019-05,gas,577495.7440000001,2019
2019-05,solar,3188.706,2019
2019-05,wind,176231.263,2019
2019-06,bio,8855.254,2019
2019-06,coal,696210.115,2019
2019-06,distillate,3.492,2019
2019-06,gas,638882.055,2019
2019-06,solar,2244.583,2019
2019-06,wind,176577.771,2019
2019-07,bio,9572.326000000001,2019
2019-07,coal,734246.85,2019
2019-07,distillate,0.0,2019
2019-07,gas,657939.649,2019
2019-07,solar,2724.37,2019
2019-07,wind,142979.23200000002,2019
2019-08,bio,9579.766,2019
2019-08,coal,658274.8030000001,2019
2019-08,distillate,0.0,2019
2019-08,gas,670147.708,2019
2019-08,solar,3280.6769999999997,2019
2019-08,wind,179727.371,2019
2019-09,bio,9044.683,2019
2019-09,coal,576001.496,2019
2019-09,distillate,3.4460000000000006,2019
2019-09,gas,603669.2390000001,2019
2019-09,solar,3927.249,2019
2019-09,wind,151983.069,2019
2019-10,bio,9312.77,2019
2019-10,coal,570019.2930000001,2019
2019-10,distillate,4.729,2019
2019-10,gas,585490.339,2019
2019-10,solar,4898.145,2019
2019-10,wind,187792.103,2019
2019-11,bio,8992.363,2019
2019-11,coal,560860.73,2019
2019-11,distillate,589.595,2019
2019-11,gas,557480.68,2019
2019-11,solar,5312.662,2019
2019-11,wind,224822.645,2019
2019-12,bio,8977.214,2019
2019-12,coal,779353.084,2019
2019-12,distillate,0.0,2019
2019-12,gas,653428.7050000001,2019
2019-12,solar,5340.5109999999995,2019
2019-12,wind,193473.757,2019
2020-01,bio,8713.393,2020
2020-01,coal,678438.768,2020
2020-01,distillate,0.0,2020
2020-01,gas,622773.002,2020
2020-01,solar,5535.354,2020
2020-01,wind,211481.36800000002,2020
2020-02,bio,8437.738000000001,2020
2020-02,coal,708327.819,2020
2020-02,distillate,6.72,2020
2020-02,gas,699837.642,2020
2020-02,solar,3904.7709999999997,2020
2020-02,wind,179172.657,2020
2020-03,bio,8801.871,2020
2020-03,coal,649733.921,2020
2020-03,distillate,49.672,2020
2020-03,gas,654228.298,2020
2020-03,solar,2682.337,2020
2020-03,wind,176449.668,2020
2020-04,bio,8483.241,2020
2020-04,coal,615177.177,2020
2020-04,distillate,3.384,2020
2020-04,gas,586138.229,2020
2020-04,solar,2697.34,2020
2020-04,wind,131191.469,2020
2020-05,bio,8502.396,2020
2020-05,coal,529432.091,2020
2020-05,distillate,2451.504,2020
2020-05,gas,725463.142,2020
2020-05,solar,1542.38,2020
2020-05,wind,172564.825,2020
2020-06,bio,8044.112,2020
2020-06,coal,619701.921,2020
2020-06,distillate,24.487,2020
2020-06,gas,663179.848,2020
2020-06,solar,3108.698,2020
2020-06,wind,160077.869,2020
2020-07,bio,8144.433,2020
2020-07,coal,748438.74,2020
2020-07,distillate,5.28,2020
2020-07,gas,587614.264,2020
2020-07,solar,7896.882,2020
2020-07,wind,171567.795,2020
2020-08,bio,8381.594000000001,2020
2020-08,coal,664728.334,2020
2020-08,distillate,24.103,2020
2020-08,gas,603630.797,2020
2020-08,solar,15771.04,2020
2020-08,wind,219201.65,2020
2020-09,bio,8198.178,2020
2020-09,coal,466871.081,2020
2020-09,distillate,3804.1859999999997,2020
2020-09,gas,598516.032,2020
2020-09,solar,13861.102,2020
2020-09,wind,235584.667,2020
2020-10,bio,8774.535,2020
2020-10,coal,451984.549,2020
2020-10,distillate,16.752,2020
2020-10,gas,553565.729,2020
2020-10,solar,25432.933,2020
2020-10,wind,269106.09,2020
2020-11,bio,8315.153,2020
2020-11,coal,497051.04099999997,2020
2020-11,distillate,64.701,2020
2020-11,gas,467893.31,2020
2020-11,solar,28245.364999999998,2020
2020-11,wind,262076.98700000002,2020
2020-12,bio,8375.244999999999,2020
2020-12,coal,550213.705,2020
2020-12,distillate,0.0,2020
2020-12,gas,578782.458,2020
2020-12,solar,40279.383,2020
2020-12,wind,345604.904,2020
2021-01,bio,8082.877,2021
2021-01,coal,633258.518,2021
2021-01,distillate,0.0,2021
2021-01,gas,573145.602,2021
2021-01,solar,44877.77,2021
2021-01,wind,377807.52599999995,2021
2021-02,bio,7602.641,2021
2021-02,coal,554937.459,2021
2021-02,distillate,6.902,2021
2021-02,gas,459824.517,2021
2021-02,solar,34785.855,2021
2021-02,wind,340981.079,2021
2021-03,bio,8482.015,2021
2021-03,coal,660992.64,2021
2021-03,distillate,1.49,2021
2021-03,gas,529268.932,2021
2021-03,solar,35731.981,2021
2021-03,wind,297280.522,2021
2021-04,bio,7891.787,2021
2021-04,coal,653361.073,2021
2021-04,distillate,235.115,2021
2021-04,gas,525966.7880000001,2021
2021-04,solar,22564.517,2021
2021-04,wind,157608.631,2021
2021-05,bio,7588.494000000001,2021
2021-05,coal,629187.1660000001,2021
2021-05,distillate,1605.8429999999998,2021
2021-05,gas,588260.832,2021
2021-05,solar,15103.609,2021
2021-05,wind,235292.086,2021
2021-06,bio,6849.802,2021
2021-06,coal,787459.126,2021
2021-06,distillate,4.3260000000000005,2021
2021-06,gas,562035.988,2021
2021-06,solar,18373.868,2021
2021-06,wind,240024.651,2021
2021-07,bio,7523.549,2021
2021-07,coal,805592.7390000001,2021
2021-07,distillate,7.675,2021
2021-07,gas,489834.725,2021
2021-07,solar,15433.522,2021
2021-07,wind,319182.762,2021
2021-08,bio,8093.729,2021
2021-08,coal,728404.185,2021
2021-08,distillate,42.604,2021
2021-08,gas,491043.975,2021
2021-08,solar,26015.191,2021
2021-08,wind,264271.826,2021
2021-09,bio,8121.714,2021
2021-09,coal,556500.923,2021
2021-09,distillate,2586.6360000000004,2021
2021-09,gas,461657.429,2021
2021-09,solar,29094.923,2021
2021-09,wind,258475.139,2021
2021-10,bio,8179.284,2021
2021-10,coal,560254.297,2021
2021-10,distillate,15.227,2021
2021-10,gas,450777.321,2021
2021-10,solar,35892.349,2021
2021-10,wind,263885.74,2021
2021-11,bio,7857.3369999999995,2021
2021-11,coal,474241.349,2021
2021-11,distillate,11.768,2021
2021-11,gas,425141.315,2021
2021-11,solar,41995.46,2021
2021-11,wind,301139.627,2021
2021-12,bio,8165.717,2021
2021-12,coal,644732.91,2021
2021-12,distillate,18.916,2021
2021-12,gas,476078.693,2021
2021-12,solar,47867.879,2021
2021-12,wind,361282.115,2021
2022-01,bio,7821.866,2022
2022-01,coal,739039.019,2022
2022-01,distillate,4.672,2022
2022-01,gas,469280.121,2022
2022-01,solar,50100.778000000006,2022
2022-01,wind,409645.66000000003,2022
2022-02,bio,6892.838,2022
2022-02,coal,739944.983,2022
2022-02,distillate,21.906,2022
2022-02,gas,512368.848,2022
2022-02,solar,38031.309,2022
2022-02,wind,315359.53599999996,2022
2022-03,bio,7531.294,2022
2022-03,coal,754837.603,2022
2022-03,distillate,16.326999999999998,2022
2022-03,gas,406080.12,2022
2022-03,solar,33945.399,2022
2022-03,wind,346041.995,2022
2022-04,bio,7963.108,2022
2022-04,coal,579306.126,2022
2022-04,distillate,18.695999999999998,2022
2022-04,gas,470822.76300000004,2022
2022-04,solar,27313.378999999997,2022
2022-04,wind,280048.586,2022
2022-05,bio,7947.734,2022
2022-05,coal,733581.596,2022
2022-05,distillate,2587.4489999999996,2022
2022-05,gas,449920.98400000005,2022
2022-05,solar,21051.229,2022
2022-05,wind,257537.82700000002,2022
2022-06,bio,8718.045,2022
2022-06,coal,501540.173,2022
2022-06,distillate,18.315,2022
2022-06,gas,732421.094,2022
2022-06,solar,18612.226,2022
2022-06,wind,267295.19,2022
2022-07,bio,8360.238000000001,2022
2022-07,coal,509562.18700000003,2022
2022-07,distillate,11.911,2022
2022-07,gas,805955.184,2022
2022-07,solar,20112.908,2022
2022-07,wind,257862.11,2022
2022-08,bio,7143.557,2022
2022-08,coal,481411.62499999994,2022
2022-08,distillate,17.031,2022
2022-08,gas,796723.458,2022
2022-08,solar,25052.875999999997,2022
2022-08,wind,300436.81,2022
2022-09,bio,7242.617,2022
2022-09,coal,353068.984,2022
2022-09,distillate,18.211,2022
2022-09,gas,716694.259,2022
2022-09,solar,27914.184,2022
2022-09,wind,234774.19199999998,2022
2022-10,bio,7177.744000000001,2022
2022-10,coal,314709.16099999996,2022
2022-10,distillate,38.91,2022
2022-10,gas,612752.56,2022
2022-10,solar,35080.948000000004,2022
2022-10,wind,276583.02400000003,2022
2022-11,bio,6355.0380000000005,2022
2022-11,coal,300131.537,2022
2022-11,distillate,129.412,2022
2022-11,gas,572470.008,2022
2022-11,solar,38727.93,2022
2022-11,wind,268113.754,2022
2022-12,bio,7272.054,2022
2022-12,coal,351976.422,2022
2022-12,distillate,15.559999999999999,2022
2022-12,gas,637007.615,2022
2022-12,solar,46777.744,2022
2022-12,wind,330156.30799999996,2022
2023-01,bio,7765.487,2023
2023-01,coal,526032.724,2023
2023-01,distillate,22.499,2023
2023-01,gas,581461.186,2023
2023-01,solar,45465.328,2023
2023-01,wind,374432.66,2023
2023-02,bio,6984.882,2023
2023-02,coal,589581.116,2023
2023-02,distillate,72.68199999999999,2023
2023-02,gas,478906.724,2023
2023-02,solar,38989.537,2023
2023-02,wind,330768.906,2023
2023-03,bio,7641.977000000001,2023
2023-03,coal,610716.871,2023
2023-03,distillate,104.716,2023
2023-03,gas,547261.068,2023
2023-03,solar,34248.365000000005,2023
2023-03,wind,269133.065,2023
2023-04,bio,7297.584000000001,2023
2023-04,coal,471787.969,2023
2023-04,distillate,44.188,2023
2023-04,gas,600428.754,2023
2023-04,solar,28514.615999999998,2023
2023-04,storage,0.0,2023
2023-04,wind,207383.855,2023
2023-05,bio,8245.774,2023
2023-05,coal,514459.697,2023
2023-05,distillate,4223.088,2023
2023-05,gas,643417.536,2023
2023-05,solar,20900.114,2023
2023-05,storage,0.65,2023
2023-05,wind,273104.869,2023
2023-06,bio,7958.951000000001,2023
2023-06,coal,569379.293,2023
2023-06,distillate,549.926,2023
2023-06,gas,860399.67,2023
2023-06,solar,17844.447,2023
2023-06,storage,343.855,2023
2023-06,wind,193407.581,2023
2023-07,bio,7695.658,2023
2023-07,coal,603812.841,2023
2023-07,distillate,4.16,2023
2023-07,gas,744166.893,2023
2023-07,solar,20818.269,2023
2023-07,storage,2536.942,2023
2023-07,wind,247918.02599999998,2023
2023-08,bio,7645.627,2023
2023-08,coal,501699.519,2023
2023-08,distillate,17.490000000000002,2023
2023-08,gas,781044.3339999999,2023
2023-08,solar,26847.138999999996,2023
2023-08,storage,4137.936,2023
2023-08,wind,213231.095,2023
2023-09,bio,7170.701,2023
2023-09,coal,361006.33,2023
2023-09,distillate,4.318999999999999,2023
2023-09,gas,658149.693,2023
2023-09,solar,27668.099000000002,2023
2023-09,storage,3753.025,2023
2023-09,wind,235818.1,2023
