event,start,end,duration_days,mean_intensity_c,max_intensity_c,peak_date,severity_ratio,category
1,1982-03-18,1982-03-22,5,1.7441587423681597,2.042513965674729,1982-03-20,1.8639629632066923,I Moderate
2,1982-05-01,1982-05-11,11,1.3050116923283097,1.9589348909507507,1982-05-04,2.133483540993707,II Strong
3,1982-08-16,1982-08-22,7,1.1640723454229551,1.4296030479303887,1982-08-21,1.803777264859477,I Moderate
4,1982-11-22,1982-12-09,18,1.929046968005457,2.6248894444177395,1982-11-26,2.2243719890442564,II Strong
5,1983-01-13,1983-01-20,8,2.1884885687146673,2.4119965692683323,1983-01-18,1.5207884123153854,I Moderate
6,1983-09-19,1983-09-24,6,1.1817568973713868,1.2943754947678805,1983-09-21,1.6919822979535157,I Moderate
7,1984-01-06,1984-01-15,10,1.7130222050368071,1.8491510306471177,1984-01-10,1.173065849924996,I Moderate
8,1984-02-24,1984-03-02,8,1.794072055830647,2.081043122926779,1984-02-26,1.3410133029524134,I Moderate
9,1984-05-31,1984-07-18,49,1.2992931566934733,2.129275739948394,1984-06-16,2.5930248274549146,II Strong
10,1984-09-22,1984-10-23,32,1.1960064460042,1.8741667067288432,1984-10-21,1.9468003318263616,I Moderate
11,1985-02-15,1985-03-07,21,1.92003854057688,2.329151306828198,1985-02-19,1.544239274077263,I Moderate
12,1987-09-15,1987-09-23,9,1.144487375072779,1.5735654375590862,1987-09-19,2.088654260914967,II Strong
13,1988-02-05,1988-02-22,18,2.272448443539932,2.495529782222011,1988-02-12,1.4655339253099253,I Moderate
14,1988-03-18,1988-03-22,5,1.5358586029517844,1.7953166193933043,1988-03-20,1.6521350256218945,I Moderate
15,1988-04-01,1988-04-09,9,1.8108905252062313,2.1883609441853764,1988-04-07,1.9590666960526053,I Moderate
16,1988-04-14,1988-04-21,8,1.8438539753697762,2.1361167892569277,1988-04-19,2.0783923825804553,II Strong
17,1988-05-28,1988-06-04,8,1.2012977420957323,1.4642412063522592,1988-06-01,1.715416753628344,I Moderate
18,1988-06-18,1988-06-25,8,0.9932516425492377,1.083211928913677,1988-06-23,1.3746844683699961,I Moderate
19,1988-08-02,1988-08-06,5,1.2009544605227318,1.3943058506802544,1988-08-05,1.7508270456374098,I Moderate
20,1988-08-10,1988-09-01,23,1.0371573126710056,1.2715167860519507,1988-08-12,1.556127440184269,I Moderate
21,1988-09-08,1988-09-13,6,0.854442668354622,0.9465965258080544,1988-09-10,1.3241011828634142,I Moderate
22,1988-09-17,1988-09-23,7,1.161784348737813,1.4319583673861835,1988-09-19,1.8779511318050697,I Moderate
23,1988-10-23,1988-10-30,8,1.4196029217345347,1.8039714917552025,1988-10-25,1.8466664084655924,I Moderate
24,1989-02-05,1989-02-10,6,1.8181474261387034,1.9965539797766176,1989-02-08,1.1730625040727132,I Moderate
25,1989-04-10,1989-04-24,15,1.5234548168090238,1.9874394179767059,1989-04-17,1.8964949728705174,I Moderate
26,1991-08-14,1991-08-19,6,1.133816865107984,1.443395125234371,1991-08-17,1.7779771595783722,I Moderate
27,1994-05-04,1994-05-08,5,0.9706753585564755,1.135418809993105,1994-05-05,1.2540817569478313,I Moderate
28,1994-12-25,1995-01-01,8,1.8777852108948623,2.245492873186734,1994-12-31,1.5100192523099978,I Moderate
29,1995-03-24,1995-03-29,6,1.2539443643200883,1.4165451019982989,1995-03-25,1.3287652348345333,I Moderate
30,1996-07-08,1996-07-13,6,1.3279769348695833,1.6584866592952245,1996-07-12,2.014013544575747,II Strong
31,1996-12-24,1996-12-28,5,2.153297026833203,2.432407043979815,1996-12-26,1.6969815971911166,I Moderate
32,1997-01-02,1997-01-07,6,2.2224552895235603,2.419268701271932,1997-01-04,1.5709941003537335,I Moderate
33,1997-01-13,1997-02-06,25,2.4172834506212912,2.977784438503928,1997-01-17,1.8772249532393277,I Moderate
34,1998-05-05,1998-06-07,34,1.3555081274373104,2.4143374677499416,1998-06-03,2.824638807572761,II Strong
35,1998-06-29,1998-07-11,13,1.1467389104813728,1.4536866977549145,1998-07-05,1.7769352290122227,I Moderate
36,1998-11-18,1998-11-28,11,1.3842712864911813,1.5312777590820978,1998-11-23,1.2875265530560793,I Moderate
37,1999-03-05,1999-03-17,13,1.9399061263080277,2.4310079002611964,1999-03-12,2.0127269111243327,II Strong
38,1999-04-15,1999-05-11,27,1.265468401625989,1.7347832636251468,1999-04-16,1.7886667978463053,I Moderate
39,1999-06-24,1999-07-02,9,0.9393688373244148,1.1137037321923664,1999-06-24,1.4133810588163778,I Moderate
40,1999-07-14,1999-07-29,16,1.1917677074820143,1.3029144912904833,1999-07-19,1.5987912226812884,I Moderate
41,1999-08-02,1999-08-07,6,1.0761608202597113,1.2039563963271007,1999-08-05,1.5196411065228779,I Moderate
42,1999-08-13,1999-08-24,12,1.0081302942166264,1.3179852891687993,1999-08-17,1.62349705900657,I Moderate
43,1999-11-08,1999-11-17,10,1.7937675496370358,2.855597327051587,1999-11-12,2.583070982476861,II Strong
44,1999-11-21,1999-12-07,17,1.5674548838621094,1.818824719965388,1999-12-05,1.5297775734737795,I Moderate
45,2000-02-13,2000-02-18,6,1.936175776805608,2.028319263496954,2000-02-14,1.1901236904634163,I Moderate
46,2000-03-30,2000-04-03,5,1.2993470474175879,1.429370719356438,2000-04-02,1.2917646341871925,I Moderate
47,2001-04-05,2001-04-12,8,1.2548265968783583,1.448133423072612,2001-04-09,1.303892129666173,I Moderate
48,2001-08-19,2001-08-30,12,1.1820229102233342,1.5412046696472963,2001-08-22,1.9528985872156968,I Moderate
49,2005-05-07,2005-05-20,14,1.3618747942521057,1.7324711952950942,2005-05-08,1.9873284315405975,I Moderate
50,2005-05-25,2005-06-02,9,1.1790338071353403,1.3328903898850974,2005-05-28,1.545332572709569,I Moderate
51,2007-11-24,2007-11-29,6,1.3459797418927526,1.4350782654680074,2007-11-25,1.2115890924822765,I Moderate
52,2007-12-31,2008-01-08,9,1.7666914088696732,2.182012511665654,2008-01-02,1.4333624720302112,I Moderate
53,2008-03-20,2008-03-27,8,1.589877261509863,1.7876541512427266,2008-03-25,1.6786151794958517,I Moderate
54,2008-04-07,2008-04-18,12,1.5086649373160517,1.9921603128054741,2008-04-15,1.8852247506334316,I Moderate
55,2008-06-01,2008-06-06,6,1.272838864584502,1.6356489431597794,2008-06-02,1.9136171070236654,I Moderate
56,2008-10-19,2008-10-27,9,1.7258171686902541,2.7567578481803814,2008-10-23,2.858114209393116,II Strong
57,2009-02-08,2009-02-15,8,2.1032978763040275,2.3786155473294563,2009-02-11,1.3958114751071506,I Moderate
58,2010-09-26,2011-01-26,123,2.2091958946579937,3.7012821781881016,2011-01-10,2.85815836433715,II Strong
59,2011-02-06,2011-02-23,18,2.3907166001634557,2.8961679726936254,2011-02-13,1.7012068101598925,I Moderate
60,2011-04-22,2011-04-27,6,1.334147113653722,1.4929514446420846,2011-04-26,1.4914913591391754,I Moderate
61,2011-12-10,2011-12-14,5,1.68198069803814,2.128224112356577,2011-12-12,1.7443954872571208,I Moderate
62,2011-12-20,2011-12-26,7,1.5818067048043685,1.7032745022750895,2011-12-24,1.2348824312304763,I Moderate
63,2012-01-13,2012-02-08,27,2.21637602253691,2.640849028284727,2012-01-18,1.665082219461052,I Moderate
64,2012-03-08,2012-03-16,9,1.7302510224757688,1.8593685559989055,2012-03-11,1.5846844785028429,I Moderate
65,2012-03-23,2012-04-01,10,1.477546210919342,1.7858133423072609,2012-03-26,1.6728644451837467,I Moderate
66,2012-10-10,2012-10-16,7,1.1554483163584177,1.2463021329102766,2012-10-12,1.308121177315571,I Moderate
67,2012-12-27,2013-03-04,68,2.376875362966465,3.469284697851066,2013-02-03,2.0698363264027555,II Strong
68,2013-04-11,2013-04-21,11,1.3302257540065847,1.4784394019518317,2013-04-18,1.4216125569276823,I Moderate
69,2013-10-23,2013-11-05,14,1.2195347041465514,1.333379484960659,2013-11-03,1.309326501632531,I Moderate
70,2013-12-13,2013-12-18,6,1.375519842835167,1.4472663795970284,2013-12-15,1.1623574362383868,I Moderate
71,2013-12-24,2013-12-30,7,1.695177560965032,1.989925913264937,2013-12-30,1.3515003665055692,I Moderate
72,2014-03-20,2014-03-29,10,1.6642910677371276,2.0602145890421966,2014-03-24,1.927398593742729,I Moderate
73,2014-08-24,2014-09-16,24,1.0219591072010437,1.6111982116244405,2014-09-03,2.179561419190924,II Strong
74,2015-09-17,2015-11-01,46,1.7830751489790415,2.5124223354646347,2015-10-11,2.842363281021565,II Strong
75,2016-07-19,2016-07-23,5,1.0311618800378226,1.0775791548483298,2016-07-23,1.3323886721018587,I Moderate
76,2017-03-01,2017-03-09,9,1.8124980049036086,2.1262727753473385,2017-03-07,1.6250672892112075,I Moderate
77,2018-01-19,2018-01-24,6,2.2467239763017735,2.4578302485457435,2018-01-22,1.555583037769376,I Moderate
78,2018-03-22,2018-03-26,5,1.3051983366184323,1.5382684646571505,2018-03-23,1.4326298779918227,I Moderate
79,2019-03-30,2019-04-03,5,1.5244628367225879,1.8914753136868327,2019-03-31,1.7336534270437123,I Moderate
80,2019-12-01,2019-12-07,7,1.5201603105162091,1.7404107655080736,2019-12-02,1.4676421673096087,I Moderate
81,2019-12-26,2019-12-31,6,1.7050361937535932,1.8468043485965708,2019-12-31,1.262710787459057,I Moderate
82,2020-01-12,2020-01-20,9,1.9164798447175495,2.3130051193458705,2020-01-16,1.4571580878508312,I Moderate
83,2020-07-03,2020-07-18,16,1.184835835216256,1.785254827492274,2020-07-16,2.184406438698848,II Strong
84,2020-08-18,2020-08-23,6,1.128261544583862,1.266236046343927,2020-08-22,1.6106791814496453,I Moderate
85,2020-09-06,2020-09-18,13,0.7741053450339546,0.9618615611428964,2020-09-15,1.3188422225349148,I Moderate
86,2020-09-24,2020-10-01,8,0.8978905160809583,0.9707985834014394,2020-09-26,1.1747510738281677,I Moderate
87,2020-12-06,2020-12-16,11,1.985838992805607,2.6315513677226967,2020-12-08,2.1851674844376534,II Strong
88,2020-12-29,2021-01-26,29,2.2602168923036987,2.9275869859468138,2021-01-19,1.8536389640417203,I Moderate
89,2021-11-26,2021-11-30,5,1.6903145553899663,1.8536824191144667,2021-11-29,1.567095076063051,I Moderate
90,2022-02-14,2022-02-23,10,2.2791280691633427,2.6766232392673537,2022-02-17,1.568728685001228,I Moderate
91,2022-06-15,2022-06-19,5,0.931495601173016,1.0481281989647862,2022-06-17,1.2764069919554737,I Moderate
92,2022-12-26,2022-12-30,5,1.5740596119653247,1.7897660171061034,2022-12-29,1.2270353272717454,I Moderate
93,2023-10-13,2023-10-26,14,1.7776214376140376,2.3623946444882513,2023-10-17,2.4659307807509103,II Strong
94,2023-11-20,2023-11-27,8,1.4827074239219273,1.7159301636139297,2023-11-22,1.4484075701483339,I Moderate
95,2024-06-11,2024-06-18,8,1.0147397981667514,1.122014630706854,2024-06-14,1.3482310738018581,I Moderate
96,2024-09-13,2024-11-08,57,1.3776798551351703,1.9740352226655773,2024-11-02,2.1981675620850214,II Strong
97,2024-11-13,2025-02-14,94,2.6110704751185994,3.799225626419755,2025-01-02,2.4957086206295673,II Strong
98,2025-02-24,2025-04-06,42,1.901105912948323,2.902366568914953,2025-03-03,2.2216585033591203,II Strong
99,2025-04-22,2025-04-26,5,1.1451449609794389,1.2469594090027734,2025-04-23,1.2278461478354759,I Moderate
100,2025-05-01,2025-06-12,43,1.4306488880044137,2.165388378763847,2025-05-12,2.5242116383262023,II Strong
101,2025-08-17,2025-08-26,10,0.9918280643558823,1.1386950627373658,2025-08-23,1.4484443377411271,I Moderate
102,2025-09-21,2025-10-07,17,1.1477460925238328,1.3796766181113114,2025-10-04,1.648489546683052,I Moderate
103,2025-12-17,2025-12-25,9,1.672491325096087,1.905210391831055,2025-12-20,1.4622049389997867,I Moderate
