station_id,station,year,cool_mm,mjj_mm,baseline_mm,cool_anom_mm,cool_anom_pct
ASN00009518,Cape Leeuwin,1950,833.9,520.0,896.672,-62.77200000000005,-7.000553156561155
ASN00009518,Cape Leeuwin,1951,836.1999999999999,447.79999999999995,896.672,-60.472000000000094,-6.744049106027633
ASN00009518,Cape Leeuwin,1952,852.5999999999999,569.3,896.672,-44.072000000000116,-4.915063702223345
ASN00009518,Cape Leeuwin,1953,878.9,562.4,896.672,-17.772000000000048,-1.9819956461225563
ASN00009518,Cape Leeuwin,1954,755.9999999999999,437.8,896.672,-140.67200000000014,-15.68823382463154
ASN00009518,Cape Leeuwin,1955,1235.5,491.29999999999995,896.672,338.828,37.78728453659755
ASN00009518,Cape Leeuwin,1956,798.7,597.8000000000001,896.672,-97.97199999999998,-10.926180364726452
ASN00009518,Cape Leeuwin,1957,925.8000000000001,600.8,896.672,29.128000000000043,3.248456514756794
ASN00009518,Cape Leeuwin,1958,773.0,503.0,896.672,-123.67200000000003,-13.792334320688058
ASN00009518,Cape Leeuwin,1959,682.9,362.30000000000007,896.672,-213.77200000000005,-23.840601691588457
ASN00009518,Cape Leeuwin,1960,768.4999999999999,515.9000000000001,896.672,-128.17200000000014,-14.29419007173193
ASN00009518,Cape Leeuwin,1961,987.9,535.2,896.672,91.22799999999995,10.174065879162052
ASN00009518,Cape Leeuwin,1962,815.4999999999999,415.0,896.672,-81.17200000000014,-9.052585560829392
ASN00009518,Cape Leeuwin,1963,1118.6,703.1,896.672,221.92799999999988,24.750187359480375
ASN00009518,Cape Leeuwin,1964,1040.5000000000002,584.3,896.672,143.8280000000002,16.04020199136364
ASN00009518,Cape Leeuwin,1965,890.5,437.29999999999995,896.672,-6.1720000000000255,-0.6883230434317148
ASN00009518,Cape Leeuwin,1966,808.5999999999999,473.69999999999993,896.672,-88.07200000000012,-9.822097712429976
ASN00009518,Cape Leeuwin,1967,1169.8,788.5999999999999,896.672,273.12799999999993,30.460190571357188
ASN00009518,Cape Leeuwin,1968,939.6999999999999,482.09999999999997,896.672,43.027999999999906,4.798633167981146
ASN00009518,Cape Leeuwin,1969,691.9,411.79999999999995,896.672,-204.77200000000005,-22.836890189500735
ASN00009518,Cape Leeuwin,1970,939.6999999999999,569.5,896.672,43.027999999999906,4.798633167981146
ASN00009518,Cape Leeuwin,1971,783.5999999999999,382.69999999999993,896.672,-113.07200000000012,-12.610185218229198
ASN00009518,Cape Leeuwin,1972,787.8,349.70000000000005,896.672,-108.87200000000007,-12.141786517254925
ASN00009518,Cape Leeuwin,1973,1143.8,582.1999999999999,896.672,247.12799999999993,27.560579565325995
ASN00009518,Cape Leeuwin,1974,956.9000000000001,618.1000000000001,896.672,60.228000000000065,6.716837371971029
ASN00009518,Cape Leeuwin,1975,881.0,585.5,896.672,-15.672000000000025,-1.7477962956354192
ASN00009518,Cape Leeuwin,1976,777.7,383.7,896.672,-118.97199999999998,-13.268173869597797
ASN00009518,Cape Leeuwin,1977,890.1999999999999,460.79999999999995,896.672,-6.472000000000094,-0.721780093501313
ASN00009518,Cape Leeuwin,1978,1062.1,685.1000000000001,896.672,165.42799999999988,18.449109596374136
ASN00009518,Cape Leeuwin,1979,853.1,479.0,896.672,-43.572,-4.859301952107349
ASN00009518,Cape Leeuwin,1980,888.5999999999999,473.4,896.672,-8.072000000000116,-0.9002176938724658
ASN00009518,Cape Leeuwin,1981,883.5,537.0999999999999,896.672,-13.172000000000025,-1.468987545055497
ASN00009518,Cape Leeuwin,1982,810.1999999999998,551.9999999999999,896.672,-86.47200000000021,-9.643660112058836
ASN00009518,Cape Leeuwin,1983,1294.6,765.0,896.672,397.9279999999999,44.3783234003069
ASN00009518,Cape Leeuwin,1984,861.2,534.0,896.672,-35.47199999999998,-3.955961600228398
ASN00009518,Cape Leeuwin,1985,680.2,327.8,896.672,-216.47199999999998,-24.141715142214764
ASN00009518,Cape Leeuwin,1986,865.6,515.4,896.672,-31.072000000000003,-3.4652581992077374
ASN00009518,Cape Leeuwin,1987,700.6,448.8,896.672,-196.072,-21.866635737482603
ASN00009518,Cape Leeuwin,1988,1092.4000000000003,681.6000000000001,896.672,195.7280000000003,21.828271653402837
ASN00009518,Cape Leeuwin,1989,813.4000000000001,372.0,896.672,-83.27199999999993,-9.286784911316506
ASN00009518,Cape Leeuwin,1990,950.3999999999997,497.9999999999999,896.672,53.727999999999724,5.9919346204631925
ASN00009518,Cape Leeuwin,1991,963.6,640.0,896.672,66.928,7.464044823525212
ASN00009518,Cape Leeuwin,1992,970.6,595.0,896.672,73.928,8.244709325148994
ASN00009518,Cape Leeuwin,1993,797.8,404.79999999999995,896.672,-98.87200000000007,-11.026551514935235
ASN00009518,Cape Leeuwin,1994,809.8000000000001,466.6,896.672,-86.87199999999996,-9.688269512151596
ASN00009518,Cape Leeuwin,1995,759.4000000000001,493.4000000000001,896.672,-137.27199999999993,-15.309053923842825
ASN00009518,Cape Leeuwin,1996,919.6,580.3999999999999,896.672,22.927999999999997,2.5570108133185823
ASN00009518,Cape Leeuwin,1997,808.6000000000001,501.80000000000007,896.672,-88.07199999999989,-9.822097712429951
ASN00009518,Cape Leeuwin,1998,818.2,423.8,896.672,-78.47199999999998,-8.751472110203059
ASN00009518,Cape Leeuwin,1999,931.2,572.0,896.672,34.52800000000002,3.8506834160094234
ASN00009518,Cape Leeuwin,2000,710.4,436.79999999999995,896.672,-186.27200000000005,-20.773705435209312
ASN00009518,Cape Leeuwin,2001,464.0,229.8,896.672,-432.672,-48.253095892366446
ASN00009518,Cape Leeuwin,2002,605.4000000000001,297.20000000000005,896.672,-291.27199999999993,-32.48367295956603
ASN00009518,Cape Leeuwin,2003,661.8,379.6,896.672,-234.87200000000007,-26.193747546483003
ASN00009518,Cape Leeuwin,2004,539.0,375.8,896.672,-357.672,-39.888833374968776
ASN00009518,Cape Leeuwin,2005,623.4,283.6,896.672,-273.27200000000005,-30.476249955390603
ASN00009518,Cape Leeuwin,2006,578.1999999999999,322.8,896.672,-318.4720000000001,-35.5171121658756
ASN00009518,Cape Leeuwin,2007,561.4000000000001,257.0,896.672,-335.27199999999993,-37.390706969772666
ASN00009518,Cape Leeuwin,2008,754.0,468.6,896.672,-142.67200000000003,-15.911280825095467
ASN00009518,Cape Leeuwin,2009,642.0,415.19999999999993,896.672,-254.67200000000003,-28.401912851075984
ASN00009518,Cape Leeuwin,2010,553.8,314.4,896.672,-342.87200000000007,-38.238285571535634
ASN00009518,Cape Leeuwin,2011,721.6000000000001,352.0,896.672,-175.0719999999999,-19.524642232611242
ASN00009518,Cape Leeuwin,2012,695.8,430.19999999999993,896.672,-200.87200000000007,-22.401948538596063
ASN00009518,Cape Leeuwin,2013,918.4,548.5999999999999,896.672,21.727999999999952,2.4231826130402143
ASN00009518,Cape Leeuwin,2014,619.8,389.6,896.672,-276.87200000000007,-30.877734556225697
ASN00009518,Cape Leeuwin,2015,572.0,318.40000000000003,896.672,-324.672,-36.20855786731381
ASN00009518,Cape Leeuwin,2016,742.1999999999999,399.20000000000005,896.672,-154.4720000000001,-17.22725812783271
ASN00009518,Cape Leeuwin,2017,718.2,421.8,896.672,-178.47199999999998,-19.903822133399945
ASN00009518,Cape Leeuwin,2018,636.8000000000001,372.80000000000007,896.672,-259.87199999999996,-28.981835052282214
ASN00009518,Cape Leeuwin,2019,,335.8,896.672,,
ASN00009518,Cape Leeuwin,2020,554.2,331.40000000000003,896.672,-342.472,-38.193676171442846
ASN00009518,Cape Leeuwin,2021,804.4000000000001,489.0,896.672,-92.27199999999993,-10.290496413404226
ASN00009518,Cape Leeuwin,2022,,,896.672,,
ASN00009518,Cape Leeuwin,2023,560.1999999999999,306.4,896.672,-336.4720000000001,-37.524535170051045
ASN00009518,Cape Leeuwin,2024,701.4,384.20000000000005,896.672,-195.27200000000005,-21.77741693729703
ASN00009530,Deeside,1950,669.7,436.59999999999997,697.94,-28.24000000000001,-4.046193082499929
ASN00009530,Deeside,1951,624.1999999999999,276.0999999999999,697.94,-73.74000000000012,-10.565378112731771
ASN00009530,Deeside,1952,647.8000000000001,383.9,697.94,-50.139999999999986,-7.1839986245235945
ASN00009530,Deeside,1953,626.0,353.29999999999995,697.94,-71.94000000000005,-10.307476287359952
ASN00009530,Deeside,1954,591.6999999999999,372.6,697.94,-106.24000000000012,-15.221938848611645
ASN00009530,Deeside,1955,979.2,359.5,697.94,281.26,40.2985930022638
ASN00009530,Deeside,1956,769.7999999999998,568.0999999999999,697.94,71.85999999999979,10.296013984010054
ASN00009530,Deeside,1957,691.8,424.29999999999995,697.94,-6.1400000000001,-0.8797317821016276
ASN00009530,Deeside,1958,685.5999999999999,484.7,697.94,-12.340000000000146,-1.768060291715641
ASN00009530,Deeside,1959,583.4,295.4,697.94,-114.54000000000008,-16.411152821159423
ASN00009530,Deeside,1960,671.2,449.20000000000005,697.94,-26.74000000000001,-3.831274894690089
ASN00009530,Deeside,1961,783.9000000000001,384.4,697.94,85.96000000000004,12.316244949422591
ASN00009530,Deeside,1962,650.5,325.0,697.94,-47.440000000000055,-6.797145886465892
ASN00009530,Deeside,1963,822.6,513.4999999999999,697.94,124.65999999999997,17.861134194916463
ASN00009530,Deeside,1964,894.4,514.0,697.94,196.45999999999992,28.14855145141415
ASN00009530,Deeside,1965,770.9999999999999,379.79999999999995,697.94,73.05999999999983,10.467948534257935
ASN00009530,Deeside,1966,648.3,396.6,697.94,-49.6400000000001,-7.112359228586999
ASN00009530,Deeside,1967,771.1,506.2,697.94,73.15999999999997,10.482276413445275
ASN00009530,Deeside,1968,667.3000000000001,321.8,697.94,-30.639999999999986,-4.3900621829956705
ASN00009530,Deeside,1969,465.09999999999997,275.2,697.94,-232.8400000000001,-33.36103389976216
ASN00009530,Deeside,1970,678.4,378.4,697.94,-19.540000000000077,-2.799667593202865
ASN00009530,Deeside,1971,630.9,264.29999999999995,697.94,-67.04000000000008,-9.605410207181142
ASN00009530,Deeside,1972,568.6999999999999,274.0,697.94,-129.24000000000012,-18.517351061695866
ASN00009530,Deeside,1973,799.1999999999999,403.4,697.94,101.25999999999988,14.508410465082939
ASN00009530,Deeside,1974,756.7,446.6,697.94,58.75999999999999,8.419061810470811
ASN00009530,Deeside,1975,688.6,424.4000000000001,697.94,-9.340000000000032,-1.338223916095944
ASN00009530,Deeside,1976,621.1,254.10000000000002,697.94,-76.84000000000003,-11.009542367538762
ASN00009530,Deeside,1977,646.0,323.4,697.94,-51.940000000000055,-7.441900449895414
ASN00009530,Deeside,1978,663.8000000000001,409.0,697.94,-34.139999999999986,-4.891537954551965
ASN00009530,Deeside,1979,572.6999999999999,302.70000000000005,697.94,-125.24000000000012,-17.944235894202958
ASN00009530,Deeside,1980,603.0000000000001,290.8,697.94,-94.93999999999994,-13.602888500444156
ASN00009530,Deeside,1981,757.6999999999999,434.69999999999993,697.94,59.75999999999988,8.562340602344022
ASN00009530,Deeside,1982,466.4000000000001,331.40000000000003,697.94,-231.53999999999996,-33.17477147032695
ASN00009530,Deeside,1983,650.0000000000001,345.6,697.94,-47.93999999999994,-6.868785282402491
ASN00009530,Deeside,1984,679.8000000000001,376.4,697.94,-18.139999999999986,-2.5990772845803343
ASN00009530,Deeside,1985,623.6000000000001,255.8,697.94,-74.33999999999992,-10.651345387855677
ASN00009530,Deeside,1986,536.6,268.20000000000005,697.94,-161.34000000000003,-23.116600280826436
ASN00009530,Deeside,1987,483.20000000000005,271.20000000000005,697.94,-214.74,-30.76768776685675
ASN00009530,Deeside,1988,863.6000000000001,513.2,697.94,165.66000000000008,23.73556466171878
ASN00009530,Deeside,1989,637.0,250.59999999999997,697.94,-60.940000000000055,-8.731409576754455
ASN00009530,Deeside,1990,724.6000000000001,357.6,697.94,26.660000000000082,3.8198125913402414
ASN00009530,Deeside,1991,697.4000000000001,418.20000000000005,697.94,-0.5399999999999636,-0.07737054761153732
ASN00009530,Deeside,1992,671.8000000000001,350.0,697.94,-26.139999999999986,-3.7453076195661494
ASN00009530,Deeside,1993,631.3000000000001,301.1,697.94,-66.63999999999999,-9.54809869043184
ASN00009530,Deeside,1994,540.2,369.40000000000003,697.94,-157.74,-22.600796630082815
ASN00009530,Deeside,1995,682.9999999999999,452.79999999999995,697.94,-14.940000000000168,-2.140585150586034
ASN00009530,Deeside,1996,807.9000000000001,412.20000000000005,697.94,109.96000000000004,15.754935954380036
ASN00009530,Deeside,1997,652.2,357.20000000000005,697.94,-45.74000000000001,-6.5535719402814
ASN00009530,Deeside,1998,697.8000000000001,300.80000000000007,697.94,-0.13999999999998636,-0.020059030862249812
ASN00009530,Deeside,1999,,,697.94,,
ASN00009530,Deeside,2000,657.2,376.0,697.94,-40.74000000000001,-5.837177980915266
ASN00009530,Deeside,2001,499.8,246.2,697.94,-198.14000000000004,-28.389259821761186
ASN00009530,Deeside,2002,676.4000000000001,326.40000000000003,697.94,-21.539999999999964,-3.0862251769493025
ASN00009530,Deeside,2003,825.6,352.0,697.94,127.65999999999997,18.290970570536143
ASN00009530,Deeside,2004,,324.4,697.94,,
ASN00009530,Deeside,2005,750.2,334.8,697.94,52.25999999999999,7.487749663294837
ASN00009530,Deeside,2006,462.6,206.59999999999997,697.94,-235.34000000000003,-33.71923087944523
ASN00009530,Deeside,2007,646.2,256.99999999999994,697.94,-51.74000000000001,-7.413244691520762
ASN00009530,Deeside,2008,723.9,406.70000000000005,697.94,25.959999999999923,3.7195174370289594
ASN00009530,Deeside,2009,671.5999999999999,420.3999999999999,697.94,-26.340000000000146,-3.773963377940818
ASN00009530,Deeside,2010,359.8,209.0,697.94,-338.14000000000004,-48.44829068401296
ASN00009530,Deeside,2011,630.4,297.4,697.94,-67.54000000000008,-9.677049603117757
ASN00009530,Deeside,2012,543.4,239.2,697.94,-154.54000000000008,-22.1423044960885
ASN00009530,Deeside,2013,697.0,304.8,697.94,-0.9400000000000546,-0.13468206436084112
ASN00009530,Deeside,2014,637.8,409.0,697.94,-60.1400000000001,-8.61678654325588
ASN00009530,Deeside,2015,479.20000000000005,244.8,697.94,-218.74,-31.340802934349654
ASN00009530,Deeside,2016,743.4,350.79999999999995,697.94,45.45999999999992,6.513453878556885
ASN00009530,Deeside,2017,467.40000000000003,231.59999999999997,697.94,-230.54000000000002,-33.03149267845374
ASN00009530,Deeside,2018,576.8,292.40000000000003,697.94,-121.1400000000001,-17.356792847522723
ASN00009530,Deeside,2019,458.8,216.2,697.94,-239.14000000000004,-34.26369028856349
ASN00009530,Deeside,2020,596.1999999999999,327.6,697.94,-101.74000000000012,-14.577184285182124
ASN00009530,Deeside,2021,768.0,388.4,697.94,70.05999999999995,10.03811215863827
ASN00009530,Deeside,2022,636.8,325.6,697.94,-61.1400000000001,-8.760065335129108
ASN00009530,Deeside,2023,618.0,319.6,697.94,-79.94000000000005,-11.453706622345766
ASN00009530,Deeside,2024,619.0,312.6,697.94,-78.94000000000005,-11.310427830472541
ASN00009616,Westbourne,1950,608.3000000000001,389.29999999999995,566.76,41.54000000000008,7.329381043122322
ASN00009616,Westbourne,1951,522.1999999999999,251.49999999999997,566.76,-44.56000000000006,-7.862234455501457
ASN00009616,Westbourne,1952,443.29999999999995,270.0,566.76,-123.46000000000004,-21.783470957724617
ASN00009616,Westbourne,1953,497.19999999999993,274.79999999999995,566.76,-69.56000000000006,-12.27327263744796
ASN00009616,Westbourne,1954,381.69999999999993,258.9,566.76,-185.06000000000006,-32.65226903804081
ASN00009616,Westbourne,1955,675.7999999999998,234.29999999999998,566.76,109.03999999999985,19.23918413437784
ASN00009616,Westbourne,1956,565.4999999999999,400.9,566.76,-1.2600000000001046,-0.2223163243701222
ASN00009616,Westbourne,1957,598.0,385.6,566.76,31.24000000000001,5.5120333121603515
ASN00009616,Westbourne,1958,546.6,364.5,566.76,-20.159999999999968,-3.5570611899216544
ASN00009616,Westbourne,1959,469.3999999999999,219.39999999999998,566.76,-97.36000000000007,-17.178347095772473
ASN00009616,Westbourne,1960,501.9,335.0,566.76,-64.86000000000001,-11.443997459242011
ASN00009616,Westbourne,1961,702.8000000000001,363.40000000000003,566.76,136.04000000000008,24.003105370880103
ASN00009616,Westbourne,1962,500.69999999999993,246.8,566.76,-66.06000000000006,-11.655727291975449
ASN00009616,Westbourne,1963,738.3999999999999,437.4999999999999,566.76,171.63999999999987,30.284423741971885
ASN00009616,Westbourne,1964,696.0999999999999,416.90000000000003,566.76,129.33999999999992,22.820947138118417
ASN00009616,Westbourne,1965,580.9999999999999,280.2,566.76,14.239999999999895,2.5125273484367097
ASN00009616,Westbourne,1966,578.0,321.1000000000001,566.76,11.240000000000009,1.9832027666031493
ASN00009616,Westbourne,1967,694.1999999999999,511.4999999999999,566.76,127.43999999999994,22.485708236290485
ASN00009616,Westbourne,1968,622.1,324.40000000000003,566.76,55.34000000000003,9.764274119556786
ASN00009616,Westbourne,1969,377.1,240.7,566.76,-189.65999999999997,-33.46390006351894
ASN00009616,Westbourne,1970,564.5,325.0,566.76,-2.259999999999991,-0.3987578516479623
ASN00009616,Westbourne,1971,526.3,260.79999999999995,566.76,-40.460000000000036,-7.138824193662227
ASN00009616,Westbourne,1972,452.40000000000003,219.1,566.76,-114.35999999999996,-20.177853059496076
ASN00009616,Westbourne,1973,702.3000000000001,397.20000000000005,566.76,135.54000000000008,23.914884607241174
ASN00009616,Westbourne,1974,623.2,397.0,566.76,56.440000000000055,9.958359799562436
ASN00009616,Westbourne,1975,619.0,352.79999999999995,566.76,52.24000000000001,9.217305384995415
ASN00009616,Westbourne,1976,,,566.76,,
ASN00009616,Westbourne,1977,559.4,264.0,566.76,-7.360000000000014,-1.298609640765053
ASN00009616,Westbourne,1978,592.1999999999999,383.79999999999995,566.76,25.43999999999994,4.488672453948751
ASN00009616,Westbourne,1979,473.79999999999995,236.20000000000002,566.76,-92.96000000000004,-16.402004375749883
ASN00009616,Westbourne,1980,521.6,232.8,566.76,-45.15999999999997,-7.968099371868156
ASN00009616,Westbourne,1981,580.6,317.8,566.76,13.840000000000032,2.4419507375255898
ASN00009616,Westbourne,1982,361.4,218.39999999999998,566.76,-205.36,-36.234032041781354
ASN00009616,Westbourne,1983,643.4,354.0,566.76,76.63999999999999,13.522478650575197
ASN00009616,Westbourne,1984,522.1999999999999,284.4,566.76,-44.56000000000006,-7.862234455501457
ASN00009616,Westbourne,1985,561.8,229.60000000000002,566.76,-4.960000000000036,-0.8751499752981926
ASN00009616,Westbourne,1986,427.80000000000007,212.5,566.76,-138.95999999999992,-24.518314630531428
ASN00009616,Westbourne,1987,383.5,213.10000000000002,566.76,-183.26,-32.33467428894065
ASN00009616,Westbourne,1988,685.4,413.0,566.76,118.63999999999999,20.93302279624532
ASN00009616,Westbourne,1989,508.99999999999994,219.39999999999998,566.76,-57.76000000000005,-10.191262615569208
ASN00009616,Westbourne,1990,597.8,330.6,566.76,31.039999999999964,5.476745006704772
ASN00009616,Westbourne,1991,613.6,358.0,566.76,46.84000000000003,8.264521137694974
ASN00009616,Westbourne,1992,538.4,278.79999999999995,566.76,-28.360000000000014,-5.003881713600116
ASN00009616,Westbourne,1993,543.0,279.2,566.76,-23.75999999999999,-4.192250688121955
ASN00009616,Westbourne,1994,490.4,323.6,566.76,-76.36000000000001,-13.473075022937403
ASN00009616,Westbourne,1995,574.4000000000001,353.6,566.76,7.6400000000001,1.348013268402869
ASN00009616,Westbourne,1996,691.6,411.6,566.76,124.84000000000003,22.026960265368064
ASN00009616,Westbourne,1997,487.20000000000005,273.8,566.76,-79.55999999999995,-14.037687910226541
ASN00009616,Westbourne,1998,620.4,272.8,566.76,53.639999999999986,9.464323523184413
ASN00009616,Westbourne,1999,693.8,435.19999999999993,566.76,127.03999999999996,22.415131625379342
ASN00009616,Westbourne,2000,507.6000000000001,302.20000000000005,566.76,-59.15999999999991,-10.438280753758189
ASN00009616,Westbourne,2001,438.20000000000005,208.8,566.76,-128.55999999999995,-22.683322746841686
ASN00009616,Westbourne,2002,591.8,290.4,566.76,25.039999999999964,4.418095843037611
ASN00009616,Westbourne,2003,583.1,241.00000000000006,566.76,16.340000000000032,2.88305455572024
ASN00009616,Westbourne,2004,451.00000000000006,298.80000000000007,566.76,-115.75999999999993,-20.424871197685075
ASN00009616,Westbourne,2005,688.8,275.09999999999997,566.76,122.03999999999996,21.532923988990042
ASN00009616,Westbourne,2006,357.4,138.1,566.76,-209.36,-36.93979815089279
ASN00009616,Westbourne,2007,554.2,260.20000000000005,566.76,-12.559999999999945,-2.2161055826099134
ASN00009616,Westbourne,2008,563.1,321.3,566.76,-3.659999999999968,-0.6457759898369624
ASN00009616,Westbourne,2009,540.1,337.90000000000003,566.76,-26.659999999999968,-4.703931117227746
ASN00009616,Westbourne,2010,311.0,156.60000000000002,566.76,-255.76,-45.126685016585505
ASN00009616,Westbourne,2011,624.6,272.5,566.76,57.84000000000003,10.205377937751436
ASN00009616,Westbourne,2012,386.5,184.39999999999998,566.76,-180.26,-31.805349707107066
ASN00009616,Westbourne,2013,,231.39999999999998,566.76,,
ASN00009616,Westbourne,2014,602.9,329.99999999999994,566.76,36.139999999999986,6.376596795821862
ASN00009616,Westbourne,2015,463.8,219.90000000000003,566.76,-102.95999999999998,-18.166419648528475
ASN00009616,Westbourne,2016,578.6,272.1,566.76,11.840000000000032,2.0890676829698696
ASN00009616,Westbourne,2017,,201.90000000000003,566.76,,
ASN00009616,Westbourne,2018,496.5,260.6,566.76,-70.25999999999999,-12.39678170654245
ASN00009616,Westbourne,2019,401.7,179.5,566.76,-165.06,-29.12343849248359
ASN00009616,Westbourne,2020,488.79999999999995,304.8,566.76,-77.96000000000004,-13.755381466581982
ASN00009616,Westbourne,2021,648.1,307.5,566.76,81.34000000000003,14.351753828781149
ASN00009616,Westbourne,2022,498.49999999999994,260.90000000000003,566.76,-68.26000000000005,-12.04389865198674
ASN00009616,Westbourne,2023,437.4,233.59999999999997,566.76,-129.36,-22.82447596866399
ASN00009616,Westbourne,2024,460.59999999999997,251.60000000000002,566.76,-106.16000000000003,-18.731032535817633
ASN00009500,Albany,1950,787.4999999999999,500.70000000000005,761.5625,25.937499999999886,3.4058268362740924
ASN00009500,Albany,1951,785.4,278.69999999999993,761.5625,23.837499999999977,3.130077964710707
ASN00009500,Albany,1952,764.5999999999999,416.0,761.5625,3.037499999999909,0.3988510463684739
ASN00009500,Albany,1953,662.8999999999999,355.79999999999995,761.5625,-98.66250000000014,-12.955272876487504
ASN00009500,Albany,1954,610.5999999999999,267.29999999999995,761.5625,-150.9625000000001,-19.822732868280685
ASN00009500,Albany,1955,1100.8999999999999,434.0,761.5625,339.33749999999986,44.558063192449715
ASN00009500,Albany,1956,773.1999999999999,470.3,761.5625,11.637499999999932,1.5281083299138196
ASN00009500,Albany,1957,739.0,396.8,761.5625,-22.5625,-2.96265900697579
ASN00009500,Albany,1958,807.4999999999998,480.0999999999999,761.5625,45.93749999999977,6.032006565449293
ASN00009500,Albany,1959,660.4000000000001,269.2,761.5625,-101.16249999999991,-13.283545342634374
ASN00009500,Albany,1960,655.2999999999998,395.5,761.5625,-106.26250000000016,-13.953221173574088
ASN00009500,Albany,1961,834.8,342.79999999999995,761.5625,73.23749999999995,9.616741895773487
ASN00009500,Albany,1962,,,761.5625,,
ASN00009500,Albany,1963,926.4,600.3000000000001,761.5625,164.83749999999998,21.644645055395973
ASN00009500,Albany,1964,864.2999999999998,463.20000000000005,761.5625,102.73749999999984,13.490356996306913
ASN00009500,Albany,1965,714.0,317.59999999999997,761.5625,-47.5625,-6.245383668444809
ASN00009500,Albany,1966,894.1999999999999,436.29999999999995,761.5625,132.63749999999993,17.416495691423872
ASN00009500,Albany,1967,813.8,492.69999999999993,761.5625,52.237499999999955,6.85925318013951
ASN00009500,Albany,1968,782.5999999999999,300.7,761.5625,21.03749999999991,2.7624128026261676
ASN00009500,Albany,1969,567.0999999999999,287.5,761.5625,-194.4625000000001,-25.534673779236776
ASN00009500,Albany,1970,784.3,330.29999999999995,761.5625,22.737499999999955,2.985638079606067
ASN00009500,Albany,1971,728.9,367.9,761.5625,-32.66250000000002,-4.2888797702092765
ASN00009500,Albany,1972,577.5999999999999,296.4,761.5625,-183.9625000000001,-24.15592942141979
ASN00009500,Albany,1973,785.3999999999999,371.20000000000005,761.5625,23.837499999999864,3.1300779647106918
ASN00009500,Albany,1974,656.8000000000001,334.6,761.5625,-104.76249999999993,-13.756257693885916
ASN00009500,Albany,1975,826.1999999999999,426.6,761.5625,64.63749999999993,8.48748461222814
ASN00009500,Albany,1976,805.8,335.40000000000003,761.5625,44.237499999999955,5.808781288469424
ASN00009500,Albany,1977,747.1000000000001,316.5,761.5625,-14.462499999999864,-1.8990562166598097
ASN00009500,Albany,1978,838.2000000000002,536.6,761.5625,76.63750000000016,10.0631924497333
ASN00009500,Albany,1979,838.6,429.79999999999995,761.5625,77.03750000000002,10.115716044316786
ASN00009500,Albany,1980,652.6000000000001,310.3,761.5625,-108.96249999999986,-14.307755437012702
ASN00009500,Albany,1981,828.4,546.1999999999999,761.5625,66.83749999999998,8.776364382437421
ASN00009500,Albany,1982,513.9,319.29999999999995,761.5625,-247.66250000000002,-32.520311858842845
ASN00009500,Albany,1983,550.1999999999999,256.09999999999997,761.5625,-211.36250000000007,-27.753795650389833
ASN00009500,Albany,1984,640.4000000000001,324.4000000000001,761.5625,-121.16249999999991,-15.90972507180959
ASN00009500,Albany,1985,650.2,317.8,761.5625,-111.36249999999995,-14.622897004513742
ASN00009500,Albany,1986,685.0,324.6,761.5625,-76.5625,-10.053344275748872
ASN00009500,Albany,1987,529.0,318.0,761.5625,-232.5625,-30.53754616331555
ASN00009500,Albany,1988,852.4,554.0,761.5625,90.83749999999998,11.927780057447679
ASN00009500,Albany,1989,777.8,359.0,761.5625,16.237499999999955,2.132129667624122
ASN00009500,Albany,1990,,,761.5625,,
ASN00009500,Albany,1991,715.2,454.4,761.5625,-46.362499999999955,-6.087812884694291
ASN00009500,Albany,1992,827.0,337.40000000000003,761.5625,65.4375,8.592531801395157
ASN00009500,Albany,1993,,411.40000000000003,761.5625,,
ASN00009500,Albany,1994,,,761.5625,,
ASN00009500,Albany,1995,678.8000000000001,375.0,761.5625,-82.76249999999993,-10.86745999179318
ASN00009500,Albany,1996,746.8,271.40000000000003,761.5625,-14.762500000000045,-1.9384489125974618
ASN00009500,Albany,1997,688.6000000000001,306.20000000000005,761.5625,-72.96249999999986,-9.580631924497315
ASN00009500,Albany,1998,694.4,296.2,761.5625,-67.16250000000002,-8.819039803036523
ASN00009500,Albany,1999,749.7999999999998,407.8,761.5625,-11.76250000000016,-1.5445219532211945
ASN00009500,Albany,2000,653.0,368.0,761.5625,-108.5625,-14.255231842429216
ASN00009500,Albany,2001,654.0,345.2,761.5625,-107.5625,-14.123922855970456
ASN00009500,Albany,2002,708.5,316.3,761.5625,-53.0625,-6.967583093967994
ASN00009500,Albany,2003,840.8,361.4,761.5625,79.23749999999995,10.40459581452605
ASN00009500,Albany,2004,574.5,333.0,761.5625,-187.0625,-24.562987279441938
ASN00009500,Albany,2005,739.6000000000001,296.20000000000005,761.5625,-21.962499999999864,-2.8838736151005153
ASN00009500,Albany,2006,511.4,248.8,761.5625,-250.16250000000002,-32.848584324989744
ASN00009500,Albany,2007,854.3999999999999,461.19999999999993,761.5625,92.83749999999986,12.190398030365184
ASN00009500,Albany,2008,759.3,370.0,761.5625,-2.2625000000000455,-0.2970865818629522
ASN00009500,Albany,2009,805.0,433.80000000000007,761.5625,43.4375,5.703734099302421
ASN00009500,Albany,2010,594.8000000000001,316.0,761.5625,-166.76249999999993,-21.897414854329085
ASN00009500,Albany,2011,717.3,358.1,761.5625,-44.262500000000045,-5.812064013130905
ASN00009500,Albany,2012,731.4000000000001,391.1,761.5625,-30.16249999999991,-3.9606073040623597
ASN00009500,Albany,2013,752.3000000000001,256.5,761.5625,-9.262499999999932,-1.2162494870742626
ASN00009500,Albany,2014,,284.3,761.5625,,
ASN00009500,Albany,2015,468.4,177.3,761.5625,-293.1625,-38.49487074271646
ASN00009500,Albany,2016,707.3,334.8,761.5625,-54.262500000000045,-7.125153877718512
ASN00009500,Albany,2017,,,761.5625,,
ASN00009500,Albany,2018,605.1,287.20000000000005,761.5625,-156.46249999999998,-20.544932293803853
ASN00009500,Albany,2019,505.8999999999999,269.0,761.5625,-255.66250000000008,-33.57078375051294
ASN00009500,Albany,2020,,,761.5625,,
ASN00009500,Albany,2021,996.3999999999999,535.5,761.5625,234.83749999999986,30.836274107509215
ASN00009500,Albany,2022,676.8,253.30000000000007,761.5625,-84.76250000000005,-11.130077964710715
ASN00009500,Albany,2023,762.0,450.99999999999994,761.5625,0.4375,0.057447681575707836
ASN00009500,Albany,2024,533.7,278.0,761.5625,-227.86249999999995,-29.92039392695937
ASN00010614,Narrogin,1950,336.7999999999999,225.09999999999994,409.4304347826087,-72.6304347826088,-17.739383448905716
ASN00010614,Narrogin,1951,393.9,178.09999999999997,409.4304347826087,-15.530434782608722,-3.7931803459737345
ASN00010614,Narrogin,1952,363.3999999999999,244.09999999999997,409.4304347826087,-46.03043478260878,-11.242553281865604
ASN00010614,Narrogin,1953,501.49999999999994,342.69999999999993,409.4304347826087,92.06956521739124,22.487230404910306
ASN00010614,Narrogin,1954,299.90000000000003,234.10000000000002,409.4304347826087,-109.53043478260867,-26.751903492656812
ASN00010614,Narrogin,1955,,,409.4304347826087,,
ASN00010614,Narrogin,1956,368.29999999999995,287.9,409.4304347826087,-41.130434782608745,-10.045768777410837
ASN00010614,Narrogin,1957,384.8999999999999,254.99999999999997,409.4304347826087,-24.53043478260878,-5.991355966400853
ASN00010614,Narrogin,1958,507.70000000000005,372.0,409.4304347826087,98.26956521739135,24.001529165649004
ASN00010614,Narrogin,1959,352.0,176.4,409.4304347826087,-57.4304347826087,-14.026909067739915
ASN00010614,Narrogin,1960,334.90000000000003,256.79999999999995,409.4304347826087,-74.53043478260867,-18.203442746551406
ASN00010614,Narrogin,1961,351.29999999999995,181.5,409.4304347826087,-58.130434782608745,-14.197878282662035
ASN00010614,Narrogin,1962,355.7,233.2,409.4304347826087,-53.73043478260871,-13.123214646008774
ASN00010614,Narrogin,1963,,,409.4304347826087,,
ASN00010614,Narrogin,1964,633.1,405.80000000000007,409.4304347826087,223.66956521739132,54.62944281026665
ASN00010614,Narrogin,1965,440.4,233.59999999999997,409.4304347826087,30.969565217391278,7.564060359566305
ASN00010614,Narrogin,1966,404.49999999999994,240.60000000000002,409.4304347826087,-4.9304347826087564,-1.2042179485818199
ASN00010614,Narrogin,1967,467.49999999999994,346.79999999999995,409.4304347826087,58.06956521739124,14.183011394407911
ASN00010614,Narrogin,1968,484.99999999999994,292.5,409.4304347826087,75.56956521739124,18.457241767460616
ASN00010614,Narrogin,1969,278.6,179.5,409.4304347826087,-130.83043478260868,-31.954252461000962
ASN00010614,Narrogin,1970,436.8999999999999,239.49999999999997,409.4304347826087,27.46956521739122,6.70921428495575
ASN00010614,Narrogin,1971,353.4,169.0,409.4304347826087,-56.03043478260872,-13.684970637895704
ASN00010614,Narrogin,1972,287.4,159.79999999999998,409.4304347826087,-122.03043478260872,-29.80492518769447
ASN00010614,Narrogin,1973,471.30000000000007,266.5,409.4304347826087,61.86956521739137,15.111129989699387
ASN00010614,Narrogin,1974,608.4999999999999,349.0,409.4304347826087,199.0695652173912,48.62109611443253
ASN00010614,Narrogin,1975,433.09999999999997,243.8,409.4304347826087,23.669565217391266,5.781095689664317
ASN00010614,Narrogin,1976,,119.5,409.4304347826087,,
ASN00010614,Narrogin,1977,411.30000000000007,157.10000000000002,409.4304347826087,1.8695652173913686,0.45662585351868956
ASN00010614,Narrogin,1978,,302.40000000000003,409.4304347826087,,
ASN00010614,Narrogin,1979,284.5,162.20000000000002,409.4304347826087,-124.9304347826087,-30.5132262209432
ASN00010614,Narrogin,1980,404.69999999999993,186.5,409.4304347826087,-4.730434782608768,-1.1553696014612203
ASN00010614,Narrogin,1981,374.59999999999997,199.99999999999997,409.4304347826087,-34.830434782608734,-8.507045843111863
ASN00010614,Narrogin,1982,314.9,144.4,409.4304347826087,-94.53043478260872,-23.08827745861165
ASN00010614,Narrogin,1983,530.6,341.6,409.4304347826087,121.16956521739132,29.594664910957963
ASN00010614,Narrogin,1984,354.90000000000003,204.0,409.4304347826087,-54.530434782608666,-13.318608034491172
ASN00010614,Narrogin,1985,397.29999999999995,226.8,409.4304347826087,-12.130434782608745,-2.9627584449235007
ASN00010614,Narrogin,1986,276.6,186.40000000000003,409.4304347826087,-132.83043478260868,-32.442735932206986
ASN00010614,Narrogin,1987,385.8,230.60000000000002,409.4304347826087,-23.63043478260869,-5.771538404358121
ASN00010614,Narrogin,1988,484.8,279.1,409.4304347826087,75.36956521739131,18.40839342034003
ASN00010614,Narrogin,1989,393.20000000000005,224.8,409.4304347826087,-16.230434782608654,-3.964149560895826
ASN00010614,Narrogin,1990,367.3,213.5,409.4304347826087,-42.13043478260869,-10.290010513013835
ASN00010614,Narrogin,1991,418.3,230.09999999999997,409.4304347826087,8.869565217391312,2.166318002739757
ASN00010614,Narrogin,1992,424.79999999999995,211.59999999999997,409.4304347826087,15.369565217391255,3.7538892841593183
ASN00010614,Narrogin,1993,376.19999999999993,229.0,409.4304347826087,-33.23043478260877,-8.116259066147052
ASN00010614,Narrogin,1994,331.9,212.7,409.4304347826087,-77.53043478260872,-18.936167953360453
ASN00010614,Narrogin,1995,412.0,266.5,409.4304347826087,2.5695652173913004,0.6275950684407811
ASN00010614,Narrogin,1996,481.0,311.1,409.4304347826087,71.5695652173913,17.480274825048582
ASN00010614,Narrogin,1997,279.09999999999997,137.1,409.4304347826087,-130.33043478260873,-31.83213159319947
ASN00010614,Narrogin,1998,409.49999999999994,176.4,409.4304347826087,0.06956521739124355,0.016990729433238132
ASN00010614,Narrogin,1999,434.50000000000006,217.1,409.4304347826087,25.069565217391357,6.123034119508556
ASN00010614,Narrogin,2000,289.7,173.29999999999998,409.4304347826087,-119.73043478260871,-29.243169195807543
ASN00010614,Narrogin,2001,275.2,138.39999999999998,409.4304347826087,-134.2304347826087,-32.78467436205121
ASN00010614,Narrogin,2002,310.40000000000003,162.4,409.4304347826087,-99.03043478260867,-24.18736526882519
ASN00010614,Narrogin,2003,387.8,201.6,409.4304347826087,-21.63043478260869,-5.283054933152098
ASN00010614,Narrogin,2004,333.2,203.0,409.4304347826087,-76.23043478260871,-18.618653697076535
ASN00010614,Narrogin,2005,408.2,206.20000000000002,409.4304347826087,-1.230434782608711,-0.30052352685066586
ASN00010614,Narrogin,2006,231.39999999999998,83.19999999999999,409.4304347826087,-178.03043478260872,-43.48246238146312
ASN00010614,Narrogin,2007,351.0,192.0,409.4304347826087,-58.4304347826087,-14.271150803342927
ASN00010614,Narrogin,2008,400.20000000000005,220.2,409.4304347826087,-9.230434782608654,-2.254457411674745
ASN00010614,Narrogin,2009,378.0,231.0,409.4304347826087,-31.4304347826087,-7.676623942061614
ASN00010614,Narrogin,2010,182.4,126.0,409.4304347826087,-227.0304347826087,-55.45030742601068
ASN00010614,Narrogin,2011,355.40000000000003,197.20000000000002,409.4304347826087,-54.030434782608666,-13.196487166689668
ASN00010614,Narrogin,2012,251.00000000000003,114.6,409.4304347826087,-158.43043478260867,-38.695324363644076
ASN00010614,Narrogin,2013,348.59999999999997,150.6,409.4304347826087,-60.830434782608734,-14.857330968790164
ASN00010614,Narrogin,2014,393.4,226.79999999999998,409.4304347826087,-16.030434782608722,-3.9153012137752405
ASN00010614,Narrogin,2015,258.00000000000006,128.8,409.4304347826087,-151.43043478260864,-36.98563221442299
ASN00010614,Narrogin,2016,316.70000000000005,137.0,409.4304347826087,-92.73043478260865,-22.648642334526212
ASN00010614,Narrogin,2017,369.6,198.5,409.4304347826087,-39.83043478260868,-9.728254521126905
ASN00010614,Narrogin,2018,381.1,208.89999999999998,409.4304347826087,-28.330434782608677,-6.919474561692272
ASN00010614,Narrogin,2019,293.19999999999993,173.8,409.4304347826087,-116.23043478260877,-28.388323121197015
ASN00010614,Narrogin,2020,249.8,141.6,409.4304347826087,-159.6304347826087,-38.9884144463677
ASN00010614,Narrogin,2021,485.9,265.50000000000006,409.4304347826087,76.46956521739128,18.677059329503333
ASN00010614,Narrogin,2022,367.4,198.79999999999998,409.4304347826087,-42.03043478260872,-10.265586339453542
ASN00010614,Narrogin,2023,291.8,139.60000000000002,409.4304347826087,-117.63043478260869,-28.73026155104121
ASN00010614,Narrogin,2024,319.6000000000001,190.60000000000002,409.4304347826087,-89.83043478260862,-21.940341301277474
ASN00010647,Wagin,1950,277.5,192.29999999999998,344.39166666666665,-66.89166666666665,-19.423137416217
ASN00010647,Wagin,1951,279.90000000000003,137.5,344.39166666666665,-64.49166666666662,-18.726256442519404
ASN00010647,Wagin,1952,316.79999999999995,211.29999999999995,344.39166666666665,-27.591666666666697,-8.011711471919094
ASN00010647,Wagin,1953,394.09999999999997,262.49999999999994,344.39166666666665,49.708333333333314,14.433663222590553
ASN00010647,Wagin,1954,228.7,158.89999999999998,344.39166666666665,-115.69166666666666,-33.59305054806785
ASN00010647,Wagin,1955,459.70000000000005,146.2,344.39166666666665,115.3083333333334,33.481743170324506
ASN00010647,Wagin,1956,309.90000000000003,254.0,344.39166666666665,-34.49166666666662,-10.01524427129962
ASN00010647,Wagin,1957,330.7,221.29999999999998,344.39166666666665,-13.691666666666663,-3.975609165920584
ASN00010647,Wagin,1958,433.90000000000003,294.20000000000005,344.39166666666665,89.50833333333338,25.990272703075483
ASN00010647,Wagin,1959,343.7,195.6,344.39166666666665,-0.6916666666666629,-0.20083722505867727
ASN00010647,Wagin,1960,316.49999999999994,226.29999999999995,344.39166666666665,-27.89166666666671,-8.098821593631294
ASN00010647,Wagin,1961,374.9,205.3,344.39166666666665,30.508333333333326,8.858615433009895
ASN00010647,Wagin,1962,254.3,160.09999999999997,344.39166666666665,-90.09166666666664,-26.15965349529363
ASN00010647,Wagin,1963,498.09999999999997,262.4,344.39166666666665,153.70833333333331,44.63183874948581
ASN00010647,Wagin,1964,,,344.39166666666665,,
ASN00010647,Wagin,1965,369.0,213.89999999999998,344.39166666666665,24.60833333333335,7.145449706003344
ASN00010647,Wagin,1966,332.2,182.1,344.39166666666665,-12.191666666666663,-3.5400585573595946
ASN00010647,Wagin,1967,394.5999999999999,281.4,344.39166666666665,50.20833333333326,14.578846758777534
ASN00010647,Wagin,1968,404.3999999999999,258.59999999999997,344.39166666666665,60.00833333333327,17.424444068042664
ASN00010647,Wagin,1969,191.89999999999998,108.89999999999999,344.39166666666665,-152.49166666666667,-44.27855881143079
ASN00010647,Wagin,1970,273.99999999999994,159.39999999999998,344.39166666666665,-70.39166666666671,-20.439422169525987
ASN00010647,Wagin,1971,294.29999999999995,136.89999999999998,344.39166666666665,-50.0916666666667,-14.544970600333931
ASN00010647,Wagin,1972,258.59999999999997,141.2,344.39166666666665,-85.79166666666669,-24.911075084085468
ASN00010647,Wagin,1973,416.3999999999999,233.79999999999998,344.39166666666665,72.00833333333327,20.90884893653058
ASN00010647,Wagin,1974,511.29999999999995,306.2,344.39166666666665,166.9083333333333,48.4646841048225
ASN00010647,Wagin,1975,346.19999999999993,185.3,344.39166666666665,1.8083333333332803,0.5250804558762883
ASN00010647,Wagin,1976,318.40000000000003,99.79999999999998,344.39166666666665,-25.991666666666617,-7.547124156120681
ASN00010647,Wagin,1977,338.6,139.3,344.39166666666665,-5.791666666666629,-1.6817092941660305
ASN00010647,Wagin,1978,281.70000000000005,197.0,344.39166666666665,-62.691666666666606,-18.203595712246216
ASN00010647,Wagin,1979,217.8,130.89999999999998,344.39166666666665,-126.59166666666664,-36.758051636944366
ASN00010647,Wagin,1980,323.59999999999997,135.5,344.39166666666665,-20.791666666666686,-6.03721537977594
ASN00010647,Wagin,1981,311.4,193.60000000000002,344.39166666666665,-32.991666666666674,-9.579693662738649
ASN00010647,Wagin,1982,210.50000000000003,104.50000000000001,344.39166666666665,-133.89166666666662,-38.877731265274505
ASN00010647,Wagin,1983,426.7,257.59999999999997,344.39166666666665,82.30833333333334,23.899629781982725
ASN00010647,Wagin,1984,354.4,176.8,344.39166666666665,10.008333333333326,2.9060904493430426
ASN00010647,Wagin,1985,358.0,170.7,344.39166666666665,13.608333333333348,3.951411909889423
ASN00010647,Wagin,1986,222.60000000000002,127.70000000000002,344.39166666666665,-121.79166666666663,-35.364289689549196
ASN00010647,Wagin,1987,266.29999999999995,147.1,344.39166666666665,-78.0916666666667,-22.67524862680573
ASN00010647,Wagin,1988,442.7,291.6,344.39166666666665,98.30833333333334,28.54550293996661
ASN00010647,Wagin,1989,344.0,184.0,344.39166666666665,-0.3916666666666515,-0.11372710334647611
ASN00010647,Wagin,1990,328.00000000000006,179.20000000000005,344.39166666666665,-16.391666666666595,-4.759600261330345
ASN00010647,Wagin,1991,316.70000000000005,175.8,344.39166666666665,-27.691666666666606,-8.040748179156466
ASN00010647,Wagin,1992,340.1,179.3,344.39166666666665,-4.291666666666629,-1.2461586856050415
ASN00010647,Wagin,1993,337.0,206.39999999999998,344.39166666666665,-7.3916666666666515,-2.1462966099644256
ASN00010647,Wagin,1994,289.4,172.20000000000002,344.39166666666665,-54.991666666666674,-15.967769254966491
ASN00010647,Wagin,1995,358.0,210.0,344.39166666666665,13.608333333333348,3.951411909889423
ASN00010647,Wagin,1996,443.19999999999993,279.2,344.39166666666665,98.80833333333328,28.69068647615359
ASN00010647,Wagin,1997,265.0,144.8,344.39166666666665,-79.39166666666665,-23.052725820891908
ASN00010647,Wagin,1998,383.6,162.2,344.39166666666665,39.20833333333337,11.384808962663646
ASN00010647,Wagin,1999,330.3,159.00000000000003,344.39166666666665,-14.09166666666664,-4.091755994870174
ASN00010647,Wagin,2000,245.20000000000002,149.20000000000002,344.39166666666665,-99.19166666666663,-28.801993853896963
ASN00010647,Wagin,2001,263.9,129.2,344.39166666666665,-80.49166666666667,-23.372129600503307
ASN00010647,Wagin,2002,290.8,151.1,344.39166666666665,-53.59166666666664,-15.56125535364289
ASN00010647,Wagin,2003,331.0,139.2,344.39166666666665,-13.391666666666652,-3.8884990442083827
ASN00010647,Wagin,2004,287.0,165.1,344.39166666666665,-57.39166666666665,-16.664650228664065
ASN00010647,Wagin,2005,383.3,187.89999999999998,344.39166666666665,38.90833333333336,11.297698840951444
ASN00010647,Wagin,2006,236.29999999999998,95.2,344.39166666666665,-108.09166666666667,-31.386260798025504
ASN00010647,Wagin,2007,330.2,146.89999999999998,344.39166666666665,-14.191666666666663,-4.12079270210758
ASN00010647,Wagin,2008,343.30000000000007,189.10000000000002,344.39166666666665,-1.0916666666665833,-0.31698405400825125
ASN00010647,Wagin,2009,295.3,178.0,344.39166666666665,-49.09166666666664,-14.254603527959922
ASN00010647,Wagin,2010,187.70000000000002,118.80000000000003,344.39166666666665,-156.69166666666663,-45.498100515401546
ASN00010647,Wagin,2011,336.00000000000006,171.00000000000003,344.39166666666665,-8.391666666666595,-2.436663682338402
ASN00010647,Wagin,2012,223.19999999999996,123.10000000000001,344.39166666666665,-121.19166666666669,-35.19006944612482
ASN00010647,Wagin,2013,297.0,133.60000000000002,344.39166666666665,-47.39166666666665,-13.760979504924137
ASN00010647,Wagin,2014,299.00000000000006,161.3,344.39166666666665,-45.391666666666595,-13.180245360176137
ASN00010647,Wagin,2015,213.09999999999997,92.69999999999999,344.39166666666665,-131.29166666666669,-38.12277687710214
ASN00010647,Wagin,2016,278.8,123.80000000000001,344.39166666666665,-65.59166666666664,-19.045660222130802
ASN00010647,Wagin,2017,280.3,127.0,344.39166666666665,-64.09166666666664,-18.610109613569815
ASN00010647,Wagin,2018,302.9,173.3,344.39166666666665,-41.491666666666674,-12.047813777917588
ASN00010647,Wagin,2019,271.1,157.70000000000002,344.39166666666665,-73.29166666666663,-21.281486679410545
ASN00010647,Wagin,2020,207.1,111.29999999999998,344.39166666666665,-137.29166666666666,-39.86497931134609
ASN00010647,Wagin,2021,472.8,263.1,344.39166666666665,128.40833333333336,37.2855518184238
ASN00010647,Wagin,2022,358.40000000000003,171.8,344.39166666666665,14.008333333333383,4.06755873883903
ASN00010647,Wagin,2023,224.9,97.50000000000001,344.39166666666665,-119.49166666666665,-34.69644542308902
ASN00010647,Wagin,2024,264.0,172.89999999999998,344.39166666666665,-80.39166666666665,-23.3430928932659
ASN00010111,Northam,1950,293.70000000000005,204.70000000000002,381.4458333333334,-87.74583333333334,-23.003484548920227
ASN00010111,Northam,1951,321.59999999999997,168.2,381.4458333333334,-59.84583333333342,-15.689208821698163
ASN00010111,Northam,1952,312.5,214.70000000000002,381.4458333333334,-68.94583333333338,-18.074868646706076
ASN00010111,Northam,1953,465.79999999999995,294.4,381.4458333333334,84.35416666666657,22.11432378996578
ASN00010111,Northam,1954,320.5,215.0,381.4458333333334,-60.94583333333338,-15.97758528406175
ASN00010111,Northam,1955,489.90000000000003,176.0,381.4458333333334,108.45416666666665,28.43238991993183
ASN00010111,Northam,1956,366.2,297.2,381.4458333333334,-15.245833333333394,-3.996854074956049
ASN00010111,Northam,1957,355.30000000000007,229.80000000000004,381.4458333333334,-26.145833333333314,-6.85440265655892
ASN00010111,Northam,1958,398.19999999999993,308.6,381.4458333333334,16.75416666666655,4.392279375621234
ASN00010111,Northam,1959,301.5,175.7,381.4458333333334,-79.94583333333338,-20.95863327034202
ASN00010111,Northam,1960,386.4,306.3,381.4458333333334,4.954166666666595,1.2987864157208675
ASN00010111,Northam,1961,327.59999999999997,154.5,381.4458333333334,-53.84583333333342,-14.11624629971492
ASN00010111,Northam,1962,356.8,267.6,381.4458333333334,-24.64583333333337,-6.461162026063124
ASN00010111,Northam,1963,521.8,325.29999999999995,381.4458333333334,140.35416666666657,36.795307328476056
ASN00010111,Northam,1964,540.8000000000001,324.80000000000007,381.4458333333334,159.35416666666669,41.77635531475635
ASN00010111,Northam,1965,430.99999999999994,268.2,381.4458333333334,49.55416666666656,12.991141162462968
ASN00010111,Northam,1966,399.2,213.5,381.4458333333334,17.754166666666606,4.65443979595179
ASN00010111,Northam,1967,,,381.4458333333334,,
ASN00010111,Northam,1968,466.59999999999997,297.99999999999994,381.4458333333334,85.15416666666658,22.324052126230217
ASN00010111,Northam,1969,214.59999999999997,156.59999999999997,381.4458333333334,-166.84583333333342,-43.740373797066006
ASN00010111,Northam,1970,324.8,209.39999999999998,381.4458333333334,-56.64583333333337,-14.850295476640424
ASN00010111,Northam,1971,269.4,101.30000000000001,381.4458333333334,-112.0458333333334,-29.37398276295238
ASN00010111,Northam,1972,291.7,153.09999999999997,381.4458333333334,-89.7458333333334,-23.52780538958132
ASN00010111,Northam,1973,465.99999999999994,268.29999999999995,381.4458333333334,84.55416666666656,22.16675587403189
ASN00010111,Northam,1974,532.8,300.4,381.4458333333334,151.35416666666657,39.679071952112
ASN00010111,Northam,1975,409.09999999999997,219.2,381.4458333333334,27.654166666666583,7.249827957224135
ASN00010111,Northam,1976,333.50000000000006,107.9,381.4458333333334,-47.945833333333326,-12.569499819764706
ASN00010111,Northam,1977,305.4,114.19999999999999,381.4458333333334,-76.0458333333334,-19.936207631052916
ASN00010111,Northam,1978,300.2,212.4,381.4458333333334,-81.2458333333334,-21.299441816771726
ASN00010111,Northam,1979,,136.6,381.4458333333334,,
ASN00010111,Northam,1980,276.59999999999997,173.6,381.4458333333334,-104.84583333333342,-27.486427736572487
ASN00010111,Northam,1981,429.6,313.2,381.4458333333334,48.15416666666664,12.624116574000233
ASN00010111,Northam,1982,285.3,166.7,381.4458333333334,-96.14583333333337,-25.205632079696777
ASN00010111,Northam,1983,433.3999999999999,292.9,381.4458333333334,51.95416666666654,13.620326171256258
ASN00010111,Northam,1984,,,381.4458333333334,,
ASN00010111,Northam,1985,,,381.4458333333334,,
ASN00010111,Northam,1986,322.59999999999997,222.8,381.4458333333334,-58.84583333333342,-15.427048401367623
ASN00010111,Northam,1987,367.3,219.6,381.4458333333334,-14.145833333333371,-3.708477612592448
ASN00010111,Northam,1988,349.7,199.1,381.4458333333334,-31.745833333333394,-8.322501010409969
ASN00010111,Northam,1989,299.29999999999995,195.09999999999997,381.4458333333334,-82.14583333333343,-21.535386195069222
ASN00010111,Northam,1990,324.8,176.4,381.4458333333334,-56.64583333333337,-14.850295476640424
ASN00010111,Northam,1991,383.4,250.7,381.4458333333334,1.9541666666665947,0.5123051547292458
ASN00010111,Northam,1992,346.29999999999995,156.89999999999998,381.4458333333334,-35.14583333333343,-9.213846439533816
ASN00010111,Northam,1993,286.4,155.3,381.4458333333334,-95.0458333333334,-24.91725561733319
ASN00010111,Northam,1994,279.8,212.39999999999998,381.4458333333334,-101.64583333333337,-26.647514391514747
ASN00010111,Northam,1995,490.6,320.4,381.4458333333334,109.15416666666664,28.615902214163206
ASN00010111,Northam,1996,419.1,263.3,381.4458333333334,37.65416666666664,9.871432160529556
ASN00010111,Northam,1997,299.20000000000005,121.4,381.4458333333334,-82.24583333333334,-21.561602237102253
ASN00010111,Northam,1998,314.6000000000001,167.20000000000005,381.4458333333334,-66.8458333333333,-17.52433176401192
ASN00010111,Northam,1999,446.2,252.70000000000005,381.4458333333334,64.7541666666666,16.975979551487196
ASN00010111,Northam,2000,284.6,174.60000000000002,381.4458333333334,-96.84583333333336,-25.38914437392815
ASN00010111,Northam,2001,278.4,168.3,381.4458333333334,-103.0458333333334,-27.014538979977516
ASN00010111,Northam,2002,262.40000000000003,139.8,381.4458333333334,-119.04583333333335,-31.20910570526615
ASN00010111,Northam,2003,368.1000000000001,199.10000000000002,381.4458333333334,-13.345833333333303,-3.498749276327998
ASN00010111,Northam,2004,313.29999999999995,189.69999999999996,381.4458333333334,-68.14583333333343,-17.865140310441653
ASN00010111,Northam,2005,373.1000000000001,243.3,381.4458333333334,-8.345833333333303,-2.187947174675295
ASN00010111,Northam,2006,227.79999999999998,66.1,381.4458333333334,-153.6458333333334,-40.27985624870286
ASN00010111,Northam,2007,335.6,180.2,381.4458333333334,-45.84583333333336,-12.018962937070581
ASN00010111,Northam,2008,382.40000000000003,187.9,381.4458333333334,0.9541666666666515,0.25014473439872015
ASN00010111,Northam,2009,323.40000000000003,188.2,381.4458333333334,-58.04583333333335,-15.217320065103173
ASN00010111,Northam,2010,174.89999999999998,124.39999999999998,381.4458333333334,-206.5458333333334,-54.14814248418846
ASN00010111,Northam,2011,397.59999999999997,212.49999999999994,381.4458333333334,16.154166666666583,4.234983123422919
ASN00010111,Northam,2012,218.5,112.59999999999997,381.4458333333334,-162.94583333333338,-42.71794815777689
ASN00010111,Northam,2013,317.4,125.1,381.4458333333334,-64.0458333333334,-16.79028258708643
ASN00010111,Northam,2014,392.00000000000006,209.40000000000006,381.4458333333334,10.554166666666674,2.7668847695719156
ASN00010111,Northam,2015,263.5,139.1,381.4458333333334,-117.94583333333338,-30.92072924290256
ASN00010111,Northam,2016,335.09999999999997,172.0,381.4458333333334,-46.34583333333342,-12.150043147235865
ASN00010111,Northam,2017,237.50000000000003,111.19999999999999,381.4458333333334,-143.94583333333335,-37.73690017149661
ASN00010111,Northam,2018,341.5,189.9,381.4458333333334,-39.94583333333338,-10.472216457120398
ASN00010111,Northam,2019,253.7,160.9,381.4458333333334,-127.7458333333334,-33.489901362141865
ASN00010111,Northam,2020,185.8,108.5,381.4458333333334,-195.64583333333337,-51.290593902585556
ASN00010111,Northam,2021,485.70000000000005,303.6,381.4458333333334,104.25416666666666,27.33131615454356
ASN00010111,Northam,2022,379.59999999999997,142.20000000000002,381.4458333333334,-1.8458333333334167,-0.4839044425268113
ASN00010111,Northam,2023,191.00000000000006,122.4,381.4458333333334,-190.44583333333333,-49.92735971686674
ASN00010111,Northam,2024,298.29999999999995,171.89999999999998,381.4458333333334,-83.14583333333343,-21.797546615399764
