station,station_name,water_year,total_ML,baseline_ML,anom_pct
614006,Murray River - Baden Powell,1964,1098049.9016088955,232161.16440022946,372.9688121808069
614006,Murray River - Baden Powell,1965,341779.78550620977,232161.16440022946,47.216605494364906
614006,Murray River - Baden Powell,1966,273628.54034284153,232161.16440022946,17.86146104570927
614006,Murray River - Baden Powell,1967,586126.6249522824,232161.16440022946,152.46540542923947
614006,Murray River - Baden Powell,1968,393386.98979616887,232161.16440022946,69.44564816103242
614006,Murray River - Baden Powell,1969,98035.30344866356,232161.16440022946,-57.772737872878
614006,Murray River - Baden Powell,1970,316613.16839246685,232161.16440022946,36.376456075421856
614006,Murray River - Baden Powell,1971,155507.90399999134,232161.16440022946,-33.01726221018314
614006,Murray River - Baden Powell,1972,138399.14879999644,232161.16440022946,-40.386606365651204
614006,Murray River - Baden Powell,1973,359902.2239999746,232161.16440022946,55.02257878907282
614006,Murray River - Baden Powell,1974,724090.3200002229,232161.16440022946,211.89123377755905
614006,Murray River - Baden Powell,1975,221702.48639993323,232161.16440022946,-4.504921409795404
614006,Murray River - Baden Powell,1976,79702.53120000612,232161.16440022946,-65.66930933263042
614006,Murray River - Baden Powell,1977,78565.1672648295,232161.16440022946,-66.15921208536467
614006,Murray River - Baden Powell,1978,246874.86720006392,232161.16440022946,6.337710632114635
614006,Murray River - Baden Powell,1979,45016.2144000033,232161.16440022946,-80.6099290911556
614006,Murray River - Baden Powell,1980,93552.39101063648,232161.16440022946,-59.70368633689365
614006,Murray River - Baden Powell,1981,389684.82239999995,232161.16440022946,67.85099411726365
614006,Murray River - Baden Powell,1982,88749.21600000825,232161.16440022946,-61.77258318406309
614006,Murray River - Baden Powell,1983,630918.4607999992,232161.16440022946,171.75882858355257
614006,Murray River - Baden Powell,1984,175530.67199998838,232161.16440022946,-24.392749987510452
614006,Murray River - Baden Powell,1985,212157.10080001416,232161.16440022946,-8.616455578130077
614006,Murray River - Baden Powell,1986,136970.0064000017,232161.16440022946,-41.002188391907325
614006,Murray River - Baden Powell,1987,95692.66560002306,232161.16440022946,-58.781794600644034
614006,Murray River - Baden Powell,1988,362848.37760004075,232161.16440022946,56.291591032217504
614006,Murray River - Baden Powell,1989,167962.7231999987,232161.16440022946,-27.652532397518982
614006,Murray River - Baden Powell,1990,208918.95653042063,232161.16440022946,-10.011238498847685
614006,Murray River - Baden Powell,1991,325530.74880006316,232161.16440022946,40.21757240968653
614006,Murray River - Baden Powell,1992,397443.19679997925,232161.16440022946,71.19279954799642
614006,Murray River - Baden Powell,1993,184354.35839996376,232161.16440022946,-20.592077113229045
614006,Murray River - Baden Powell,1994,242690.3424000077,232161.16440022946,4.535288245551139
614006,Murray River - Baden Powell,1995,288711.12959996215,232161.16440022946,24.358064082692366
614006,Murray River - Baden Powell,1996,531597.9455998539,232161.16440022946,128.97798043578752
614006,Murray River - Baden Powell,1997,112681.49759998955,232161.16440022946,-51.46410559617344
614006,Murray River - Baden Powell,1998,208439.91359997983,232161.16440022946,-10.21757918105367
614006,Murray River - Baden Powell,1999,277733.31839997007,232161.16440022946,19.62953369805529
614006,Murray River - Baden Powell,2000,279938.8512000335,232161.16440022946,20.579534446785708
614006,Murray River - Baden Powell,2001,67553.48159998706,232161.16440022946,-70.90233339649794
614006,Murray River - Baden Powell,2002,149532.0479999998,232161.16440022946,-35.59127411067895
614006,Murray River - Baden Powell,2003,229414.0319999645,232161.16440022946,-1.1832867944826075
614006,Murray River - Baden Powell,2004,193411.84320002398,232161.16440022946,-16.690699023805887
614006,Murray River - Baden Powell,2005,278353.92959999177,232161.16440022946,19.89685282596585
614006,Murray River - Baden Powell,2006,62366.544000013404,232161.16440022946,-73.13653032317762
614006,Murray River - Baden Powell,2007,188404.27199998283,232161.16440022946,-18.847636517196666
614006,Murray River - Baden Powell,2008,190537.83359993345,232161.16440022946,-17.92863630221131
614006,Murray River - Baden Powell,2009,269404.79039999295,232161.16440022946,16.042143006983768
614006,Murray River - Baden Powell,2010,39712.29119998752,232161.16440022946,-82.89451584093267
614006,Murray River - Baden Powell,2011,165704.31360000276,232161.16440022946,-28.625309048527935
614006,Murray River - Baden Powell,2012,76459.42080002313,232161.16440022946,-67.06623134082301
614006,Murray River - Baden Powell,2013,131529.48479998112,232161.16440022946,-43.34561288931443
614006,Murray River - Baden Powell,2014,115616.07359999514,232161.16440022946,-50.20008023362548
614006,Murray River - Baden Powell,2015,30481.660800001468,232161.16440022946,-86.8704738457233
614006,Murray River - Baden Powell,2016,131959.67303987796,232161.16440022946,-43.160315645045266
614006,Murray River - Baden Powell,2017,313086.28344883636,232161.16440022946,34.85730236479074
614006,Murray River - Baden Powell,2018,259012.4704481533,232161.16440022946,11.565804348583498
614006,Murray River - Baden Powell,2019,86570.51106428592,232161.16440022946,-62.711028225614655
614006,Murray River - Baden Powell,2020,63718.96320000803,232161.16440022946,-72.55399568458355
614006,Murray River - Baden Powell,2021,398759.58719989465,232161.16440022946,71.75981531194479
614006,Murray River - Baden Powell,2022,206057.69280000613,232161.16440022946,-11.24368568173736
614044,Yarragil Brook - Yarragil Formation,1953,2778.7319427522643,1690.9752912554081,64.32717598666315
614044,Yarragil Brook - Yarragil Formation,1954,1957.0993454404047,1690.9752912554081,15.737903182927159
614044,Yarragil Brook - Yarragil Formation,1955,14734.128546858252,1690.9752912554081,771.3390800594958
614044,Yarragil Brook - Yarragil Formation,1956,8143.667370647489,1690.9752912554081,381.59588213743183
614044,Yarragil Brook - Yarragil Formation,1957,8092.120075374995,1690.9752912554081,378.54750552666394
614044,Yarragil Brook - Yarragil Formation,1958,4613.137655148264,1690.9752912554081,172.8092881666765
614044,Yarragil Brook - Yarragil Formation,1959,2195.5103999999997,1690.9752912554081,29.83692969103151
614044,Yarragil Brook - Yarragil Formation,1960,3742.211639147536,1690.9752912554081,121.30492731027762
614044,Yarragil Brook - Yarragil Formation,1961,3898.3680000000004,1690.9752912554081,130.53961936402908
614044,Yarragil Brook - Yarragil Formation,1962,2737.7567999999997,1690.9752912554081,61.904009724911106
614044,Yarragil Brook - Yarragil Formation,1963,8262.6048,1690.9752912554081,388.6295407584403
614044,Yarragil Brook - Yarragil Formation,1964,14571.48031921729,1690.9752912554081,761.7204754304352
614044,Yarragil Brook - Yarragil Formation,1965,4765.460194490628,1690.9752912554081,181.81725771715276
614044,Yarragil Brook - Yarragil Formation,1966,4292.914731665153,1690.9752912554081,153.8721147414296
614044,Yarragil Brook - Yarragil Formation,1967,7235.827200000001,1690.9752912554081,327.9085115802019
614044,Yarragil Brook - Yarragil Formation,1968,6705.504,1690.9752912554081,296.54653942469633
614044,Yarragil Brook - Yarragil Formation,1969,1600.3872,1690.9752912554081,-5.357150499115459
614044,Yarragil Brook - Yarragil Formation,1970,5046.4511999999995,1690.9752912554081,198.43435478311636
614044,Yarragil Brook - Yarragil Formation,1971,3794.32363635488,1690.9752912554081,124.3866989645905
614044,Yarragil Brook - Yarragil Formation,1972,1732.9248000000002,1690.9752912554081,2.4807878010711937
614044,Yarragil Brook - Yarragil Formation,1973,5260.291200000001,1690.9752912554081,211.08031129743316
614044,Yarragil Brook - Yarragil Formation,1974,8861.184000000001,1690.9752912554081,424.0280000437683
614044,Yarragil Brook - Yarragil Formation,1975,1952.8031180830394,1690.9752912554081,15.483835167883854
614044,Yarragil Brook - Yarragil Formation,1976,684.7891359974241,1690.9752912554081,-59.50330323933798
614044,Yarragil Brook - Yarragil Formation,1977,1009.6783135728048,1690.9752912554081,-40.2901793542351
614044,Yarragil Brook - Yarragil Formation,1978,1656.8064,1690.9752912554081,-2.020661770287646
614044,Yarragil Brook - Yarragil Formation,1979,357.6096,1690.9752912554081,-78.85187312615876
614044,Yarragil Brook - Yarragil Formation,1980,1229.4765137319341,1690.9752912554081,-27.291869958717708
614044,Yarragil Brook - Yarragil Formation,1981,2928.5280000000002,1690.9752912554081,73.18573577889553
614044,Yarragil Brook - Yarragil Formation,1982,837.4752,1690.9752912554081,-50.47383576029403
614044,Yarragil Brook - Yarragil Formation,1983,3820.7808,1690.9752912554081,125.95130867721838
614044,Yarragil Brook - Yarragil Formation,1984,1707.6960000000001,1690.9752912554081,0.9888204062507677
614044,Yarragil Brook - Yarragil Formation,1985,1873.9296000000002,1690.9752912554081,10.819454884450952
614044,Yarragil Brook - Yarragil Formation,1986,466.90560000000005,1690.9752912554081,-72.38838424106353
614044,Yarragil Brook - Yarragil Formation,1987,635.3856000000001,1690.9752912554081,-62.424903350995784
614044,Yarragil Brook - Yarragil Formation,1988,3707.6831999999995,1690.9752912554081,119.26300278742418
614044,Yarragil Brook - Yarragil Formation,1989,967.6800000000001,1690.9752912554081,-42.77385334935448
614044,Yarragil Brook - Yarragil Formation,1990,1574.4672,1690.9752912554081,-6.889993712972031
614044,Yarragil Brook - Yarragil Formation,1991,2867.0976,1690.9752912554081,69.55289736205543
614044,Yarragil Brook - Yarragil Formation,1992,3475.1808,1690.9752912554081,105.5133991591307
614044,Yarragil Brook - Yarragil Formation,1993,950.9184000000001,1690.9752912554081,-43.76509196098173
614044,Yarragil Brook - Yarragil Formation,1994,1095.4656,1690.9752912554081,-35.21693630504157
614044,Yarragil Brook - Yarragil Formation,1995,1601.5968,1690.9752912554081,-5.285617815802146
614044,Yarragil Brook - Yarragil Formation,1996,2710.4544,1690.9752912554081,60.289414872982185
614044,Yarragil Brook - Yarragil Formation,1997,561.7728000000001,1690.9752912554081,-66.77817807834847
614044,Yarragil Brook - Yarragil Formation,1998,1327.3632000000002,1690.9752912554081,-21.503099018404715
614044,Yarragil Brook - Yarragil Formation,1999,2272.8384,1690.9752912554081,34.40991194570366
614044,Yarragil Brook - Yarragil Formation,2000,2400.7968,1690.9752912554081,41.97704794477561
614044,Yarragil Brook - Yarragil Formation,2001,13.6512,1690.9752912554081,-99.19270257403554
614044,Yarragil Brook - Yarragil Formation,2002,938.3904,1690.9752912554081,-44.50596618101241
614044,Yarragil Brook - Yarragil Formation,2003,1327.0176000000001,1690.9752912554081,-21.523536927922805
614044,Yarragil Brook - Yarragil Formation,2004,959.0400000000001,1690.9752912554081,-43.28480108730667
614044,Yarragil Brook - Yarragil Formation,2005,1073.6064000000001,1690.9752912554081,-36.50963408206061
614044,Yarragil Brook - Yarragil Formation,2006,196.47360000000003,1690.9752912554081,-88.38104843896714
614044,Yarragil Brook - Yarragil Formation,2007,1032.7392000000002,1690.9752912554081,-38.926416882574465
614044,Yarragil Brook - Yarragil Formation,2008,589.0752,1690.9752912554081,-65.16358322641955
614044,Yarragil Brook - Yarragil Formation,2009,1614.9887999999996,1690.9752912554081,-4.4936488219762705
614044,Yarragil Brook - Yarragil Formation,2010,0.0,1690.9752912554081,-100.0
614044,Yarragil Brook - Yarragil Formation,2011,32.4,1690.9752912554081,-98.08394598267928
614044,Yarragil Brook - Yarragil Formation,2012,202.2624,1690.9752912554081,-88.03871345453919
614044,Yarragil Brook - Yarragil Formation,2013,661.9104,1690.9752912554081,-60.856293795482564
614044,Yarragil Brook - Yarragil Formation,2014,478.7424,1690.9752912554081,-71.68838584006903
614044,Yarragil Brook - Yarragil Formation,2015,0.0,1690.9752912554081,-100.0
614044,Yarragil Brook - Yarragil Formation,2016,125.02079999999998,1690.9752912554081,-92.60658623183178
614044,Yarragil Brook - Yarragil Formation,2017,1050.9696000000001,1690.9752912554081,-37.84831715549535
614044,Yarragil Brook - Yarragil Formation,2018,724.2912,1690.9752912554081,-57.167251127467736
614044,Yarragil Brook - Yarragil Formation,2019,71.62559999999999,1690.9752912554081,-95.76424325237632
614044,Yarragil Brook - Yarragil Formation,2020,98.23679999999999,1690.9752912554081,-94.19052421948358
614044,Yarragil Brook - Yarragil Formation,2021,755.0496,1690.9752912554081,-55.34827718035793
614044,Yarragil Brook - Yarragil Formation,2022,298.16639999999995,1690.9752912554081,-82.36719356326985
614196,Williams River - Saddleback Rd Bridge,1967,166340.88312502322,60360.51669050992,175.57895830798262
614196,Williams River - Saddleback Rd Bridge,1968,100398.65653710633,60360.51669050992,66.33167183091948
614196,Williams River - Saddleback Rd Bridge,1969,24530.08258352729,60360.51669050992,-59.360714704776555
614196,Williams River - Saddleback Rd Bridge,1970,91977.22580064026,60360.51669050992,52.379785402170384
614196,Williams River - Saddleback Rd Bridge,1971,41980.92162138865,60360.51669050992,-30.44969804244729
614196,Williams River - Saddleback Rd Bridge,1972,40531.68889376526,60360.51669050992,-32.850659477310614
614196,Williams River - Saddleback Rd Bridge,1973,88421.42627015221,60360.51669050992,46.48884919842662
614196,Williams River - Saddleback Rd Bridge,1974,194494.86471460483,60360.51669050992,222.22200103397057
614196,Williams River - Saddleback Rd Bridge,1975,55479.41772628929,60360.51669050992,-8.086575847665078
614196,Williams River - Saddleback Rd Bridge,1976,21145.976424725373,60360.51669050992,-64.96720441750293
614196,Williams River - Saddleback Rd Bridge,1977,19743.139188630874,60360.51669050992,-67.29130187890695
614196,Williams River - Saddleback Rd Bridge,1978,67938.11915630617,60360.51669050992,12.55390589952925
614196,Williams River - Saddleback Rd Bridge,1979,12351.30925876594,60360.51669050992,-79.53743616527416
614196,Williams River - Saddleback Rd Bridge,1980,19882.73084267789,60360.51669050992,-67.06003869280343
614196,Williams River - Saddleback Rd Bridge,1981,114962.75773091073,60360.51669050992,90.46019489920232
614196,Williams River - Saddleback Rd Bridge,1982,18788.27331849723,60360.51669050992,-68.87323974572406
614196,Williams River - Saddleback Rd Bridge,1983,163122.91948056727,60360.51669050992,170.24771891360234
614196,Williams River - Saddleback Rd Bridge,1984,42026.453137270924,60360.51669050992,-30.374265427919266
614196,Williams River - Saddleback Rd Bridge,1985,66268.39984703294,60360.51669050992,9.787661670980818
614196,Williams River - Saddleback Rd Bridge,1986,30765.56752553952,60360.51669050992,-49.030311182911746
614196,Williams River - Saddleback Rd Bridge,1987,20306.278506542192,60360.51669050992,-66.35834214166889
614196,Williams River - Saddleback Rd Bridge,1988,104477.89503312837,60360.51669050992,73.08979571666711
614196,Williams River - Saddleback Rd Bridge,1989,40595.36389796587,60360.51669050992,-32.74516832565747
614196,Williams River - Saddleback Rd Bridge,1990,49383.911264538634,60360.51669050992,-18.185075323745636
614196,Williams River - Saddleback Rd Bridge,1991,82970.94958872846,60360.51669050992,37.458978381762975
614196,Williams River - Saddleback Rd Bridge,1992,108318.78510935785,60360.51669050992,79.45304488486609
614196,Williams River - Saddleback Rd Bridge,1993,39289.63752307597,60360.51669050992,-34.90838104562942
614196,Williams River - Saddleback Rd Bridge,1994,58368.897834921125,60360.51669050992,-3.299539110641714
614196,Williams River - Saddleback Rd Bridge,1995,67779.23403731274,60360.51669050992,12.290678996074945
614196,Williams River - Saddleback Rd Bridge,1996,143885.11963988678,60360.51669050992,138.37622261856626
614196,Williams River - Saddleback Rd Bridge,1997,28215.7162384247,60360.51669050992,-53.25468073261065
614196,Williams River - Saddleback Rd Bridge,1998,69463.98652261251,60360.51669050992,15.081828869655567
614196,Williams River - Saddleback Rd Bridge,1999,63482.078429038535,60360.51669050992,5.171529187753632
614196,Williams River - Saddleback Rd Bridge,2000,78003.26249128953,60360.51669050992,29.228950923731013
614196,Williams River - Saddleback Rd Bridge,2001,23908.538512798397,60360.51669050992,-60.390434304288554
614196,Williams River - Saddleback Rd Bridge,2002,45015.80882913833,60360.51669050992,-25.42176360094699
614196,Williams River - Saddleback Rd Bridge,2003,59380.18131392687,60360.51669050992,-1.6241335070234397
614196,Williams River - Saddleback Rd Bridge,2004,77946.49929219381,60360.51669050992,29.13491064341538
614196,Williams River - Saddleback Rd Bridge,2005,83712.93186276472,60360.51669050992,38.68822941326204
614196,Williams River - Saddleback Rd Bridge,2006,18886.334552898486,60360.51669050992,-68.7107805094918
614196,Williams River - Saddleback Rd Bridge,2007,55001.29361073181,60360.51669050992,-8.878689868174538
614196,Williams River - Saddleback Rd Bridge,2008,56029.07902433894,60360.51669050992,-7.175945309381326
614196,Williams River - Saddleback Rd Bridge,2009,70421.44431964283,60360.51669050992,16.668060813195005
614196,Williams River - Saddleback Rd Bridge,2010,14179.395301660561,60360.51669050992,-76.50882384860384
614196,Williams River - Saddleback Rd Bridge,2011,54120.12486213776,60360.51669050992,-10.338532820003666
614196,Williams River - Saddleback Rd Bridge,2012,31467.288535053573,60360.51669050992,-47.86776147659955
614196,Williams River - Saddleback Rd Bridge,2013,51678.1841316452,60360.51669050992,-14.384125641902902
614196,Williams River - Saddleback Rd Bridge,2014,44960.6871837173,60360.51669050992,-25.51308429938246
614196,Williams River - Saddleback Rd Bridge,2015,16211.897979444038,60360.51669050992,-73.14155201392944
614196,Williams River - Saddleback Rd Bridge,2016,53845.636563269734,60360.51669050992,-10.793280913489056
614196,Williams River - Saddleback Rd Bridge,2017,93968.35789197488,60360.51669050992,55.678518084569184
614196,Williams River - Saddleback Rd Bridge,2018,83518.51111011681,60360.51669050992,38.36613019458775
614196,Williams River - Saddleback Rd Bridge,2019,35649.54637124163,60360.51669050992,-40.93896420067165
614196,Williams River - Saddleback Rd Bridge,2020,27032.68663555051,60360.51669050992,-55.21462022242649
614196,Williams River - Saddleback Rd Bridge,2021,139475.1744000047,60360.51669050992,131.07021285974753
614196,Williams River - Saddleback Rd Bridge,2022,77596.01280001005,60360.51669050992,28.55425542142511
614224,Hotham River - Marradong Rd Bridge,1967,281036.2336051857,104389.3889595081,169.21915762357577
614224,Hotham River - Marradong Rd Bridge,1968,157310.43105905948,104389.3889595081,50.69580598855605
614224,Hotham River - Marradong Rd Bridge,1969,19310.10299232081,104389.3889595081,-81.50185264537657
614224,Hotham River - Marradong Rd Bridge,1970,106166.42715928658,104389.3889595081,1.702316890146549
614224,Hotham River - Marradong Rd Bridge,1971,38435.136718930364,104389.3889595081,-63.18099272155039
614224,Hotham River - Marradong Rd Bridge,1972,46281.14046276729,104389.3889595081,-55.664899541926225
614224,Hotham River - Marradong Rd Bridge,1973,140133.8950356745,104389.3889595081,34.241512889812434
614224,Hotham River - Marradong Rd Bridge,1974,324717.7643260681,104389.3889595081,211.0639573261836
614224,Hotham River - Marradong Rd Bridge,1975,88249.95967393358,104389.3889595081,-15.460794862813964
614224,Hotham River - Marradong Rd Bridge,1976,30890.75613410464,104389.3889595081,-70.40814546190424
614224,Hotham River - Marradong Rd Bridge,1977,23599.787386970525,104389.3889595081,-77.39254188361548
614224,Hotham River - Marradong Rd Bridge,1978,123878.73093081637,104389.3889595081,18.669849651929702
614224,Hotham River - Marradong Rd Bridge,1979,16729.24209779049,104389.3889595081,-83.9741929093199
614224,Hotham River - Marradong Rd Bridge,1980,35103.63073546838,104389.3889595081,-66.37241477763143
614224,Hotham River - Marradong Rd Bridge,1981,179395.9682355821,104389.3889595081,71.8526854345019
614224,Hotham River - Marradong Rd Bridge,1982,33760.193754816864,104389.3889595081,-67.65936261212123
614224,Hotham River - Marradong Rd Bridge,1983,333496.1128162431,104389.3889595081,219.47319180650044
614224,Hotham River - Marradong Rd Bridge,1984,72512.24647123773,104389.3889595081,-30.536765092700456
614224,Hotham River - Marradong Rd Bridge,1985,76317.48484682027,104389.3889595081,-26.891530252731645
614224,Hotham River - Marradong Rd Bridge,1986,69431.38751851,104389.3889595081,-33.48807938185945
614224,Hotham River - Marradong Rd Bridge,1987,43993.262705535104,104389.3889595081,-57.856576090698475
614224,Hotham River - Marradong Rd Bridge,1988,130624.68710648686,104389.3889595081,25.132150315732993
614224,Hotham River - Marradong Rd Bridge,1989,68765.32824243729,104389.3889595081,-34.12613204478966
614224,Hotham River - Marradong Rd Bridge,1990,66756.9551885007,104389.3889595081,-36.05005656811034
614224,Hotham River - Marradong Rd Bridge,1991,142215.62187415824,104389.3889595081,36.23570680093038
614224,Hotham River - Marradong Rd Bridge,1992,170847.09872299962,104389.3889595081,63.663280747116936
614224,Hotham River - Marradong Rd Bridge,1993,85170.48312468291,104389.3889595081,-18.41078487611424
614224,Hotham River - Marradong Rd Bridge,1994,117406.31784355726,104389.3889595081,12.469590074043202
614224,Hotham River - Marradong Rd Bridge,1995,148019.0380780239,104389.3889595081,41.79509962975205
614224,Hotham River - Marradong Rd Bridge,1996,276558.9743383929,104389.3889595081,164.9301591808993
614224,Hotham River - Marradong Rd Bridge,1997,45977.7892994158,104389.3889595081,-55.95549532601416
614224,Hotham River - Marradong Rd Bridge,1998,89375.75450688662,104389.3889595081,-14.382337709099113
614224,Hotham River - Marradong Rd Bridge,1999,140657.91235433117,104389.3889595081,34.74349620811687
614224,Hotham River - Marradong Rd Bridge,2000,123712.32411209222,104389.3889595081,18.510439945270065
614224,Hotham River - Marradong Rd Bridge,2001,32164.468139299748,104389.3889595081,-69.18799079111754
614224,Hotham River - Marradong Rd Bridge,2002,60543.48355280632,104389.3889595081,-42.002262723952995
614224,Hotham River - Marradong Rd Bridge,2003,112964.7418667081,104389.3889595081,8.214774502153954
614224,Hotham River - Marradong Rd Bridge,2004,64799.03986157649,104389.3889595081,-37.925645022492105
614224,Hotham River - Marradong Rd Bridge,2005,126163.32547985505,104389.3889595081,20.858381045599295
614224,Hotham River - Marradong Rd Bridge,2006,22215.74230412969,104389.3889595081,-78.71839032150383
614224,Hotham River - Marradong Rd Bridge,2007,74443.98253229957,104389.3889595081,-28.686255112408155
614224,Hotham River - Marradong Rd Bridge,2008,87808.97296418536,104389.3889595081,-15.883238862289117
614224,Hotham River - Marradong Rd Bridge,2009,137550.1829339733,104389.3889595081,31.76644130691102
614224,Hotham River - Marradong Rd Bridge,2010,16027.75873256541,104389.3889595081,-84.64618014118038
614224,Hotham River - Marradong Rd Bridge,2011,88295.14698766265,104389.3889595081,-15.417507595612323
614224,Hotham River - Marradong Rd Bridge,2012,28105.299524732844,104389.3889595081,-73.07647855316532
614224,Hotham River - Marradong Rd Bridge,2013,46899.938819929004,104389.3889595081,-55.07212055995351
614224,Hotham River - Marradong Rd Bridge,2014,47886.62930286508,104389.3889595081,-54.12691866465473
614224,Hotham River - Marradong Rd Bridge,2015,11288.534006688373,104389.3889595081,-89.18612885925876
614224,Hotham River - Marradong Rd Bridge,2016,71071.43568667368,104389.3889595081,-31.916992335071736
614224,Hotham River - Marradong Rd Bridge,2017,181024.97468350604,104389.3889595081,73.41319504583394
614224,Hotham River - Marradong Rd Bridge,2018,136164.27105579994,104389.3889595081,30.438804569128287
614224,Hotham River - Marradong Rd Bridge,2019,40088.82119509647,104389.3889595081,-61.59684274936542
614224,Hotham River - Marradong Rd Bridge,2020,23270.716799994076,104389.3889595081,-77.7077756351073
614224,Hotham River - Marradong Rd Bridge,2021,248869.75679999965,104389.3889595081,138.40522420965073
614224,Hotham River - Marradong Rd Bridge,2022,121106.27520001018,104389.3889595081,16.013970775311705
616002,Darkin River - Pine Plantation,1969,977.961600000135,3506.836050679745,-72.11270826845262
616002,Darkin River - Pine Plantation,1970,8814.070500304328,3506.836050679745,151.33967978331518
616002,Darkin River - Pine Plantation,1971,3236.9759999999264,3506.836050679745,-7.695257114386922
616002,Darkin River - Pine Plantation,1972,1357.6895999998703,3506.836050679745,-61.284486061539624
616002,Darkin River - Pine Plantation,1973,10539.763199998275,3506.836050679745,200.54907180377901
616002,Darkin River - Pine Plantation,1974,27613.871999995994,3506.836050679745,687.4297971427401
616002,Darkin River - Pine Plantation,1975,4883.500799999428,3506.836050679745,39.25660422741571
616002,Darkin River - Pine Plantation,1976,754.0128000002882,3506.836050679745,-78.49877242324645
616002,Darkin River - Pine Plantation,1977,951.1776000001296,3506.836050679745,-72.87647365733683
616002,Darkin River - Pine Plantation,1978,7157.980799996935,3506.836050679745,104.11506829951387
616002,Darkin River - Pine Plantation,1979,49.93920000000727,3506.836050679745,-98.5759471136289
616002,Darkin River - Pine Plantation,1980,722.3904000000387,3506.836050679745,-79.40050833400053
616002,Darkin River - Pine Plantation,1981,6109.084800000871,3506.836050679745,74.20503016719933
616002,Darkin River - Pine Plantation,1982,462.6719999999604,3506.836050679745,-86.80656884685902
616002,Darkin River - Pine Plantation,1983,11918.620799996255,3506.836050679745,239.8682067753358
616002,Darkin River - Pine Plantation,1984,2657.5348669969053,3506.836050679745,-24.21844567037047
616002,Darkin River - Pine Plantation,1985,964.5696000002698,3506.836050679745,-72.4945909628908
616002,Darkin River - Pine Plantation,1986,3421.0944000004815,3506.836050679745,-2.44498600562304
616002,Darkin River - Pine Plantation,1987,1175.9040000001671,3506.836050679745,-66.46823566866674
616002,Darkin River - Pine Plantation,1988,6161.4432000008765,3506.836050679745,75.69806831450182
616002,Darkin River - Pine Plantation,1989,498.70079999999695,3506.836050679745,-85.77918121084298
616002,Darkin River - Pine Plantation,1990,2383.430399999693,3506.836050679745,-32.034735426604776
616002,Darkin River - Pine Plantation,1991,5011.200000000108,3506.836050679745,42.898040500888726
616002,Darkin River - Pine Plantation,1992,5647.449599999451,3506.836050679745,61.04116412584448
616002,Darkin River - Pine Plantation,1993,770.342399999987,3506.836050679745,-78.03312191196767
616002,Darkin River - Pine Plantation,1994,962.4960000002771,3506.836050679745,-72.55372118654613
616002,Darkin River - Pine Plantation,1995,3681.417600001449,3506.836050679745,4.978320822493654
616002,Darkin River - Pine Plantation,1996,14536.627200001754,3506.836050679745,314.52257789992944
616002,Darkin River - Pine Plantation,1997,911.6063999996845,3506.836050679745,-74.00487542544272
616002,Darkin River - Pine Plantation,1998,1615.507199999472,3506.836050679745,-53.9326282537123
616002,Darkin River - Pine Plantation,1999,4262.19839999914,3506.836050679745,21.539710964616667
616002,Darkin River - Pine Plantation,2000,3209.5008000008525,3506.836050679745,-8.47873257779641
616002,Darkin River - Pine Plantation,2001,13.392000000005634,3506.836050679745,-99.61811730555782
616002,Darkin River - Pine Plantation,2002,255.05279999990677,3506.836050679745,-92.72698249037138
616002,Darkin River - Pine Plantation,2003,3328.300799999472,3506.836050679745,-5.091063514237193
616002,Darkin River - Pine Plantation,2004,506.90880000012766,3506.836050679745,-85.54512407553608
616002,Darkin River - Pine Plantation,2005,4695.408000001297,3506.836050679745,33.89300019004784
616002,Darkin River - Pine Plantation,2006,0.0,3506.836050679745,-100.0
616002,Darkin River - Pine Plantation,2007,2439.9359999999115,3506.836050679745,-30.423436831985107
616002,Darkin River - Pine Plantation,2008,1988.4960000001581,3506.836050679745,-43.29657927365268
616002,Darkin River - Pine Plantation,2009,4166.1216000004615,3506.836050679745,18.800010601947715
616002,Darkin River - Pine Plantation,2010,0.0,3506.836050679745,-100.0
616002,Darkin River - Pine Plantation,2011,1170.2015999994603,3506.836050679745,-66.6308437837396
616002,Darkin River - Pine Plantation,2012,2.6784000000022816,3506.836050679745,-99.92362346111153
616002,Darkin River - Pine Plantation,2013,633.6575999997353,3506.836050679745,-81.93078915460245
616002,Darkin River - Pine Plantation,2014,108.86400000004078,3506.836050679745,-96.89566325808305
616002,Darkin River - Pine Plantation,2015,5.011200000003628,3506.836050679745,-99.857101959499
616002,Darkin River - Pine Plantation,2016,225.41760000003296,3506.836050679745,-93.5720519367782
616002,Darkin River - Pine Plantation,2017,822.0960000000831,3506.836050679745,-76.55733007989545
616002,Darkin River - Pine Plantation,2018,3383.942400001318,3506.836050679745,-3.504402512760918
616002,Darkin River - Pine Plantation,2019,499.0463999997791,3506.836050679745,-85.76932617357326
616002,Darkin River - Pine Plantation,2020,3.8880000000033115,3506.836050679745,-99.88913083064577
616002,Darkin River - Pine Plantation,2021,5451.840000000779,3506.836050679745,55.46321302770985
616002,Darkin River - Pine Plantation,2022,2809.468799999245,3506.836050679745,-19.885938224723276
616006,Brockman River - Tanamerah,1981,40603.65273198702,25124.245261414937,61.61143273961305
616006,Brockman River - Tanamerah,1982,11837.774691928356,25124.245261414937,-52.88306347610586
616006,Brockman River - Tanamerah,1983,34849.57853589919,25124.245261414937,38.70895691907661
616006,Brockman River - Tanamerah,1984,17281.57679302797,25124.245261414937,-31.215538563586243
616006,Brockman River - Tanamerah,1985,3846.0433763370606,25124.245261414937,-84.69190482611751
616006,Brockman River - Tanamerah,1986,22943.459308424466,25124.245261414937,-8.680005828233405
616006,Brockman River - Tanamerah,1987,22417.353269329327,25124.245261414937,-10.774023115602894
616006,Brockman River - Tanamerah,1988,26532.973069047715,25124.245261414937,5.607045278276512
616006,Brockman River - Tanamerah,1989,11176.189219533922,25124.245261414937,-55.5163185868991
616006,Brockman River - Tanamerah,1990,11993.213148873254,25124.245261414937,-52.26438436623578
616006,Brockman River - Tanamerah,1991,29112.871282471275,25124.245261414937,15.875605334827503
616006,Brockman River - Tanamerah,1992,29942.942019477225,25124.245261414937,19.179468708111603
616006,Brockman River - Tanamerah,1993,24466.566100552784,25124.245261414937,-2.617707135156
616006,Brockman River - Tanamerah,1994,13365.892840646353,25124.245261414937,-46.80081848598536
616006,Brockman River - Tanamerah,1995,56342.68212543682,25124.245261414937,124.25621760652933
616006,Brockman River - Tanamerah,1996,32693.485565004725,25124.245261414937,30.12723456896993
616006,Brockman River - Tanamerah,1997,12642.875048695152,25124.245261414937,-49.67858768632664
616006,Brockman River - Tanamerah,1998,20227.3040374115,25124.245261414937,-19.49089882323356
616006,Brockman River - Tanamerah,1999,55084.22680279965,25124.245261414937,119.24728973807763
616006,Brockman River - Tanamerah,2000,17709.702170551638,25124.245261414937,-29.51150577347027
616006,Brockman River - Tanamerah,2001,9421.782400030535,25124.245261414937,-62.499242058824244
616006,Brockman River - Tanamerah,2002,8715.699537242572,25124.245261414937,-65.30960653123427
616006,Brockman River - Tanamerah,2003,26540.49010392953,25124.245261414937,5.6369647238303955
616006,Brockman River - Tanamerah,2004,12100.78451012869,25124.245261414937,-51.83622678324705
616006,Brockman River - Tanamerah,2005,28217.3937017122,25124.245261414937,12.31140839501208
616006,Brockman River - Tanamerah,2006,5572.196513005133,25124.245261414937,-77.8214372012888
616006,Brockman River - Tanamerah,2007,6922.584308227009,25124.245261414937,-72.44659795270147
616006,Brockman River - Tanamerah,2008,9727.907165433799,25124.245261414937,-61.28079843109306
616006,Brockman River - Tanamerah,2009,20997.58410616177,25124.245261414937,-16.42501540768976
616006,Brockman River - Tanamerah,2010,3724.2155696153504,25124.245261414937,-85.17680618515976
616006,Brockman River - Tanamerah,2011,10886.912980595249,25124.245261414937,-56.6677013883675
616006,Brockman River - Tanamerah,2012,4670.584340557885,25124.245261414937,-81.41005115990158
616006,Brockman River - Tanamerah,2013,13520.985686793363,25124.245261414937,-46.18351498280234
616006,Brockman River - Tanamerah,2014,17216.34275467665,25124.245261414937,-31.475184326762662
616006,Brockman River - Tanamerah,2015,6317.419798807044,25124.245261414937,-74.85528527096037
616006,Brockman River - Tanamerah,2016,28426.57479849141,25124.245261414937,13.143994984590002
616006,Brockman River - Tanamerah,2017,22839.534036542653,25124.245261414937,-9.093651176782114
616006,Brockman River - Tanamerah,2018,39940.023630836746,25124.245261414937,58.970043538682674
616006,Brockman River - Tanamerah,2019,11401.795243196211,25124.245261414937,-54.618357190188924
616006,Brockman River - Tanamerah,2020,6089.731199998456,25124.245261414937,-75.76153577297352
616006,Brockman River - Tanamerah,2021,38820.81599999914,25124.245261414937,54.51535198798185
616006,Brockman River - Tanamerah,2022,31922.3808000146,25124.245261414937,27.058068681728862
616013,Helena River - Ngangaguringuring,1972,759.9788981509433,1837.3622757971807,-58.63750398264765
616013,Helena River - Ngangaguringuring,1973,2813.529599999813,1837.3622757971807,53.12873443965209
616013,Helena River - Ngangaguringuring,1974,8100.60479999677,1837.3622757971807,340.88228580191907
616013,Helena River - Ngangaguringuring,1975,2572.387199999498,1837.3622757971807,40.004354823460744
616013,Helena River - Ngangaguringuring,1976,676.5984000000989,1837.3622757971807,-63.17555830373509
616013,Helena River - Ngangaguringuring,1977,563.0688000000033,1837.3622757971807,-69.35450306033395
616013,Helena River - Ngangaguringuring,1978,1806.3114419198687,1837.3622757971807,-1.6899679658351485
616013,Helena River - Ngangaguringuring,1979,551.8367999999994,1837.3622757971807,-69.96581418541574
616013,Helena River - Ngangaguringuring,1980,562.5504000001113,1837.3622757971807,-69.38271741994724
616013,Helena River - Ngangaguringuring,1981,5750.006399999738,1837.3622757971807,212.94897450231852
616013,Helena River - Ngangaguringuring,1982,1016.0171940462106,1837.3622757971807,-44.7024026001955
616013,Helena River - Ngangaguringuring,1983,4256.438658966367,1837.3622757971807,131.66028360518158
616013,Helena River - Ngangaguringuring,1984,1038.2687999997827,1837.3622757971807,-43.491340076125894
616013,Helena River - Ngangaguringuring,1985,844.5600000000368,1837.3622757971807,-54.034105787134145
616013,Helena River - Ngangaguringuring,1986,2208.9887999997477,1837.3622757971807,20.226088730450755
616013,Helena River - Ngangaguringuring,1987,862.099200000044,1837.3622757971807,-53.07951995335254
616013,Helena River - Ngangaguringuring,1988,1948.2335999998108,1837.3622757971807,6.034265842022157
616013,Helena River - Ngangaguringuring,1989,879.9839999999579,1837.3622757971807,-52.10612454649657
616013,Helena River - Ngangaguringuring,1990,1510.4448000003747,1837.3622757971807,-17.792760856318633
616013,Helena River - Ngangaguringuring,1991,1893.369599999975,1837.3622757971807,3.0482461156711382
616013,Helena River - Ngangaguringuring,1992,1829.9519999993522,1837.3622757971807,-0.4033105444386731
616013,Helena River - Ngangaguringuring,1993,780.0191999999861,1837.3622757971807,-57.54679355972097
616013,Helena River - Ngangaguringuring,1994,793.3247999999364,1837.3622757971807,-56.8226249961655
616013,Helena River - Ngangaguringuring,1995,2635.8047999997934,1837.3622757971807,43.455911483552725
616013,Helena River - Ngangaguringuring,1996,5868.374399998062,1837.3622757971807,219.39125328193302
616013,Helena River - Ngangaguringuring,1997,1165.9680000001651,1837.3622757971807,-36.54120282325466
616013,Helena River - Ngangaguringuring,1998,1307.3183999998573,1837.3622757971807,-28.84808743378341
616013,Helena River - Ngangaguringuring,1999,2612.1312000007447,1837.3622757971807,42.16745572766336
616013,Helena River - Ngangaguringuring,2000,1641.4272000003746,1837.3622757971807,-10.663932659213614
616013,Helena River - Ngangaguringuring,2001,809.0496000000662,1837.3622757971807,-55.96678942104425
616013,Helena River - Ngangaguringuring,2002,762.825599999911,1837.3622757971807,-58.48256982042683
616013,Helena River - Ngangaguringuring,2003,1765.9295999999556,1837.3622757971807,-3.8877839573707607
616013,Helena River - Ngangaguringuring,2004,1037.7504000001911,1837.3622757971807,-43.51955443572282
616013,Helena River - Ngangaguringuring,2005,1751.1551999999301,1837.3622757971807,-4.691893206517895
616013,Helena River - Ngangaguringuring,2006,855.1007999999453,1837.3622757971807,-53.46041380821642
616013,Helena River - Ngangaguringuring,2007,1191.1104000000255,1837.3622757971807,-35.17280638173354
616013,Helena River - Ngangaguringuring,2008,1199.577600000076,1837.3622757971807,-34.71197184128467
616013,Helena River - Ngangaguringuring,2009,1681.171200000576,1837.3622757971807,-8.500831755067884
616013,Helena River - Ngangaguringuring,2010,386.89919999999233,1837.3622757971807,-78.94268293757541
616013,Helena River - Ngangaguringuring,2011,601.3440000000217,1837.3622757971807,-67.27134284178578
616013,Helena River - Ngangaguringuring,2012,338.2560000000057,1837.3622757971807,-81.59013034850486
616013,Helena River - Ngangaguringuring,2013,587.1744000000356,1837.3622757971807,-68.04253533804176
616013,Helena River - Ngangaguringuring,2014,454.72320000004925,1837.3622757971807,-75.25130422073364
616013,Helena River - Ngangaguringuring,2015,298.7627926347616,1837.3622757971807,-83.73958165081316
616013,Helena River - Ngangaguringuring,2016,540.3690220773406,1837.3622757971807,-70.58995772388495
616019,Brockman River - Yalliawirra,1975,41890.76452974497,45813.822759582574,-8.563044936076725
616019,Brockman River - Yalliawirra,1976,14787.176360726029,45813.822759582574,-67.72333005624793
616019,Brockman River - Yalliawirra,1977,8617.306533292533,45813.822759582574,-81.19059704204643
616019,Brockman River - Yalliawirra,1978,31319.10284812564,45813.822759582574,-31.638311405535724
616019,Brockman River - Yalliawirra,1979,13314.411645507727,45813.822759582574,-70.93800332843249
616019,Brockman River - Yalliawirra,1980,18629.445494274772,45813.822759582574,-59.3366273056134
616019,Brockman River - Yalliawirra,1981,101393.84833146955,45813.822759582574,121.31715326082819
616019,Brockman River - Yalliawirra,1982,29139.936378140246,45813.822759582574,-36.39488123255281
616019,Brockman River - Yalliawirra,1983,76255.79294809318,45813.822759582574,66.44712961033852
616019,Brockman River - Yalliawirra,1984,38297.58495818563,45813.822759582574,-16.406048106572424
616019,Brockman River - Yalliawirra,1985,12623.90738621179,45813.822759582574,-72.44519966723071
616019,Brockman River - Yalliawirra,1986,44762.42244593363,45813.822759582574,-2.294941243315096
616019,Brockman River - Yalliawirra,1987,44160.4776042741,45813.822759582574,-3.608834748378764
616019,Brockman River - Yalliawirra,1988,53961.88835099167,45813.822759582574,17.78516853781824
616019,Brockman River - Yalliawirra,1989,24904.204231971016,45813.822759582574,-45.64041432940243
616019,Brockman River - Yalliawirra,1990,26780.886291071147,45813.822759582574,-41.544091547196714
616019,Brockman River - Yalliawirra,1991,76278.25680036616,45813.822759582574,66.49616252424939
616019,Brockman River - Yalliawirra,1992,71457.42770174966,45813.822759582574,55.973510607785705
616019,Brockman River - Yalliawirra,1993,48417.72320897723,45813.822759582574,5.6836567929708925
616019,Brockman River - Yalliawirra,1994,33595.72787721903,45813.822759582574,-26.66901416736276
616019,Brockman River - Yalliawirra,1995,97412.07622605706,45813.822759582574,112.62595076871649
616019,Brockman River - Yalliawirra,1996,74255.2141037252,45813.822759582574,62.08037144901586
616019,Brockman River - Yalliawirra,1997,27119.658463325104,45813.822759582574,-40.80463748759611
616019,Brockman River - Yalliawirra,1998,41104.87529766637,45813.822759582574,-10.278442570984247
616019,Brockman River - Yalliawirra,1999,94865.45297246498,45813.822759582574,107.06731562282172
616019,Brockman River - Yalliawirra,2000,44247.13623441564,45813.822759582574,-3.419680853502327
616019,Brockman River - Yalliawirra,2001,18551.772405044714,45813.822759582574,-59.506168034920506
616019,Brockman River - Yalliawirra,2002,20131.240418593112,45813.822759582574,-56.05858842158638
616019,Brockman River - Yalliawirra,2003,54073.6892157934,45813.822759582574,18.029201578650557
616019,Brockman River - Yalliawirra,2004,26450.754061986376,45813.822759582574,-42.26468679378246
616019,Brockman River - Yalliawirra,2005,59432.26837821761,45813.822759582574,29.725626019248864
616019,Brockman River - Yalliawirra,2006,13712.885825172893,45813.822759582574,-70.06823487065449
616019,Brockman River - Yalliawirra,2007,18752.910282381905,45813.822759582574,-59.06713486715211
616019,Brockman River - Yalliawirra,2008,22754.06797109095,45813.822759582574,-50.3336185445655
616019,Brockman River - Yalliawirra,2009,41496.17832450237,45813.822759582574,-9.424326928005833
616019,Brockman River - Yalliawirra,2010,5729.578322757126,45813.822759582574,-87.4937781271293
616019,Brockman River - Yalliawirra,2011,20062.46647084864,45813.822759582574,-56.20870457344162
616019,Brockman River - Yalliawirra,2012,5912.399520540172,45813.822759582574,-87.09472564302983
616019,Brockman River - Yalliawirra,2013,32522.128537121378,45813.822759582574,-29.012410276723877
616019,Brockman River - Yalliawirra,2014,27934.837102770998,45813.822759582574,-39.02530847651639
616019,Brockman River - Yalliawirra,2015,9232.03849086241,45813.822759582574,-79.84879249367725
616019,Brockman River - Yalliawirra,2016,46741.66100765786,45813.822759582574,2.025236472722014
616019,Brockman River - Yalliawirra,2017,43528.704308374494,45813.822759582574,-4.987836232745102
616019,Brockman River - Yalliawirra,2018,84947.18570591908,45813.822759582574,85.41824407820506
616019,Brockman River - Yalliawirra,2019,21938.404216088857,45813.822759582574,-52.114006440337604
616019,Brockman River - Yalliawirra,2020,7707.743999997411,45813.822759582574,-83.17594224685118
616019,Brockman River - Yalliawirra,2021,80174.18880002633,45813.822759582574,74.99999775342219
616019,Brockman River - Yalliawirra,2022,59559.40800001438,45813.822759582574,30.003139691190107
616041,Wungong Brook - Vardi Rd,1981,17143.664364230903,12346.298459114727,38.85671418849017
616041,Wungong Brook - Vardi Rd,1982,7246.406902277196,12346.298459114727,-41.30704902142153
616041,Wungong Brook - Vardi Rd,1983,17903.629571119473,12346.298459114727,45.012123515465596
616041,Wungong Brook - Vardi Rd,1984,14489.790184881704,12346.298459114727,17.36141186660307
616041,Wungong Brook - Vardi Rd,1985,8501.38184379176,12346.298459114727,-31.14226201525555
616041,Wungong Brook - Vardi Rd,1986,8970.820394920222,12346.298459114727,-27.340000530300955
616041,Wungong Brook - Vardi Rd,1987,7963.523098978764,12346.298459114727,-35.49869926318161
616041,Wungong Brook - Vardi Rd,1988,20320.88391397705,12346.298459114727,64.5909013237489
616041,Wungong Brook - Vardi Rd,1989,10618.002002263805,12346.298459114727,-13.998498923173175
616041,Wungong Brook - Vardi Rd,1990,12478.046434410164,12346.298459114727,1.0671050576958496
616041,Wungong Brook - Vardi Rd,1991,18762.510335806932,12346.298459114727,51.96870866146443
616041,Wungong Brook - Vardi Rd,1992,17194.893120362703,12346.298459114727,39.27164629386124
616041,Wungong Brook - Vardi Rd,1993,8675.024002013053,12346.298459114727,-29.735831101598986
616041,Wungong Brook - Vardi Rd,1994,8474.687601559632,12346.298459114727,-31.358474528832215
616041,Wungong Brook - Vardi Rd,1995,11650.870481700553,12346.298459114727,-5.632683996074716
616041,Wungong Brook - Vardi Rd,1996,18008.419589987694,12346.298459114727,45.860880081777644
616041,Wungong Brook - Vardi Rd,1997,8987.493497674444,12346.298459114727,-27.204955173917934
616041,Wungong Brook - Vardi Rd,1998,7179.714491259898,12346.298459114727,-41.84723044695691
616041,Wungong Brook - Vardi Rd,1999,10009.908891963885,12346.298459114727,-18.923805988393127
616041,Wungong Brook - Vardi Rd,2000,14802.778015348875,12346.298459114727,19.896486095560384
616041,Wungong Brook - Vardi Rd,2001,3376.0873349259764,12346.298459114727,-72.65506462438091
616041,Wungong Brook - Vardi Rd,2002,6774.981401082078,12346.298459114727,-45.12540399442224
616041,Wungong Brook - Vardi Rd,2003,10037.812582065319,12346.298459114727,-18.697797438593067
616041,Wungong Brook - Vardi Rd,2004,5872.733291410012,12346.298459114727,-52.43324701036664
616041,Wungong Brook - Vardi Rd,2005,6643.583529116719,12346.298459114727,-46.189673357425974
616041,Wungong Brook - Vardi Rd,2006,1807.001504213488,12346.298459114727,-85.36402217881378
616041,Wungong Brook - Vardi Rd,2007,6338.197942397856,12346.298459114727,-48.66317250156346
616041,Wungong Brook - Vardi Rd,2008,3893.126298577562,12346.298459114727,-68.46725914273165
616041,Wungong Brook - Vardi Rd,2009,7831.17494654694,12346.298459114727,-36.570665511771026
616041,Wungong Brook - Vardi Rd,2010,207.59308766185035,12346.298459114727,-98.31858035548628
616041,Wungong Brook - Vardi Rd,2011,3509.5585460946795,12346.298459114727,-71.57400205643233
616041,Wungong Brook - Vardi Rd,2012,1043.839899383803,12346.298459114727,-91.54532103010047
616041,Wungong Brook - Vardi Rd,2013,3016.7949289386324,12346.298459114727,-75.56518709693539
616041,Wungong Brook - Vardi Rd,2014,1610.7253930323202,12346.298459114727,-86.95377891303775
616041,Wungong Brook - Vardi Rd,2015,61.16350647717492,12346.298459114727,-99.50460045430037
616041,Wungong Brook - Vardi Rd,2016,785.7091686578445,12346.298459114727,-93.63607504500435
616041,Wungong Brook - Vardi Rd,2017,1834.333589784257,12346.298459114727,-85.14264339341278
616041,Wungong Brook - Vardi Rd,2018,3455.5513763285276,12346.298459114727,-72.01143818309814
616041,Wungong Brook - Vardi Rd,2019,886.3267698591274,12346.298459114727,-92.82111336612967
616041,Wungong Brook - Vardi Rd,2020,601.7759999998987,12346.298459114727,-95.12585896094522
616041,Wungong Brook - Vardi Rd,2021,3309.8976000007306,12346.298459114727,-73.19117457785755
616041,Wungong Brook - Vardi Rd,2022,1647.90719999993,12346.298459114727,-86.65262138723568
616178,Jane Brook - National Park,1963,27876.03642595311,10048.794682091237,177.40676676012924
616178,Jane Brook - National Park,1964,32062.375873457993,10048.794682091237,219.0668820271443
616178,Jane Brook - National Park,1965,26454.73175030623,10048.794682091237,163.26273535524942
616178,Jane Brook - National Park,1966,12479.101689105872,10048.794682091237,24.18505983952364
616178,Jane Brook - National Park,1967,22372.717401559497,10048.794682091237,122.64080528415721
616178,Jane Brook - National Park,1968,17580.1508304427,10048.794682091237,74.94785580377811
616178,Jane Brook - National Park,1969,6292.535618114453,10048.794682091237,-37.38019516580544
616178,Jane Brook - National Park,1970,14701.16170383965,10048.794682091237,46.29776176081866
616178,Jane Brook - National Park,1971,10785.534429309077,10048.794682091237,7.331623050581815
616178,Jane Brook - National Park,1972,7569.730523939942,10048.794682091237,-24.670263813524162
616178,Jane Brook - National Park,1973,19551.399268143654,10048.794682091237,94.56462079962458
616178,Jane Brook - National Park,1974,22919.96993288628,10048.794682091237,128.08675724794932
616178,Jane Brook - National Park,1975,12832.765336598042,10048.794682091237,27.704523204841113
616178,Jane Brook - National Park,1976,5989.913537330979,10048.794682091237,-40.391721327473384
616178,Jane Brook - National Park,1977,5720.455520196299,10048.794682091237,-43.0732172248361
616178,Jane Brook - National Park,1978,11113.631439692508,10048.794682091237,10.596661503085558
616178,Jane Brook - National Park,1979,5020.352234381042,10048.794682091237,-50.04025464538336
616178,Jane Brook - National Park,1980,10577.263549572916,10048.794682091237,5.259027417721107
616178,Jane Brook - National Park,1981,19985.839314564473,10048.794682091237,98.88792583435743
616178,Jane Brook - National Park,1982,8504.07774785551,10048.794682091237,-15.372161369648552
616178,Jane Brook - National Park,1983,13459.168861688904,10048.794682091237,33.93814171241423
616178,Jane Brook - National Park,1984,9117.958384333526,10048.794682091237,-9.263163664958041
616178,Jane Brook - National Park,1985,7013.50854345137,10048.794682091237,-30.205474732698967
616178,Jane Brook - National Park,1986,11372.51015912009,10048.794682091237,13.172878130229403
616178,Jane Brook - National Park,1987,8479.377429620416,10048.794682091237,-15.617965160217729
616178,Jane Brook - National Park,1988,12984.767294981437,10048.794682091237,29.21716191617123
616178,Jane Brook - National Park,1989,7934.329498164107,10048.794682091237,-21.041978175705868
616178,Jane Brook - National Park,1990,9047.484749083642,10048.794682091237,-9.964477976568764
616178,Jane Brook - National Park,1991,16546.36318237659,10048.794682091237,64.66017772126634
616178,Jane Brook - National Park,1992,13945.834222766569,10048.794682091237,38.78116395014577
616178,Jane Brook - National Park,1993,8012.489596084213,10048.794682091237,-20.264172474695762
616178,Jane Brook - National Park,1994,5878.071187269099,10048.794682091237,-41.50471401565322
616178,Jane Brook - National Park,1995,11341.15975520011,10048.794682091237,12.86089639598369
616178,Jane Brook - National Park,1996,16868.935520192535,10048.794682091237,67.87023771374312
616178,Jane Brook - National Park,1997,7070.509277844205,10048.794682091237,-29.63823521595952
616178,Jane Brook - National Park,1998,4134.625997550167,10048.794682091237,-58.85450814395864
616178,Jane Brook - National Park,1999,8268.474712362166,10048.794682091237,-17.716751372201113
616178,Jane Brook - National Park,2000,9351.31593635046,10048.794682091237,-6.94091946155303
616178,Jane Brook - National Park,2001,4405.638580170526,10048.794682091237,-56.15754207793528
616178,Jane Brook - National Park,2002,4715.774394124651,10048.794682091237,-53.07124343450851
616178,Jane Brook - National Park,2003,7860.142178704361,10048.794682091237,-21.780249001280218
616178,Jane Brook - National Park,2004,5553.080636473918,10048.794682091237,-44.73883871495047
616178,Jane Brook - National Park,2005,9357.447833536788,10048.794682091237,-6.879898240796523
616178,Jane Brook - National Park,2006,3388.7800244800565,10048.794682091237,-66.27675127526018
616178,Jane Brook - National Park,2007,6530.815960831572,10048.794682091237,-35.008962095019584
616178,Jane Brook - National Park,2008,6550.766217869967,10048.794682091237,-34.810428264151795
616178,Jane Brook - National Park,2009,8318.82536107609,10048.794682091237,-17.21568979907874
616178,Jane Brook - National Park,2010,538.8296695225383,10048.794682091237,-94.63786765906532
616178,Jane Brook - National Park,2011,4611.2730477348105,10048.794682091237,-54.111182548560464
616178,Jane Brook - National Park,2012,2503.1958873924304,10048.794682091237,-75.08959067644622
616178,Jane Brook - National Park,2013,4903.013170134887,10048.794682091237,-51.20794756735412
616178,Jane Brook - National Park,2014,3770.1667564258755,10048.794682091237,-62.48140323590259
616178,Jane Brook - National Park,2015,923.0664381885643,10048.794682091237,-90.81415764386513
616178,Jane Brook - National Park,2016,3252.841909423742,10048.794682091237,-67.62953157734538
616178,Jane Brook - National Park,2017,4133.284455069,10048.794682091237,-58.86785842649112
616178,Jane Brook - National Park,2018,5796.702588915001,10048.794682091237,-42.314448923453774
616178,Jane Brook - National Park,2019,2563.6554338745,10048.794682091237,-74.48793099093372
616178,Jane Brook - National Park,2020,1837.814400000339,10048.794682091237,-81.71109612503422
616178,Jane Brook - National Park,2021,4932.921599999118,10048.794682091237,-50.910315554655796
616178,Jane Brook - National Park,2022,4176.31680000038,10048.794682091237,-58.439624530857124
616216,Helena River - Poison Lease Gs,1967,19521.614314798913,5329.328043091814,266.30536076877405
616216,Helena River - Poison Lease Gs,1968,10589.540670281911,5329.328043091814,98.70311199943286
616216,Helena River - Poison Lease Gs,1969,1412.6011783488086,5329.328043091814,-73.4938219804295
616216,Helena River - Poison Lease Gs,1970,7810.477467614701,5329.328043091814,46.55651527661349
616216,Helena River - Poison Lease Gs,1971,3418.6175437376605,5329.328043091814,-35.852746986197026
616216,Helena River - Poison Lease Gs,1972,2743.551606588064,5329.328043091814,-48.519746121757024
616216,Helena River - Poison Lease Gs,1973,12410.914016638231,5329.328043091814,132.87952845623724
616216,Helena River - Poison Lease Gs,1974,28561.345985382508,5329.328043091814,435.9277146094505
616216,Helena River - Poison Lease Gs,1975,8584.042722353646,5329.328043091814,61.07176463796
616216,Helena River - Poison Lease Gs,1976,1321.2733023005746,5329.328043091814,-75.20750661965187
616216,Helena River - Poison Lease Gs,1977,1020.1591603627176,5329.328043091814,-80.85763998549297
616216,Helena River - Poison Lease Gs,1978,7265.275104452293,5329.328043091814,36.326288149403126
616216,Helena River - Poison Lease Gs,1979,594.5384248712593,5329.328043091814,-88.84402648769323
616216,Helena River - Poison Lease Gs,1980,1577.1987222204425,5329.328043091814,-70.40529857671457
616216,Helena River - Poison Lease Gs,1981,18045.16138583184,5329.328043091814,238.6010626465945
616216,Helena River - Poison Lease Gs,1982,1879.263296170283,5329.328043091814,-64.73733121746383
616216,Helena River - Poison Lease Gs,1983,13238.567493144898,5329.328043091814,148.4096941697087
616216,Helena River - Poison Lease Gs,1984,2325.793535922201,5329.328043091814,-56.358596860310925
616216,Helena River - Poison Lease Gs,1985,2036.3437868563822,5329.328043091814,-61.78985848889504
616216,Helena River - Poison Lease Gs,1986,5696.371061605145,5329.328043091814,6.887228850344718
616216,Helena River - Poison Lease Gs,1987,1997.5488801915747,5329.328043091814,-62.51780967431881
616216,Helena River - Poison Lease Gs,1988,7423.306027149905,5329.328043091814,39.29159487137272
616216,Helena River - Poison Lease Gs,1989,1111.227827679993,5329.328043091814,-79.1488191626629
616216,Helena River - Poison Lease Gs,1990,3365.3933510721736,5329.328043091814,-36.85145061703242
616216,Helena River - Poison Lease Gs,1991,6981.441544544735,5329.328043091814,31.000409209083823
616216,Helena River - Poison Lease Gs,1992,6021.1596009305995,5329.328043091814,12.981590779264906
616216,Helena River - Poison Lease Gs,1993,1064.7430620095042,5329.328043091814,-80.0210635674851
616216,Helena River - Poison Lease Gs,1994,1310.9913559904103,5329.328043091814,-75.40043800287742
616216,Helena River - Poison Lease Gs,1995,7411.900843004655,5329.328043091814,39.077586950429776
616216,Helena River - Poison Lease Gs,1996,21200.07724773056,5329.328043091814,297.8001931258733
616216,Helena River - Poison Lease Gs,1997,2057.512499847933,5329.328043091814,-61.39264681754765
616216,Helena River - Poison Lease Gs,1998,2289.504313652131,5329.328043091814,-57.03953115402758
616216,Helena River - Poison Lease Gs,1999,7414.406527399478,5329.328043091814,39.1246038421385
616216,Helena River - Poison Lease Gs,2000,3836.634823133381,5329.328043091814,-28.009032431271496
616216,Helena River - Poison Lease Gs,2001,740.6457459666663,5329.328043091814,-86.10245531935806
616216,Helena River - Poison Lease Gs,2002,991.3005883661355,5329.328043091814,-81.39914487622661
616216,Helena River - Poison Lease Gs,2003,4721.573429082449,5329.328043091814,-11.403963296970831
616216,Helena River - Poison Lease Gs,2004,2137.2623859336113,5329.328043091814,-59.89621264346721
616216,Helena River - Poison Lease Gs,2005,4721.055011621386,5329.328043091814,-11.413690929739385
616216,Helena River - Poison Lease Gs,2006,1103.1923570344795,5329.328043091814,-79.29959747055726
616216,Helena River - Poison Lease Gs,2007,3065.834461517099,5329.328043091814,-42.472401084575516
616216,Helena River - Poison Lease Gs,2008,2486.7621575665694,5329.328043091814,-53.338166885972505
616216,Helena River - Poison Lease Gs,2009,5199.122313583521,5329.328043091814,-2.443192245916881
616216,Helena River - Poison Lease Gs,2010,0.0,5329.328043091814,-100.0
616216,Helena River - Poison Lease Gs,2011,1219.0586595711923,5329.328043091814,-77.1254715469916
616216,Helena River - Poison Lease Gs,2012,75.77535221797142,5329.328043091814,-98.57814434380342
616216,Helena River - Poison Lease Gs,2013,1503.410636935079,5329.328043091814,-71.7898649739926
616216,Helena River - Poison Lease Gs,2014,564.5566150425315,5329.328043091814,-89.40660791608911
616216,Helena River - Poison Lease Gs,2015,0.0,5329.328043091814,-100.0
616216,Helena River - Poison Lease Gs,2016,907.4897655024024,5329.328043091814,-82.9717788403222
616216,Helena River - Poison Lease Gs,2017,2059.848340985192,5329.328043091814,-61.348816880295296
616216,Helena River - Poison Lease Gs,2018,4408.196413958972,5329.328043091814,-17.28419833954239
616216,Helena River - Poison Lease Gs,2019,1545.6638830491095,5329.328043091814,-70.99702119007875
616216,Helena River - Poison Lease Gs,2020,285.3791999999785,5329.328043091814,-94.6451185272803
616216,Helena River - Poison Lease Gs,2021,7304.169599998836,5329.328043091814,37.056108029734204
616216,Helena River - Poison Lease Gs,2022,5731.776000000936,5329.328043091814,7.5515703603721285
617003,Gingin Brook - Bookine Bookine,1973,34156.169274091786,38143.46594181361,-10.45341992204979
617003,Gingin Brook - Bookine Bookine,1974,71534.14592079859,38143.46594181361,87.53971133593677
617003,Gingin Brook - Bookine Bookine,1975,38116.5990985274,38143.46594181361,-0.07043629262006856
617003,Gingin Brook - Bookine Bookine,1976,19968.725808019713,38143.46594181361,-47.648370920248205
617003,Gingin Brook - Bookine Bookine,1977,14573.480459369666,38143.46594181361,-61.79298315050617
617003,Gingin Brook - Bookine Bookine,1978,39980.218970534894,38143.46594181361,4.815380520278834
617003,Gingin Brook - Bookine Bookine,1979,21927.038650805192,38143.46594181361,-42.51429934486277
617003,Gingin Brook - Bookine Bookine,1980,20144.201559526216,38143.46594181361,-47.18832947625834
617003,Gingin Brook - Bookine Bookine,1981,47982.03419753745,38143.46594181361,25.793587480309732
617003,Gingin Brook - Bookine Bookine,1982,30739.360044683624,38143.46594181361,-19.411203765343878
617003,Gingin Brook - Bookine Bookine,1983,40328.83770875746,38143.46594181361,5.7293476431259815
617003,Gingin Brook - Bookine Bookine,1984,35551.42181526574,38143.46594181361,-6.795512842230778
617003,Gingin Brook - Bookine Bookine,1985,17695.23052233825,38143.46594181361,-53.60875031825465
617003,Gingin Brook - Bookine Bookine,1986,58813.75231224154,38143.46594181361,54.19089707778433
617003,Gingin Brook - Bookine Bookine,1987,46403.01163005565,38143.46594181361,21.653894013831
617003,Gingin Brook - Bookine Bookine,1988,42536.065194640425,38143.46594181361,11.515994009373864
617003,Gingin Brook - Bookine Bookine,1989,25904.143423566646,38143.46594181361,-32.08759932020225
617003,Gingin Brook - Bookine Bookine,1990,28407.80483530419,38143.46594181361,-25.523797762271517
617003,Gingin Brook - Bookine Bookine,1991,58525.5262625045,38143.46594181361,53.435260318983445
617003,Gingin Brook - Bookine Bookine,1992,54941.449157685034,38143.46594181361,44.03895346452287
617003,Gingin Brook - Bookine Bookine,1993,46335.447849788754,38143.46594181361,21.476763334699832
617003,Gingin Brook - Bookine Bookine,1994,30938.681836280586,38143.46594181361,-18.888645611082232
617003,Gingin Brook - Bookine Bookine,1995,64273.54510648399,38143.46594181361,68.50473211986245
617003,Gingin Brook - Bookine Bookine,1996,44635.121513159516,38143.46594181361,17.01905008120834
617003,Gingin Brook - Bookine Bookine,1997,19582.52363704469,38143.46594181361,-48.66086981472245
617003,Gingin Brook - Bookine Bookine,1998,31351.494805605544,38143.46594181361,-17.806381692132945
617003,Gingin Brook - Bookine Bookine,1999,73930.93214561346,38143.46594181361,93.82332024675539
617003,Gingin Brook - Bookine Bookine,2000,27272.007578114826,38143.46594181361,-28.50149585326822
617003,Gingin Brook - Bookine Bookine,2001,21598.29161265366,38143.46594181361,-43.376169209161475
617003,Gingin Brook - Bookine Bookine,2002,18093.87410552755,38143.46594181361,-52.563634009743474
617003,Gingin Brook - Bookine Bookine,2003,34357.651033083945,38143.46594181361,-9.925199022303788
617003,Gingin Brook - Bookine Bookine,2004,20259.371021252162,38143.46594181361,-46.886391886471316
617003,Gingin Brook - Bookine Bookine,2005,26073.139272885386,38143.46594181361,-31.644546112671147
617003,Gingin Brook - Bookine Bookine,2006,11004.256310553534,38143.46594181361,-71.15035029239318
617003,Gingin Brook - Bookine Bookine,2007,12201.137445787874,38143.46594181361,-68.01250975881364
617003,Gingin Brook - Bookine Bookine,2008,15568.181026319904,38143.46594181361,-59.185195571717145
617003,Gingin Brook - Bookine Bookine,2009,17398.882995169737,38143.46594181361,-54.38567900014366
617003,Gingin Brook - Bookine Bookine,2010,6059.918136440455,38143.46594181361,-84.11282774962132
617003,Gingin Brook - Bookine Bookine,2011,13450.289792081045,38143.46594181361,-64.73763078426342
617003,Gingin Brook - Bookine Bookine,2012,4737.845290751613,38143.46594181361,-87.57888101207422
617003,Gingin Brook - Bookine Bookine,2013,13990.800034048983,38143.46594181361,-63.32058535165259
617003,Gingin Brook - Bookine Bookine,2014,14138.714601546862,38143.46594181361,-62.932800540163484
617003,Gingin Brook - Bookine Bookine,2015,8083.375595992337,38143.46594181361,-78.80796777009405
617003,Gingin Brook - Bookine Bookine,2016,22932.027278796522,38143.46594181361,-39.87953975189761
617003,Gingin Brook - Bookine Bookine,2017,22713.894586220005,38143.46594181361,-40.45141408788289
617003,Gingin Brook - Bookine Bookine,2018,24780.977618646106,38143.46594181361,-35.03218177276146
617003,Gingin Brook - Bookine Bookine,2019,10197.09166236182,38143.46594181361,-73.26647851582997
617003,Gingin Brook - Bookine Bookine,2020,6953.585916007959,38143.46594181361,-81.76991591006599
617003,Gingin Brook - Bookine Bookine,2021,31835.14012631349,38143.46594181361,-16.538417943254625
617003,Gingin Brook - Bookine Bookine,2022,23926.924800002773,38143.46594181361,-37.27123582187739
